case_number,case_type,reason,detail
03-06241,appeal,true_duplicate_deleted,byte-identical full_text; discarded source_url: https://doha.ogc.osd.mil/Industrial-Security-Program/Industrial-Security-Clearance-Decisions/ISCR-Hearing-Decisions/Archived-ISCR-Hearing-Decisions/2016-and-Prior-ISCR-Hearing-Decisions-1/FileId/126828/
03-07214,appeal,true_duplicate_deleted,byte-identical full_text; discarded source_url: https://doha.ogc.osd.mil/Industrial-Security-Program/Industrial-Security-Clearance-Decisions/ISCR-Hearing-Decisions/Archived-ISCR-Hearing-Decisions/2016-and-Prior-ISCR-Hearing-Decisions-1/FileId/126827/
02-26033,appeal,true_duplicate_deleted,byte-identical full_text; discarded source_url: https://doha.ogc.osd.mil/Industrial-Security-Program/Industrial-Security-Clearance-Decisions/ISCR-Hearing-Decisions/Archived-ISCR-Hearing-Decisions/2016-and-Prior-ISCR-Hearing-Decisions-1/FileId/126816/
02-25196,appeal,true_duplicate_deleted,byte-identical full_text; discarded source_url: https://doha.ogc.osd.mil/Industrial-Security-Program/Industrial-Security-Clearance-Decisions/ISCR-Hearing-Decisions/Archived-ISCR-Hearing-Decisions/2016-and-Prior-ISCR-Hearing-Decisions-1/FileId/126818/
09-01418,appeal,true_duplicate_deleted,byte-identical full_text; discarded source_url: https://doha.ogc.osd.mil/Industrial-Security-Program/Industrial-Security-Clearance-Decisions/ISCR-Hearing-Decisions/Archived-ISCR-Hearing-Decisions/2016-and-Prior-ISCR-Hearing-Decisions-5/FileId/131968/
09-01652,appeal,true_duplicate_deleted,byte-identical full_text; discarded source_url: https://doha.ogc.osd.mil/Industrial-Security-Program/Industrial-Security-Clearance-Decisions/ISCR-Hearing-Decisions/Archived-ISCR-Hearing-Decisions/2016-and-Prior-ISCR-Hearing-Decisions-5/FileId/132005/
09-01617,appeal,true_duplicate_deleted,byte-identical full_text; discarded source_url: https://doha.ogc.osd.mil/Industrial-Security-Program/Industrial-Security-Clearance-Decisions/ISCR-Hearing-Decisions/Archived-ISCR-Hearing-Decisions/2016-and-Prior-ISCR-Hearing-Decisions-5/FileId/131999/
09-01719,appeal,true_duplicate_deleted,byte-identical full_text; discarded source_url: https://doha.ogc.osd.mil/Industrial-Security-Program/Industrial-Security-Clearance-Decisions/ISCR-Hearing-Decisions/Archived-ISCR-Hearing-Decisions/2016-and-Prior-ISCR-Hearing-Decisions-5/FileId/132018/
09-01735,appeal,true_duplicate_deleted,byte-identical full_text; discarded source_url: https://doha.ogc.osd.mil/Industrial-Security-Program/Industrial-Security-Clearance-Decisions/ISCR-Hearing-Decisions/Archived-ISCR-Hearing-Decisions/2016-and-Prior-ISCR-Hearing-Decisions-5/FileId/132023/
09-01753,appeal,true_duplicate_deleted,byte-identical full_text; discarded source_url: https://doha.ogc.osd.mil/Industrial-Security-Program/Industrial-Security-Clearance-Decisions/ISCR-Hearing-Decisions/Archived-ISCR-Hearing-Decisions/2016-and-Prior-ISCR-Hearing-Decisions-5/FileId/132031/
09-01793,appeal,true_duplicate_deleted,byte-identical full_text; discarded source_url: https://doha.ogc.osd.mil/Industrial-Security-Program/Industrial-Security-Clearance-Decisions/ISCR-Hearing-Decisions/Archived-ISCR-Hearing-Decisions/2016-and-Prior-ISCR-Hearing-Decisions-5/FileId/132037/
09-01800,appeal,true_duplicate_deleted,byte-identical full_text; discarded source_url: https://doha.ogc.osd.mil/Industrial-Security-Program/Industrial-Security-Clearance-Decisions/ISCR-Hearing-Decisions/Archived-ISCR-Hearing-Decisions/2016-and-Prior-ISCR-Hearing-Decisions-5/FileId/132042/
09-01896,appeal,true_duplicate_deleted,byte-identical full_text; discarded source_url: https://doha.ogc.osd.mil/Industrial-Security-Program/Industrial-Security-Clearance-Decisions/ISCR-Hearing-Decisions/Archived-ISCR-Hearing-Decisions/2016-and-Prior-ISCR-Hearing-Decisions-5/FileId/132047/
09-01960,appeal,true_duplicate_deleted,byte-identical full_text; discarded source_url: https://doha.ogc.osd.mil/Industrial-Security-Program/Industrial-Security-Clearance-Decisions/ISCR-Hearing-Decisions/Archived-ISCR-Hearing-Decisions/2016-and-Prior-ISCR-Hearing-Decisions-5/FileId/132053/
09-01970,appeal,true_duplicate_deleted,byte-identical full_text; discarded source_url: https://doha.ogc.osd.mil/Industrial-Security-Program/Industrial-Security-Clearance-Decisions/ISCR-Hearing-Decisions/Archived-ISCR-Hearing-Decisions/2016-and-Prior-ISCR-Hearing-Decisions-5/FileId/132059/
09-02045,appeal,true_duplicate_deleted,byte-identical full_text; discarded source_url: https://doha.ogc.osd.mil/Industrial-Security-Program/Industrial-Security-Clearance-Decisions/ISCR-Hearing-Decisions/Archived-ISCR-Hearing-Decisions/2016-and-Prior-ISCR-Hearing-Decisions-5/FileId/132076/
09-02110,appeal,true_duplicate_deleted,byte-identical full_text; discarded source_url: https://doha.ogc.osd.mil/Industrial-Security-Program/Industrial-Security-Clearance-Decisions/ISCR-Hearing-Decisions/Archived-ISCR-Hearing-Decisions/2016-and-Prior-ISCR-Hearing-Decisions-5/FileId/132086/
09-02160,appeal,true_duplicate_deleted,byte-identical full_text; discarded source_url: https://doha.ogc.osd.mil/Industrial-Security-Program/Industrial-Security-Clearance-Decisions/ISCR-Hearing-Decisions/Archived-ISCR-Hearing-Decisions/2016-and-Prior-ISCR-Hearing-Decisions-5/FileId/132090/
09-02220,appeal,true_duplicate_deleted,byte-identical full_text; discarded source_url: https://doha.ogc.osd.mil/Industrial-Security-Program/Industrial-Security-Clearance-Decisions/ISCR-Hearing-Decisions/Archived-ISCR-Hearing-Decisions/2016-and-Prior-ISCR-Hearing-Decisions-5/FileId/132099/
09-02239,appeal,true_duplicate_deleted,byte-identical full_text; discarded source_url: https://doha.ogc.osd.mil/Industrial-Security-Program/Industrial-Security-Clearance-Decisions/ISCR-Hearing-Decisions/Archived-ISCR-Hearing-Decisions/2016-and-Prior-ISCR-Hearing-Decisions-5/FileId/132101/
09-02260,appeal,true_duplicate_deleted,byte-identical full_text; discarded source_url: https://doha.ogc.osd.mil/Industrial-Security-Program/Industrial-Security-Clearance-Decisions/ISCR-Hearing-Decisions/Archived-ISCR-Hearing-Decisions/2016-and-Prior-ISCR-Hearing-Decisions-5/FileId/132108/
09-02281,appeal,true_duplicate_deleted,byte-identical full_text; discarded source_url: https://doha.ogc.osd.mil/Industrial-Security-Program/Industrial-Security-Clearance-Decisions/ISCR-Hearing-Decisions/Archived-ISCR-Hearing-Decisions/2016-and-Prior-ISCR-Hearing-Decisions-5/FileId/132113/
09-02388,appeal,true_duplicate_deleted,byte-identical full_text; discarded source_url: https://doha.ogc.osd.mil/Industrial-Security-Program/Industrial-Security-Clearance-Decisions/ISCR-Hearing-Decisions/Archived-ISCR-Hearing-Decisions/2016-and-Prior-ISCR-Hearing-Decisions-5/FileId/132132/
09-02404,appeal,true_duplicate_deleted,byte-identical full_text; discarded source_url: https://doha.ogc.osd.mil/Industrial-Security-Program/Industrial-Security-Clearance-Decisions/ISCR-Hearing-Decisions/Archived-ISCR-Hearing-Decisions/2016-and-Prior-ISCR-Hearing-Decisions-5/FileId/132139/
09-02496,appeal,true_duplicate_deleted,byte-identical full_text; discarded source_url: https://doha.ogc.osd.mil/Industrial-Security-Program/Industrial-Security-Clearance-Decisions/ISCR-Hearing-Decisions/Archived-ISCR-Hearing-Decisions/2016-and-Prior-ISCR-Hearing-Decisions-5/FileId/132156/
09-02566,appeal,true_duplicate_deleted,byte-identical full_text; discarded source_url: https://doha.ogc.osd.mil/Industrial-Security-Program/Industrial-Security-Clearance-Decisions/ISCR-Hearing-Decisions/Archived-ISCR-Hearing-Decisions/2016-and-Prior-ISCR-Hearing-Decisions-5/FileId/132169/
09-02646,appeal,true_duplicate_deleted,byte-identical full_text; discarded source_url: https://doha.ogc.osd.mil/Industrial-Security-Program/Industrial-Security-Clearance-Decisions/ISCR-Hearing-Decisions/Archived-ISCR-Hearing-Decisions/2016-and-Prior-ISCR-Hearing-Decisions-5/FileId/132184/
09-02670,appeal,true_duplicate_deleted,byte-identical full_text; discarded source_url: https://doha.ogc.osd.mil/Industrial-Security-Program/Industrial-Security-Clearance-Decisions/ISCR-Hearing-Decisions/Archived-ISCR-Hearing-Decisions/2016-and-Prior-ISCR-Hearing-Decisions-5/FileId/132192/
09-02708,appeal,true_duplicate_deleted,byte-identical full_text; discarded source_url: https://doha.ogc.osd.mil/Industrial-Security-Program/Industrial-Security-Clearance-Decisions/ISCR-Hearing-Decisions/Archived-ISCR-Hearing-Decisions/2016-and-Prior-ISCR-Hearing-Decisions-5/FileId/132199/
09-02732,appeal,true_duplicate_deleted,byte-identical full_text; discarded source_url: https://doha.ogc.osd.mil/Industrial-Security-Program/Industrial-Security-Clearance-Decisions/ISCR-Hearing-Decisions/Archived-ISCR-Hearing-Decisions/2016-and-Prior-ISCR-Hearing-Decisions-5/FileId/132204/
09-02752,appeal,true_duplicate_deleted,byte-identical full_text; discarded source_url: https://doha.ogc.osd.mil/Industrial-Security-Program/Industrial-Security-Clearance-Decisions/ISCR-Hearing-Decisions/Archived-ISCR-Hearing-Decisions/2016-and-Prior-ISCR-Hearing-Decisions-5/FileId/132208/
09-02800,appeal,true_duplicate_deleted,byte-identical full_text; discarded source_url: https://doha.ogc.osd.mil/Industrial-Security-Program/Industrial-Security-Clearance-Decisions/ISCR-Hearing-Decisions/Archived-ISCR-Hearing-Decisions/2016-and-Prior-ISCR-Hearing-Decisions-5/FileId/132219/
09-02839,appeal,true_duplicate_deleted,byte-identical full_text; discarded source_url: https://doha.ogc.osd.mil/Industrial-Security-Program/Industrial-Security-Clearance-Decisions/ISCR-Hearing-Decisions/Archived-ISCR-Hearing-Decisions/2016-and-Prior-ISCR-Hearing-Decisions-5/FileId/132226/
09-02907,appeal,true_duplicate_deleted,byte-identical full_text; discarded source_url: https://doha.ogc.osd.mil/Industrial-Security-Program/Industrial-Security-Clearance-Decisions/ISCR-Hearing-Decisions/Archived-ISCR-Hearing-Decisions/2016-and-Prior-ISCR-Hearing-Decisions-5/FileId/132240/
03-16936,appeal,true_duplicate_deleted,byte-identical full_text; discarded source_url: https://doha.ogc.osd.mil/Industrial-Security-Program/Industrial-Security-Clearance-Decisions/ISCR-Hearing-Decisions/Archived-ISCR-Hearing-Decisions/2016-and-Prior-ISCR-Hearing-Decisions-1/FileId/126835/
03-08257,appeal,true_duplicate_deleted,byte-identical full_text; discarded source_url: https://doha.ogc.osd.mil/Industrial-Security-Program/Industrial-Security-Clearance-Decisions/ISCR-Hearing-Decisions/Archived-ISCR-Hearing-Decisions/2016-and-Prior-ISCR-Hearing-Decisions-1/FileId/126831/
03-11420,appeal,true_duplicate_deleted,byte-identical full_text; discarded source_url: https://doha.ogc.osd.mil/Industrial-Security-Program/Industrial-Security-Clearance-Decisions/ISCR-Hearing-Decisions/Archived-ISCR-Hearing-Decisions/2016-and-Prior-ISCR-Hearing-Decisions-1/FileId/126832/
03-17061,appeal,true_duplicate_deleted,byte-identical full_text; discarded source_url: https://doha.ogc.osd.mil/Industrial-Security-Program/Industrial-Security-Clearance-Decisions/ISCR-Hearing-Decisions/Archived-ISCR-Hearing-Decisions/2016-and-Prior-ISCR-Hearing-Decisions-1/FileId/126833/
03-08231,appeal,true_duplicate_deleted,byte-identical full_text; discarded source_url: https://doha.ogc.osd.mil/Industrial-Security-Program/Industrial-Security-Clearance-Decisions/ISCR-Hearing-Decisions/Archived-ISCR-Hearing-Decisions/2016-and-Prior-ISCR-Hearing-Decisions-1/FileId/126829/
03-20320,appeal,true_duplicate_deleted,byte-identical full_text; discarded source_url: https://doha.ogc.osd.mil/Industrial-Security-Program/Industrial-Security-Clearance-Decisions/ISCR-Hearing-Decisions/Archived-ISCR-Hearing-Decisions/2016-and-Prior-ISCR-Hearing-Decisions-1/FileId/126840/
03-21190,appeal,true_duplicate_deleted,byte-identical full_text; discarded source_url: https://doha.ogc.osd.mil/Industrial-Security-Program/Industrial-Security-Clearance-Decisions/ISCR-Hearing-Decisions/Archived-ISCR-Hearing-Decisions/2016-and-Prior-ISCR-Hearing-Decisions-1/FileId/126841/
03-21262,appeal,true_duplicate_deleted,byte-identical full_text; discarded source_url: https://doha.ogc.osd.mil/Industrial-Security-Program/Industrial-Security-Clearance-Decisions/ISCR-Hearing-Decisions/Archived-ISCR-Hearing-Decisions/2016-and-Prior-ISCR-Hearing-Decisions-1/FileId/126844/
03-21497,appeal,true_duplicate_deleted,byte-identical full_text; discarded source_url: https://doha.ogc.osd.mil/Industrial-Security-Program/Industrial-Security-Clearance-Decisions/ISCR-Hearing-Decisions/Archived-ISCR-Hearing-Decisions/2016-and-Prior-ISCR-Hearing-Decisions-1/FileId/126846/
03-21688,appeal,true_duplicate_deleted,byte-identical full_text; discarded source_url: https://doha.ogc.osd.mil/Industrial-Security-Program/Industrial-Security-Clearance-Decisions/ISCR-Hearing-Decisions/Archived-ISCR-Hearing-Decisions/2016-and-Prior-ISCR-Hearing-Decisions-1/FileId/126847/
03-23190,appeal,true_duplicate_deleted,byte-identical full_text; discarded source_url: https://doha.ogc.osd.mil/Industrial-Security-Program/Industrial-Security-Clearance-Decisions/ISCR-Hearing-Decisions/Archived-ISCR-Hearing-Decisions/2016-and-Prior-ISCR-Hearing-Decisions-1/FileId/126849/
03-23504,appeal,true_duplicate_deleted,byte-identical full_text; discarded source_url: https://doha.ogc.osd.mil/Industrial-Security-Program/Industrial-Security-Clearance-Decisions/ISCR-Hearing-Decisions/Archived-ISCR-Hearing-Decisions/2016-and-Prior-ISCR-Hearing-Decisions-1/FileId/126852/
03-23829,appeal,true_duplicate_deleted,byte-identical full_text; discarded source_url: https://doha.ogc.osd.mil/Industrial-Security-Program/Industrial-Security-Clearance-Decisions/ISCR-Hearing-Decisions/Archived-ISCR-Hearing-Decisions/2016-and-Prior-ISCR-Hearing-Decisions-1/FileId/126856/
03-25153,appeal,true_duplicate_deleted,byte-identical full_text; discarded source_url: https://doha.ogc.osd.mil/Industrial-Security-Program/Industrial-Security-Clearance-Decisions/ISCR-Hearing-Decisions/Archived-ISCR-Hearing-Decisions/2016-and-Prior-ISCR-Hearing-Decisions-1/FileId/126860/
03-25310,appeal,true_duplicate_deleted,byte-identical full_text; discarded source_url: https://doha.ogc.osd.mil/Industrial-Security-Program/Industrial-Security-Clearance-Decisions/ISCR-Hearing-Decisions/Archived-ISCR-Hearing-Decisions/2016-and-Prior-ISCR-Hearing-Decisions-1/FileId/126859/
03-26115,appeal,true_duplicate_deleted,byte-identical full_text; discarded source_url: https://doha.ogc.osd.mil/Industrial-Security-Program/Industrial-Security-Clearance-Decisions/ISCR-Hearing-Decisions/Archived-ISCR-Hearing-Decisions/2016-and-Prior-ISCR-Hearing-Decisions-1/FileId/126858/
03-26908,appeal,true_duplicate_deleted,byte-identical full_text; discarded source_url: https://doha.ogc.osd.mil/Industrial-Security-Program/Industrial-Security-Clearance-Decisions/ISCR-Hearing-Decisions/Archived-ISCR-Hearing-Decisions/2016-and-Prior-ISCR-Hearing-Decisions-1/FileId/126862/
03-27045,appeal,true_duplicate_deleted,byte-identical full_text; discarded source_url: https://doha.ogc.osd.mil/Industrial-Security-Program/Industrial-Security-Clearance-Decisions/ISCR-Hearing-Decisions/Archived-ISCR-Hearing-Decisions/2016-and-Prior-ISCR-Hearing-Decisions-1/FileId/126861/
04-00096,appeal,true_duplicate_deleted,byte-identical full_text; discarded source_url: https://doha.ogc.osd.mil/Industrial-Security-Program/Industrial-Security-Clearance-Decisions/ISCR-Hearing-Decisions/Archived-ISCR-Hearing-Decisions/2016-and-Prior-ISCR-Hearing-Decisions-1/FileId/126863/
04-00354,appeal,true_duplicate_deleted,byte-identical full_text; discarded source_url: https://doha.ogc.osd.mil/Industrial-Security-Program/Industrial-Security-Clearance-Decisions/ISCR-Hearing-Decisions/Archived-ISCR-Hearing-Decisions/2016-and-Prior-ISCR-Hearing-Decisions-1/FileId/126865/
04-00949,appeal,true_duplicate_deleted,byte-identical full_text; discarded source_url: https://doha.ogc.osd.mil/Industrial-Security-Program/Industrial-Security-Clearance-Decisions/ISCR-Hearing-Decisions/Archived-ISCR-Hearing-Decisions/2016-and-Prior-ISCR-Hearing-Decisions-1/FileId/126864/
04-01961,appeal,true_duplicate_deleted,byte-identical full_text; discarded source_url: https://doha.ogc.osd.mil/Industrial-Security-Program/Industrial-Security-Clearance-Decisions/ISCR-Hearing-Decisions/Archived-ISCR-Hearing-Decisions/2016-and-Prior-ISCR-Hearing-Decisions-1/FileId/126870/
04-02511,appeal,true_duplicate_deleted,byte-identical full_text; discarded source_url: https://doha.ogc.osd.mil/Industrial-Security-Program/Industrial-Security-Clearance-Decisions/ISCR-Hearing-Decisions/Archived-ISCR-Hearing-Decisions/2016-and-Prior-ISCR-Hearing-Decisions-1/FileId/126869/
04-02630,appeal,true_duplicate_deleted,byte-identical full_text; discarded source_url: https://doha.ogc.osd.mil/Industrial-Security-Program/Industrial-Security-Clearance-Decisions/ISCR-Hearing-Decisions/Archived-ISCR-Hearing-Decisions/2016-and-Prior-ISCR-Hearing-Decisions-1/FileId/126871/
04-03834,appeal,true_duplicate_deleted,byte-identical full_text; discarded source_url: https://doha.ogc.osd.mil/Industrial-Security-Program/Industrial-Security-Clearance-Decisions/ISCR-Hearing-Decisions/Archived-ISCR-Hearing-Decisions/2016-and-Prior-ISCR-Hearing-Decisions-1/FileId/126873/
04-04264,appeal,true_duplicate_deleted,byte-identical full_text; discarded source_url: https://doha.ogc.osd.mil/Industrial-Security-Program/Industrial-Security-Clearance-Decisions/ISCR-Hearing-Decisions/Archived-ISCR-Hearing-Decisions/2016-and-Prior-ISCR-Hearing-Decisions-1/FileId/126875/
04-05802,appeal,true_duplicate_deleted,byte-identical full_text; discarded source_url: https://doha.ogc.osd.mil/Industrial-Security-Program/Industrial-Security-Clearance-Decisions/ISCR-Hearing-Decisions/Archived-ISCR-Hearing-Decisions/2016-and-Prior-ISCR-Hearing-Decisions-1/FileId/126879/
04-07214,appeal,true_duplicate_deleted,byte-identical full_text; discarded source_url: https://doha.ogc.osd.mil/Industrial-Security-Program/Industrial-Security-Clearance-Decisions/ISCR-Hearing-Decisions/Archived-ISCR-Hearing-Decisions/2016-and-Prior-ISCR-Hearing-Decisions-1/FileId/126880/
04-07861,appeal,true_duplicate_deleted,byte-identical full_text; discarded source_url: https://doha.ogc.osd.mil/Industrial-Security-Program/Industrial-Security-Clearance-Decisions/ISCR-Hearing-Decisions/Archived-ISCR-Hearing-Decisions/2016-and-Prior-ISCR-Hearing-Decisions-1/FileId/126886/
04-08116,appeal,true_duplicate_deleted,byte-identical full_text; discarded source_url: https://doha.ogc.osd.mil/Industrial-Security-Program/Industrial-Security-Clearance-Decisions/ISCR-Hearing-Decisions/Archived-ISCR-Hearing-Decisions/2016-and-Prior-ISCR-Hearing-Decisions-1/FileId/126887/
04-08651,appeal,true_duplicate_deleted,byte-identical full_text; discarded source_url: https://doha.ogc.osd.mil/Industrial-Security-Program/Industrial-Security-Clearance-Decisions/ISCR-Hearing-Decisions/Archived-ISCR-Hearing-Decisions/2016-and-Prior-ISCR-Hearing-Decisions-1/FileId/126890/
04-08547,appeal,true_duplicate_deleted,byte-identical full_text; discarded source_url: https://doha.ogc.osd.mil/Industrial-Security-Program/Industrial-Security-Clearance-Decisions/ISCR-Hearing-Decisions/Archived-ISCR-Hearing-Decisions/2016-and-Prior-ISCR-Hearing-Decisions-1/FileId/126889/
04-08747,appeal,true_duplicate_deleted,byte-identical full_text; discarded source_url: https://doha.ogc.osd.mil/Industrial-Security-Program/Industrial-Security-Clearance-Decisions/ISCR-Hearing-Decisions/Archived-ISCR-Hearing-Decisions/2016-and-Prior-ISCR-Hearing-Decisions-1/FileId/126892/
04-08749,appeal,true_duplicate_deleted,byte-identical full_text; discarded source_url: https://doha.ogc.osd.mil/Industrial-Security-Program/Industrial-Security-Clearance-Decisions/ISCR-Hearing-Decisions/Archived-ISCR-Hearing-Decisions/2016-and-Prior-ISCR-Hearing-Decisions-1/FileId/126894/
04-08806,appeal,true_duplicate_deleted,byte-identical full_text; discarded source_url: https://doha.ogc.osd.mil/Industrial-Security-Program/Industrial-Security-Clearance-Decisions/ISCR-Hearing-Decisions/Archived-ISCR-Hearing-Decisions/2016-and-Prior-ISCR-Hearing-Decisions-1/FileId/126895/
04-08945,appeal,true_duplicate_deleted,byte-identical full_text; discarded source_url: https://doha.ogc.osd.mil/Industrial-Security-Program/Industrial-Security-Clearance-Decisions/ISCR-Hearing-Decisions/Archived-ISCR-Hearing-Decisions/2016-and-Prior-ISCR-Hearing-Decisions-1/FileId/126896/
04-09251,appeal,true_duplicate_deleted,byte-identical full_text; discarded source_url: https://doha.ogc.osd.mil/Industrial-Security-Program/Industrial-Security-Clearance-Decisions/ISCR-Hearing-Decisions/Archived-ISCR-Hearing-Decisions/2016-and-Prior-ISCR-Hearing-Decisions-1/FileId/126897/
04-09353,appeal,true_duplicate_deleted,byte-identical full_text; discarded source_url: https://doha.ogc.osd.mil/Industrial-Security-Program/Industrial-Security-Clearance-Decisions/ISCR-Hearing-Decisions/Archived-ISCR-Hearing-Decisions/2016-and-Prior-ISCR-Hearing-Decisions-1/FileId/126900/
04-09618,appeal,true_duplicate_deleted,byte-identical full_text; discarded source_url: https://doha.ogc.osd.mil/Industrial-Security-Program/Industrial-Security-Clearance-Decisions/ISCR-Hearing-Decisions/Archived-ISCR-Hearing-Decisions/2016-and-Prior-ISCR-Hearing-Decisions-1/FileId/126902/
04-09429,appeal,true_duplicate_deleted,byte-identical full_text; discarded source_url: https://doha.ogc.osd.mil/Industrial-Security-Program/Industrial-Security-Clearance-Decisions/ISCR-Hearing-Decisions/Archived-ISCR-Hearing-Decisions/2016-and-Prior-ISCR-Hearing-Decisions-1/FileId/126899/
04-09637,appeal,true_duplicate_deleted,byte-identical full_text; discarded source_url: https://doha.ogc.osd.mil/Industrial-Security-Program/Industrial-Security-Clearance-Decisions/ISCR-Hearing-Decisions/Archived-ISCR-Hearing-Decisions/2016-and-Prior-ISCR-Hearing-Decisions-1/FileId/126906/
04-09750,appeal,true_duplicate_deleted,byte-identical full_text; discarded source_url: https://doha.ogc.osd.mil/Industrial-Security-Program/Industrial-Security-Clearance-Decisions/ISCR-Hearing-Decisions/Archived-ISCR-Hearing-Decisions/2016-and-Prior-ISCR-Hearing-Decisions-1/FileId/126905/
04-10457,appeal,true_duplicate_deleted,byte-identical full_text; discarded source_url: https://doha.ogc.osd.mil/Industrial-Security-Program/Industrial-Security-Clearance-Decisions/ISCR-Hearing-Decisions/Archived-ISCR-Hearing-Decisions/2016-and-Prior-ISCR-Hearing-Decisions-1/FileId/126904/
04-10799,appeal,true_duplicate_deleted,byte-identical full_text; discarded source_url: https://doha.ogc.osd.mil/Industrial-Security-Program/Industrial-Security-Clearance-Decisions/ISCR-Hearing-Decisions/Archived-ISCR-Hearing-Decisions/2016-and-Prior-ISCR-Hearing-Decisions-1/FileId/126910/
04-11181,appeal,true_duplicate_deleted,byte-identical full_text; discarded source_url: https://doha.ogc.osd.mil/Industrial-Security-Program/Industrial-Security-Clearance-Decisions/ISCR-Hearing-Decisions/Archived-ISCR-Hearing-Decisions/2016-and-Prior-ISCR-Hearing-Decisions-1/FileId/126915/
04-10804,appeal,true_duplicate_deleted,byte-identical full_text; discarded source_url: https://doha.ogc.osd.mil/Industrial-Security-Program/Industrial-Security-Clearance-Decisions/ISCR-Hearing-Decisions/Archived-ISCR-Hearing-Decisions/2016-and-Prior-ISCR-Hearing-Decisions-1/FileId/126911/
04-11369,appeal,true_duplicate_deleted,byte-identical full_text; discarded source_url: https://doha.ogc.osd.mil/Industrial-Security-Program/Industrial-Security-Clearance-Decisions/ISCR-Hearing-Decisions/Archived-ISCR-Hearing-Decisions/2016-and-Prior-ISCR-Hearing-Decisions-1/FileId/126916/
04-11414,appeal,true_duplicate_deleted,byte-identical full_text; discarded source_url: https://doha.ogc.osd.mil/Industrial-Security-Program/Industrial-Security-Clearance-Decisions/ISCR-Hearing-Decisions/Archived-ISCR-Hearing-Decisions/2016-and-Prior-ISCR-Hearing-Decisions-1/FileId/126918/
04-11768,appeal,true_duplicate_deleted,byte-identical full_text; discarded source_url: https://doha.ogc.osd.mil/Industrial-Security-Program/Industrial-Security-Clearance-Decisions/ISCR-Hearing-Decisions/Archived-ISCR-Hearing-Decisions/2016-and-Prior-ISCR-Hearing-Decisions-1/FileId/126922/
04-11664,appeal,true_duplicate_deleted,byte-identical full_text; discarded source_url: https://doha.ogc.osd.mil/Industrial-Security-Program/Industrial-Security-Clearance-Decisions/ISCR-Hearing-Decisions/Archived-ISCR-Hearing-Decisions/2016-and-Prior-ISCR-Hearing-Decisions-1/FileId/126923/
04-11860,appeal,true_duplicate_deleted,byte-identical full_text; discarded source_url: https://doha.ogc.osd.mil/Industrial-Security-Program/Industrial-Security-Clearance-Decisions/ISCR-Hearing-Decisions/Archived-ISCR-Hearing-Decisions/2016-and-Prior-ISCR-Hearing-Decisions-1/FileId/126925/
04-11904,appeal,true_duplicate_deleted,byte-identical full_text; discarded source_url: https://doha.ogc.osd.mil/Industrial-Security-Program/Industrial-Security-Clearance-Decisions/ISCR-Hearing-Decisions/Archived-ISCR-Hearing-Decisions/2016-and-Prior-ISCR-Hearing-Decisions-1/FileId/126927/
04-12241,appeal,true_duplicate_deleted,byte-identical full_text; discarded source_url: https://doha.ogc.osd.mil/Industrial-Security-Program/Industrial-Security-Clearance-Decisions/ISCR-Hearing-Decisions/Archived-ISCR-Hearing-Decisions/2016-and-Prior-ISCR-Hearing-Decisions-1/FileId/126929/
04-12255,appeal,true_duplicate_deleted,byte-identical full_text; discarded source_url: https://doha.ogc.osd.mil/Industrial-Security-Program/Industrial-Security-Clearance-Decisions/ISCR-Hearing-Decisions/Archived-ISCR-Hearing-Decisions/2016-and-Prior-ISCR-Hearing-Decisions-1/FileId/126930/
04-12435,appeal,true_duplicate_deleted,byte-identical full_text; discarded source_url: https://doha.ogc.osd.mil/Industrial-Security-Program/Industrial-Security-Clearance-Decisions/ISCR-Hearing-Decisions/Archived-ISCR-Hearing-Decisions/2016-and-Prior-ISCR-Hearing-Decisions-1/FileId/126933/
04-12449,appeal,true_duplicate_deleted,byte-identical full_text; discarded source_url: https://doha.ogc.osd.mil/Industrial-Security-Program/Industrial-Security-Clearance-Decisions/ISCR-Hearing-Decisions/Archived-ISCR-Hearing-Decisions/2016-and-Prior-ISCR-Hearing-Decisions-1/FileId/126934/
04-12494,appeal,true_duplicate_deleted,byte-identical full_text; discarded source_url: https://doha.ogc.osd.mil/Industrial-Security-Program/Industrial-Security-Clearance-Decisions/ISCR-Hearing-Decisions/Archived-ISCR-Hearing-Decisions/2016-and-Prior-ISCR-Hearing-Decisions-1/FileId/126936/
04-12556,appeal,true_duplicate_deleted,byte-identical full_text; discarded source_url: https://doha.ogc.osd.mil/Industrial-Security-Program/Industrial-Security-Clearance-Decisions/ISCR-Hearing-Decisions/Archived-ISCR-Hearing-Decisions/2016-and-Prior-ISCR-Hearing-Decisions-1/FileId/126937/
04-12678,appeal,true_duplicate_deleted,byte-identical full_text; discarded source_url: https://doha.ogc.osd.mil/Industrial-Security-Program/Industrial-Security-Clearance-Decisions/ISCR-Hearing-Decisions/Archived-ISCR-Hearing-Decisions/2016-and-Prior-ISCR-Hearing-Decisions-1/FileId/126941/
04-12742,appeal,true_duplicate_deleted,byte-identical full_text; discarded source_url: https://doha.ogc.osd.mil/Industrial-Security-Program/Industrial-Security-Clearance-Decisions/ISCR-Hearing-Decisions/Archived-ISCR-Hearing-Decisions/2016-and-Prior-ISCR-Hearing-Decisions-1/FileId/126942/
04-12680,appeal,true_duplicate_deleted,byte-identical full_text; discarded source_url: https://doha.ogc.osd.mil/Industrial-Security-Program/Industrial-Security-Clearance-Decisions/ISCR-Hearing-Decisions/Archived-ISCR-Hearing-Decisions/2016-and-Prior-ISCR-Hearing-Decisions-1/FileId/126939/
04-12761,appeal,true_duplicate_deleted,byte-identical full_text; discarded source_url: https://doha.ogc.osd.mil/Industrial-Security-Program/Industrial-Security-Clearance-Decisions/ISCR-Hearing-Decisions/Archived-ISCR-Hearing-Decisions/2016-and-Prior-ISCR-Hearing-Decisions-1/FileId/126945/
04-12778,appeal,true_duplicate_deleted,byte-identical full_text; discarded source_url: https://doha.ogc.osd.mil/Industrial-Security-Program/Industrial-Security-Clearance-Decisions/ISCR-Hearing-Decisions/Archived-ISCR-Hearing-Decisions/2016-and-Prior-ISCR-Hearing-Decisions-1/FileId/126946/
04-12916,appeal,true_duplicate_deleted,byte-identical full_text; discarded source_url: https://doha.ogc.osd.mil/Industrial-Security-Program/Industrial-Security-Clearance-Decisions/ISCR-Hearing-Decisions/Archived-ISCR-Hearing-Decisions/2016-and-Prior-ISCR-Hearing-Decisions-1/FileId/126947/
05-00151,appeal,true_duplicate_deleted,byte-identical full_text; discarded source_url: https://doha.ogc.osd.mil/Industrial-Security-Program/Industrial-Security-Clearance-Decisions/ISCR-Hearing-Decisions/Archived-ISCR-Hearing-Decisions/2016-and-Prior-ISCR-Hearing-Decisions-1/FileId/126951/
05-00343,appeal,true_duplicate_deleted,byte-identical full_text; discarded source_url: https://doha.ogc.osd.mil/Industrial-Security-Program/Industrial-Security-Clearance-Decisions/ISCR-Hearing-Decisions/Archived-ISCR-Hearing-Decisions/2016-and-Prior-ISCR-Hearing-Decisions-1/FileId/126952/
05-00412,appeal,true_duplicate_deleted,byte-identical full_text; discarded source_url: https://doha.ogc.osd.mil/Industrial-Security-Program/Industrial-Security-Clearance-Decisions/ISCR-Hearing-Decisions/Archived-ISCR-Hearing-Decisions/2016-and-Prior-ISCR-Hearing-Decisions-1/FileId/126953/
05-00448,appeal,true_duplicate_deleted,byte-identical full_text; discarded source_url: https://doha.ogc.osd.mil/Industrial-Security-Program/Industrial-Security-Clearance-Decisions/ISCR-Hearing-Decisions/Archived-ISCR-Hearing-Decisions/2016-and-Prior-ISCR-Hearing-Decisions-1/FileId/126954/
05-00775,appeal,true_duplicate_deleted,byte-identical full_text; discarded source_url: https://doha.ogc.osd.mil/Industrial-Security-Program/Industrial-Security-Clearance-Decisions/ISCR-Hearing-Decisions/Archived-ISCR-Hearing-Decisions/2016-and-Prior-ISCR-Hearing-Decisions-1/FileId/126957/
05-01305,appeal,true_duplicate_deleted,byte-identical full_text; discarded source_url: https://doha.ogc.osd.mil/Industrial-Security-Program/Industrial-Security-Clearance-Decisions/ISCR-Hearing-Decisions/Archived-ISCR-Hearing-Decisions/2016-and-Prior-ISCR-Hearing-Decisions-1/FileId/126964/
05-00939,appeal,true_duplicate_deleted,byte-identical full_text; discarded source_url: https://doha.ogc.osd.mil/Industrial-Security-Program/Industrial-Security-Clearance-Decisions/ISCR-Hearing-Decisions/Archived-ISCR-Hearing-Decisions/2016-and-Prior-ISCR-Hearing-Decisions-1/FileId/126961/
05-01676,appeal,true_duplicate_deleted,byte-identical full_text; discarded source_url: https://doha.ogc.osd.mil/Industrial-Security-Program/Industrial-Security-Clearance-Decisions/ISCR-Hearing-Decisions/Archived-ISCR-Hearing-Decisions/2016-and-Prior-ISCR-Hearing-Decisions-1/FileId/126967/
05-01920,appeal,true_duplicate_deleted,byte-identical full_text; discarded source_url: https://doha.ogc.osd.mil/Industrial-Security-Program/Industrial-Security-Clearance-Decisions/ISCR-Hearing-Decisions/Archived-ISCR-Hearing-Decisions/2016-and-Prior-ISCR-Hearing-Decisions-1/FileId/126971/
05-02039,appeal,true_duplicate_deleted,byte-identical full_text; discarded source_url: https://doha.ogc.osd.mil/Industrial-Security-Program/Industrial-Security-Clearance-Decisions/ISCR-Hearing-Decisions/Archived-ISCR-Hearing-Decisions/2016-and-Prior-ISCR-Hearing-Decisions-1/FileId/126972/
05-02210,appeal,true_duplicate_deleted,byte-identical full_text; discarded source_url: https://doha.ogc.osd.mil/Industrial-Security-Program/Industrial-Security-Clearance-Decisions/ISCR-Hearing-Decisions/Archived-ISCR-Hearing-Decisions/2016-and-Prior-ISCR-Hearing-Decisions-1/FileId/126974/
05-02401,appeal,true_duplicate_deleted,byte-identical full_text; discarded source_url: https://doha.ogc.osd.mil/Industrial-Security-Program/Industrial-Security-Clearance-Decisions/ISCR-Hearing-Decisions/Archived-ISCR-Hearing-Decisions/2016-and-Prior-ISCR-Hearing-Decisions-1/FileId/126981/
05-02415,appeal,true_duplicate_deleted,byte-identical full_text; discarded source_url: https://doha.ogc.osd.mil/Industrial-Security-Program/Industrial-Security-Clearance-Decisions/ISCR-Hearing-Decisions/Archived-ISCR-Hearing-Decisions/2016-and-Prior-ISCR-Hearing-Decisions-1/FileId/126980/
05-02422,appeal,true_duplicate_deleted,byte-identical full_text; discarded source_url: https://doha.ogc.osd.mil/Industrial-Security-Program/Industrial-Security-Clearance-Decisions/ISCR-Hearing-Decisions/Archived-ISCR-Hearing-Decisions/2016-and-Prior-ISCR-Hearing-Decisions-1/FileId/126983/
05-02471,appeal,true_duplicate_deleted,byte-identical full_text; discarded source_url: https://doha.ogc.osd.mil/Industrial-Security-Program/Industrial-Security-Clearance-Decisions/ISCR-Hearing-Decisions/Archived-ISCR-Hearing-Decisions/2016-and-Prior-ISCR-Hearing-Decisions-1/FileId/126984/
05-02593,appeal,true_duplicate_deleted,byte-identical full_text; discarded source_url: https://doha.ogc.osd.mil/Industrial-Security-Program/Industrial-Security-Clearance-Decisions/ISCR-Hearing-Decisions/Archived-ISCR-Hearing-Decisions/2016-and-Prior-ISCR-Hearing-Decisions-1/FileId/126988/
05-02581,appeal,true_duplicate_deleted,byte-identical full_text; discarded source_url: https://doha.ogc.osd.mil/Industrial-Security-Program/Industrial-Security-Clearance-Decisions/ISCR-Hearing-Decisions/Archived-ISCR-Hearing-Decisions/2016-and-Prior-ISCR-Hearing-Decisions-1/FileId/126986/
05-02619,appeal,true_duplicate_deleted,byte-identical full_text; discarded source_url: https://doha.ogc.osd.mil/Industrial-Security-Program/Industrial-Security-Clearance-Decisions/ISCR-Hearing-Decisions/Archived-ISCR-Hearing-Decisions/2016-and-Prior-ISCR-Hearing-Decisions-1/FileId/126987/
05-02802,appeal,true_duplicate_deleted,byte-identical full_text; discarded source_url: https://doha.ogc.osd.mil/Industrial-Security-Program/Industrial-Security-Clearance-Decisions/ISCR-Hearing-Decisions/Archived-ISCR-Hearing-Decisions/2016-and-Prior-ISCR-Hearing-Decisions-1/FileId/126991/
05-02833,appeal,true_duplicate_deleted,byte-identical full_text; discarded source_url: https://doha.ogc.osd.mil/Industrial-Security-Program/Industrial-Security-Clearance-Decisions/ISCR-Hearing-Decisions/Archived-ISCR-Hearing-Decisions/2016-and-Prior-ISCR-Hearing-Decisions-1/FileId/126990/
05-03250,appeal,true_duplicate_deleted,byte-identical full_text; discarded source_url: https://doha.ogc.osd.mil/Industrial-Security-Program/Industrial-Security-Clearance-Decisions/ISCR-Hearing-Decisions/Archived-ISCR-Hearing-Decisions/2016-and-Prior-ISCR-Hearing-Decisions-1/FileId/126997/
05-03279,appeal,true_duplicate_deleted,byte-identical full_text; discarded source_url: https://doha.ogc.osd.mil/Industrial-Security-Program/Industrial-Security-Clearance-Decisions/ISCR-Hearing-Decisions/Archived-ISCR-Hearing-Decisions/2016-and-Prior-ISCR-Hearing-Decisions-1/FileId/127001/
05-03305,appeal,true_duplicate_deleted,byte-identical full_text; discarded source_url: https://doha.ogc.osd.mil/Industrial-Security-Program/Industrial-Security-Clearance-Decisions/ISCR-Hearing-Decisions/Archived-ISCR-Hearing-Decisions/2016-and-Prior-ISCR-Hearing-Decisions-1/FileId/126999/
05-03307,appeal,true_duplicate_deleted,byte-identical full_text; discarded source_url: https://doha.ogc.osd.mil/Industrial-Security-Program/Industrial-Security-Clearance-Decisions/ISCR-Hearing-Decisions/Archived-ISCR-Hearing-Decisions/2016-and-Prior-ISCR-Hearing-Decisions-1/FileId/127002/
05-03452,appeal,true_duplicate_deleted,byte-identical full_text; discarded source_url: https://doha.ogc.osd.mil/Industrial-Security-Program/Industrial-Security-Clearance-Decisions/ISCR-Hearing-Decisions/Archived-ISCR-Hearing-Decisions/2016-and-Prior-ISCR-Hearing-Decisions-1/FileId/127004/
05-03472,appeal,true_duplicate_deleted,byte-identical full_text; discarded source_url: https://doha.ogc.osd.mil/Industrial-Security-Program/Industrial-Security-Clearance-Decisions/ISCR-Hearing-Decisions/Archived-ISCR-Hearing-Decisions/2016-and-Prior-ISCR-Hearing-Decisions-1/FileId/127005/
05-03941,appeal,true_duplicate_deleted,byte-identical full_text; discarded source_url: https://doha.ogc.osd.mil/Industrial-Security-Program/Industrial-Security-Clearance-Decisions/ISCR-Hearing-Decisions/Archived-ISCR-Hearing-Decisions/2016-and-Prior-ISCR-Hearing-Decisions-1/FileId/127011/
05-03554,appeal,true_duplicate_deleted,byte-identical full_text; discarded source_url: https://doha.ogc.osd.mil/Industrial-Security-Program/Industrial-Security-Clearance-Decisions/ISCR-Hearing-Decisions/Archived-ISCR-Hearing-Decisions/2016-and-Prior-ISCR-Hearing-Decisions-1/FileId/127006/
05-03948,appeal,true_duplicate_deleted,byte-identical full_text; discarded source_url: https://doha.ogc.osd.mil/Industrial-Security-Program/Industrial-Security-Clearance-Decisions/ISCR-Hearing-Decisions/Archived-ISCR-Hearing-Decisions/2016-and-Prior-ISCR-Hearing-Decisions-1/FileId/127010/
05-04126,appeal,true_duplicate_deleted,byte-identical full_text; discarded source_url: https://doha.ogc.osd.mil/Industrial-Security-Program/Industrial-Security-Clearance-Decisions/ISCR-Hearing-Decisions/Archived-ISCR-Hearing-Decisions/2016-and-Prior-ISCR-Hearing-Decisions-1/FileId/127013/
05-04482,appeal,true_duplicate_deleted,byte-identical full_text; discarded source_url: https://doha.ogc.osd.mil/Industrial-Security-Program/Industrial-Security-Clearance-Decisions/ISCR-Hearing-Decisions/Archived-ISCR-Hearing-Decisions/2016-and-Prior-ISCR-Hearing-Decisions-1/FileId/127016/
05-04923,appeal,true_duplicate_deleted,byte-identical full_text; discarded source_url: https://doha.ogc.osd.mil/Industrial-Security-Program/Industrial-Security-Clearance-Decisions/ISCR-Hearing-Decisions/Archived-ISCR-Hearing-Decisions/2016-and-Prior-ISCR-Hearing-Decisions-1/FileId/127018/
05-04874,appeal,true_duplicate_deleted,byte-identical full_text; discarded source_url: https://doha.ogc.osd.mil/Industrial-Security-Program/Industrial-Security-Clearance-Decisions/ISCR-Hearing-Decisions/Archived-ISCR-Hearing-Decisions/2016-and-Prior-ISCR-Hearing-Decisions-1/FileId/127017/
05-05439,appeal,true_duplicate_deleted,byte-identical full_text; discarded source_url: https://doha.ogc.osd.mil/Industrial-Security-Program/Industrial-Security-Clearance-Decisions/ISCR-Hearing-Decisions/Archived-ISCR-Hearing-Decisions/2016-and-Prior-ISCR-Hearing-Decisions-1/FileId/127023/
05-06059,appeal,true_duplicate_deleted,byte-identical full_text; discarded source_url: https://doha.ogc.osd.mil/Industrial-Security-Program/Industrial-Security-Clearance-Decisions/ISCR-Hearing-Decisions/Archived-ISCR-Hearing-Decisions/2016-and-Prior-ISCR-Hearing-Decisions-1/FileId/127025/
05-07182,appeal,true_duplicate_deleted,byte-identical full_text; discarded source_url: https://doha.ogc.osd.mil/Industrial-Security-Program/Industrial-Security-Clearance-Decisions/ISCR-Hearing-Decisions/Archived-ISCR-Hearing-Decisions/2016-and-Prior-ISCR-Hearing-Decisions-1/FileId/127034/
05-06702,appeal,true_duplicate_deleted,byte-identical full_text; discarded source_url: https://doha.ogc.osd.mil/Industrial-Security-Program/Industrial-Security-Clearance-Decisions/ISCR-Hearing-Decisions/Archived-ISCR-Hearing-Decisions/2016-and-Prior-ISCR-Hearing-Decisions-1/FileId/127026/
05-06723,appeal,true_duplicate_deleted,byte-identical full_text; discarded source_url: https://doha.ogc.osd.mil/Industrial-Security-Program/Industrial-Security-Clearance-Decisions/ISCR-Hearing-Decisions/Archived-ISCR-Hearing-Decisions/2016-and-Prior-ISCR-Hearing-Decisions-1/FileId/127028/
05-06935,appeal,true_duplicate_deleted,byte-identical full_text; discarded source_url: https://doha.ogc.osd.mil/Industrial-Security-Program/Industrial-Security-Clearance-Decisions/ISCR-Hearing-Decisions/Archived-ISCR-Hearing-Decisions/2016-and-Prior-ISCR-Hearing-Decisions-1/FileId/127030/
05-06913,appeal,true_duplicate_deleted,byte-identical full_text; discarded source_url: https://doha.ogc.osd.mil/Industrial-Security-Program/Industrial-Security-Clearance-Decisions/ISCR-Hearing-Decisions/Archived-ISCR-Hearing-Decisions/2016-and-Prior-ISCR-Hearing-Decisions-1/FileId/127031/
05-07183,appeal,true_duplicate_deleted,byte-identical full_text; discarded source_url: https://doha.ogc.osd.mil/Industrial-Security-Program/Industrial-Security-Clearance-Decisions/ISCR-Hearing-Decisions/Archived-ISCR-Hearing-Decisions/2016-and-Prior-ISCR-Hearing-Decisions-1/FileId/127036/
05-07747,appeal,true_duplicate_deleted,byte-identical full_text; discarded source_url: https://doha.ogc.osd.mil/Industrial-Security-Program/Industrial-Security-Clearance-Decisions/ISCR-Hearing-Decisions/Archived-ISCR-Hearing-Decisions/2016-and-Prior-ISCR-Hearing-Decisions-1/FileId/127040/
05-08843,appeal,true_duplicate_deleted,byte-identical full_text; discarded source_url: https://doha.ogc.osd.mil/Industrial-Security-Program/Industrial-Security-Clearance-Decisions/ISCR-Hearing-Decisions/Archived-ISCR-Hearing-Decisions/2016-and-Prior-ISCR-Hearing-Decisions-1/FileId/127041/
05-07983,appeal,true_duplicate_deleted,byte-identical full_text; discarded source_url: https://doha.ogc.osd.mil/Industrial-Security-Program/Industrial-Security-Clearance-Decisions/ISCR-Hearing-Decisions/Archived-ISCR-Hearing-Decisions/2016-and-Prior-ISCR-Hearing-Decisions-1/FileId/127042/
05-10019,appeal,true_duplicate_deleted,byte-identical full_text; discarded source_url: https://doha.ogc.osd.mil/Industrial-Security-Program/Industrial-Security-Clearance-Decisions/ISCR-Hearing-Decisions/Archived-ISCR-Hearing-Decisions/2016-and-Prior-ISCR-Hearing-Decisions-1/FileId/127050/
05-10467,appeal,true_duplicate_deleted,byte-identical full_text; discarded source_url: https://doha.ogc.osd.mil/Industrial-Security-Program/Industrial-Security-Clearance-Decisions/ISCR-Hearing-Decisions/Archived-ISCR-Hearing-Decisions/2016-and-Prior-ISCR-Hearing-Decisions-1/FileId/127054/
05-10843,appeal,true_duplicate_deleted,byte-identical full_text; discarded source_url: https://doha.ogc.osd.mil/Industrial-Security-Program/Industrial-Security-Clearance-Decisions/ISCR-Hearing-Decisions/Archived-ISCR-Hearing-Decisions/2016-and-Prior-ISCR-Hearing-Decisions-1/FileId/127056/
05-10921,appeal,true_duplicate_deleted,byte-identical full_text; discarded source_url: https://doha.ogc.osd.mil/Industrial-Security-Program/Industrial-Security-Clearance-Decisions/ISCR-Hearing-Decisions/Archived-ISCR-Hearing-Decisions/2016-and-Prior-ISCR-Hearing-Decisions-1/FileId/127059/
05-11175,appeal,true_duplicate_deleted,byte-identical full_text; discarded source_url: https://doha.ogc.osd.mil/Industrial-Security-Program/Industrial-Security-Clearance-Decisions/ISCR-Hearing-Decisions/Archived-ISCR-Hearing-Decisions/2016-and-Prior-ISCR-Hearing-Decisions-1/FileId/127064/
05-11134,appeal,true_duplicate_deleted,byte-identical full_text; discarded source_url: https://doha.ogc.osd.mil/Industrial-Security-Program/Industrial-Security-Clearance-Decisions/ISCR-Hearing-Decisions/Archived-ISCR-Hearing-Decisions/2016-and-Prior-ISCR-Hearing-Decisions-1/FileId/127060/
05-11292,appeal,true_duplicate_deleted,byte-identical full_text; discarded source_url: https://doha.ogc.osd.mil/Industrial-Security-Program/Industrial-Security-Clearance-Decisions/ISCR-Hearing-Decisions/Archived-ISCR-Hearing-Decisions/2016-and-Prior-ISCR-Hearing-Decisions-1/FileId/127065/
05-11641,appeal,true_duplicate_deleted,byte-identical full_text; discarded source_url: https://doha.ogc.osd.mil/Industrial-Security-Program/Industrial-Security-Clearance-Decisions/ISCR-Hearing-Decisions/Archived-ISCR-Hearing-Decisions/2016-and-Prior-ISCR-Hearing-Decisions-1/FileId/127070/
05-12037,appeal,true_duplicate_deleted,byte-identical full_text; discarded source_url: https://doha.ogc.osd.mil/Industrial-Security-Program/Industrial-Security-Clearance-Decisions/ISCR-Hearing-Decisions/Archived-ISCR-Hearing-Decisions/2016-and-Prior-ISCR-Hearing-Decisions-1/FileId/127072/
05-11853,appeal,true_duplicate_deleted,byte-identical full_text; discarded source_url: https://doha.ogc.osd.mil/Industrial-Security-Program/Industrial-Security-Clearance-Decisions/ISCR-Hearing-Decisions/Archived-ISCR-Hearing-Decisions/2016-and-Prior-ISCR-Hearing-Decisions-1/FileId/127074/
05-12088,appeal,true_duplicate_deleted,byte-identical full_text; discarded source_url: https://doha.ogc.osd.mil/Industrial-Security-Program/Industrial-Security-Clearance-Decisions/ISCR-Hearing-Decisions/Archived-ISCR-Hearing-Decisions/2016-and-Prior-ISCR-Hearing-Decisions-1/FileId/127078/
05-12532,appeal,true_duplicate_deleted,byte-identical full_text; discarded source_url: https://doha.ogc.osd.mil/Industrial-Security-Program/Industrial-Security-Clearance-Decisions/ISCR-Hearing-Decisions/Archived-ISCR-Hearing-Decisions/2016-and-Prior-ISCR-Hearing-Decisions-1/FileId/127080/
05-13515,appeal,true_duplicate_deleted,byte-identical full_text; discarded source_url: https://doha.ogc.osd.mil/Industrial-Security-Program/Industrial-Security-Clearance-Decisions/ISCR-Hearing-Decisions/Archived-ISCR-Hearing-Decisions/2016-and-Prior-ISCR-Hearing-Decisions-1/FileId/127082/
05-14135,appeal,true_duplicate_deleted,byte-identical full_text; discarded source_url: https://doha.ogc.osd.mil/Industrial-Security-Program/Industrial-Security-Clearance-Decisions/ISCR-Hearing-Decisions/Archived-ISCR-Hearing-Decisions/2016-and-Prior-ISCR-Hearing-Decisions-1/FileId/127089/
05-14114,appeal,true_duplicate_deleted,byte-identical full_text; discarded source_url: https://doha.ogc.osd.mil/Industrial-Security-Program/Industrial-Security-Clearance-Decisions/ISCR-Hearing-Decisions/Archived-ISCR-Hearing-Decisions/2016-and-Prior-ISCR-Hearing-Decisions-1/FileId/127088/
05-12836,appeal,true_duplicate_deleted,byte-identical full_text; discarded source_url: https://doha.ogc.osd.mil/Industrial-Security-Program/Industrial-Security-Clearance-Decisions/ISCR-Hearing-Decisions/Archived-ISCR-Hearing-Decisions/2016-and-Prior-ISCR-Hearing-Decisions-1/FileId/127079/
05-14853,appeal,true_duplicate_deleted,byte-identical full_text; discarded source_url: https://doha.ogc.osd.mil/Industrial-Security-Program/Industrial-Security-Clearance-Decisions/ISCR-Hearing-Decisions/Archived-ISCR-Hearing-Decisions/2016-and-Prior-ISCR-Hearing-Decisions-1/FileId/127098/
05-14488,appeal,true_duplicate_deleted,byte-identical full_text; discarded source_url: https://doha.ogc.osd.mil/Industrial-Security-Program/Industrial-Security-Clearance-Decisions/ISCR-Hearing-Decisions/Archived-ISCR-Hearing-Decisions/2016-and-Prior-ISCR-Hearing-Decisions-1/FileId/127094/
05-16318,appeal,true_duplicate_deleted,byte-identical full_text; discarded source_url: https://doha.ogc.osd.mil/Industrial-Security-Program/Industrial-Security-Clearance-Decisions/ISCR-Hearing-Decisions/Archived-ISCR-Hearing-Decisions/2016-and-Prior-ISCR-Hearing-Decisions-1/FileId/127108/
05-16046,appeal,true_duplicate_deleted,byte-identical full_text; discarded source_url: https://doha.ogc.osd.mil/Industrial-Security-Program/Industrial-Security-Clearance-Decisions/ISCR-Hearing-Decisions/Archived-ISCR-Hearing-Decisions/2016-and-Prior-ISCR-Hearing-Decisions-1/FileId/127106/
05-16601,appeal,true_duplicate_deleted,byte-identical full_text; discarded source_url: https://doha.ogc.osd.mil/Industrial-Security-Program/Industrial-Security-Clearance-Decisions/ISCR-Hearing-Decisions/Archived-ISCR-Hearing-Decisions/2016-and-Prior-ISCR-Hearing-Decisions-1/FileId/127110/
05-16743,appeal,true_duplicate_deleted,byte-identical full_text; discarded source_url: https://doha.ogc.osd.mil/Industrial-Security-Program/Industrial-Security-Clearance-Decisions/ISCR-Hearing-Decisions/Archived-ISCR-Hearing-Decisions/2016-and-Prior-ISCR-Hearing-Decisions-1/FileId/127111/
05-16779,appeal,true_duplicate_deleted,byte-identical full_text; discarded source_url: https://doha.ogc.osd.mil/Industrial-Security-Program/Industrial-Security-Clearance-Decisions/ISCR-Hearing-Decisions/Archived-ISCR-Hearing-Decisions/2016-and-Prior-ISCR-Hearing-Decisions-1/FileId/127113/
05-16753,appeal,true_duplicate_deleted,byte-identical full_text; discarded source_url: https://doha.ogc.osd.mil/Industrial-Security-Program/Industrial-Security-Clearance-Decisions/ISCR-Hearing-Decisions/Archived-ISCR-Hearing-Decisions/2016-and-Prior-ISCR-Hearing-Decisions-1/FileId/127115/
05-17030,appeal,true_duplicate_deleted,byte-identical full_text; discarded source_url: https://doha.ogc.osd.mil/Industrial-Security-Program/Industrial-Security-Clearance-Decisions/ISCR-Hearing-Decisions/Archived-ISCR-Hearing-Decisions/2016-and-Prior-ISCR-Hearing-Decisions-1/FileId/127118/
05-17074,appeal,true_duplicate_deleted,byte-identical full_text; discarded source_url: https://doha.ogc.osd.mil/Industrial-Security-Program/Industrial-Security-Clearance-Decisions/ISCR-Hearing-Decisions/Archived-ISCR-Hearing-Decisions/2016-and-Prior-ISCR-Hearing-Decisions-1/FileId/127119/
05-17812,appeal,true_duplicate_deleted,byte-identical full_text; discarded source_url: https://doha.ogc.osd.mil/Industrial-Security-Program/Industrial-Security-Clearance-Decisions/ISCR-Hearing-Decisions/Archived-ISCR-Hearing-Decisions/2016-and-Prior-ISCR-Hearing-Decisions-1/FileId/127120/
06-00184,appeal,true_duplicate_deleted,byte-identical full_text; discarded source_url: https://doha.ogc.osd.mil/Industrial-Security-Program/Industrial-Security-Clearance-Decisions/ISCR-Hearing-Decisions/Archived-ISCR-Hearing-Decisions/2016-and-Prior-ISCR-Hearing-Decisions-1/FileId/127126/
06-00375,appeal,true_duplicate_deleted,byte-identical full_text; discarded source_url: https://doha.ogc.osd.mil/Industrial-Security-Program/Industrial-Security-Clearance-Decisions/ISCR-Hearing-Decisions/Archived-ISCR-Hearing-Decisions/2016-and-Prior-ISCR-Hearing-Decisions-1/FileId/127127/
06-00520,appeal,true_duplicate_deleted,byte-identical full_text; discarded source_url: https://doha.ogc.osd.mil/Industrial-Security-Program/Industrial-Security-Clearance-Decisions/ISCR-Hearing-Decisions/Archived-ISCR-Hearing-Decisions/2016-and-Prior-ISCR-Hearing-Decisions-1/FileId/127131/
06-00635,appeal,true_duplicate_deleted,byte-identical full_text; discarded source_url: https://doha.ogc.osd.mil/Industrial-Security-Program/Industrial-Security-Clearance-Decisions/ISCR-Hearing-Decisions/Archived-ISCR-Hearing-Decisions/2016-and-Prior-ISCR-Hearing-Decisions-1/FileId/127132/
06-00672,appeal,true_duplicate_deleted,byte-identical full_text; discarded source_url: https://doha.ogc.osd.mil/Industrial-Security-Program/Industrial-Security-Clearance-Decisions/ISCR-Hearing-Decisions/Archived-ISCR-Hearing-Decisions/2016-and-Prior-ISCR-Hearing-Decisions-1/FileId/127138/
06-00799,appeal,true_duplicate_deleted,byte-identical full_text; discarded source_url: https://doha.ogc.osd.mil/Industrial-Security-Program/Industrial-Security-Clearance-Decisions/ISCR-Hearing-Decisions/Archived-ISCR-Hearing-Decisions/2016-and-Prior-ISCR-Hearing-Decisions-1/FileId/127137/
06-02549,appeal,true_duplicate_deleted,byte-identical full_text; discarded source_url: https://doha.ogc.osd.mil/Industrial-Security-Program/Industrial-Security-Clearance-Decisions/ISCR-Hearing-Decisions/Archived-ISCR-Hearing-Decisions/2016-and-Prior-ISCR-Hearing-Decisions-1/FileId/127150/
06-02669,appeal,true_duplicate_deleted,byte-identical full_text; discarded source_url: https://doha.ogc.osd.mil/Industrial-Security-Program/Industrial-Security-Clearance-Decisions/ISCR-Hearing-Decisions/Archived-ISCR-Hearing-Decisions/2016-and-Prior-ISCR-Hearing-Decisions-1/FileId/127155/
06-02705,appeal,true_duplicate_deleted,byte-identical full_text; discarded source_url: https://doha.ogc.osd.mil/Industrial-Security-Program/Industrial-Security-Clearance-Decisions/ISCR-Hearing-Decisions/Archived-ISCR-Hearing-Decisions/2016-and-Prior-ISCR-Hearing-Decisions-1/FileId/127154/
06-03230,appeal,true_duplicate_deleted,byte-identical full_text; discarded source_url: https://doha.ogc.osd.mil/Industrial-Security-Program/Industrial-Security-Clearance-Decisions/ISCR-Hearing-Decisions/Archived-ISCR-Hearing-Decisions/2016-and-Prior-ISCR-Hearing-Decisions-1/FileId/127161/
06-03606,appeal,true_duplicate_deleted,byte-identical full_text; discarded source_url: https://doha.ogc.osd.mil/Industrial-Security-Program/Industrial-Security-Clearance-Decisions/ISCR-Hearing-Decisions/Archived-ISCR-Hearing-Decisions/2016-and-Prior-ISCR-Hearing-Decisions-1/FileId/127160/
06-05524,appeal,true_duplicate_deleted,byte-identical full_text; discarded source_url: https://doha.ogc.osd.mil/Industrial-Security-Program/Industrial-Security-Clearance-Decisions/ISCR-Hearing-Decisions/Archived-ISCR-Hearing-Decisions/2016-and-Prior-ISCR-Hearing-Decisions-1/FileId/127175/
06-05903,appeal,true_duplicate_deleted,byte-identical full_text; discarded source_url: https://doha.ogc.osd.mil/Industrial-Security-Program/Industrial-Security-Clearance-Decisions/ISCR-Hearing-Decisions/Archived-ISCR-Hearing-Decisions/2016-and-Prior-ISCR-Hearing-Decisions-1/FileId/127176/
06-06459,appeal,true_duplicate_deleted,byte-identical full_text; discarded source_url: https://doha.ogc.osd.mil/Industrial-Security-Program/Industrial-Security-Clearance-Decisions/ISCR-Hearing-Decisions/Archived-ISCR-Hearing-Decisions/2016-and-Prior-ISCR-Hearing-Decisions-1/FileId/127181/
06-07172,appeal,true_duplicate_deleted,byte-identical full_text; discarded source_url: https://doha.ogc.osd.mil/Industrial-Security-Program/Industrial-Security-Clearance-Decisions/ISCR-Hearing-Decisions/Archived-ISCR-Hearing-Decisions/2016-and-Prior-ISCR-Hearing-Decisions-1/FileId/127185/
06-06496,appeal,true_duplicate_deleted,byte-identical full_text; discarded source_url: https://doha.ogc.osd.mil/Industrial-Security-Program/Industrial-Security-Clearance-Decisions/ISCR-Hearing-Decisions/Archived-ISCR-Hearing-Decisions/2016-and-Prior-ISCR-Hearing-Decisions-1/FileId/127182/
06-07145,appeal,true_duplicate_deleted,byte-identical full_text; discarded source_url: https://doha.ogc.osd.mil/Industrial-Security-Program/Industrial-Security-Clearance-Decisions/ISCR-Hearing-Decisions/Archived-ISCR-Hearing-Decisions/2016-and-Prior-ISCR-Hearing-Decisions-1/FileId/127187/
06-07247,appeal,true_duplicate_deleted,byte-identical full_text; discarded source_url: https://doha.ogc.osd.mil/Industrial-Security-Program/Industrial-Security-Clearance-Decisions/ISCR-Hearing-Decisions/Archived-ISCR-Hearing-Decisions/2016-and-Prior-ISCR-Hearing-Decisions-1/FileId/127190/
06-07292,appeal,true_duplicate_deleted,byte-identical full_text; discarded source_url: https://doha.ogc.osd.mil/Industrial-Security-Program/Industrial-Security-Clearance-Decisions/ISCR-Hearing-Decisions/Archived-ISCR-Hearing-Decisions/2016-and-Prior-ISCR-Hearing-Decisions-1/FileId/127192/
06-07293,appeal,true_duplicate_deleted,byte-identical full_text; discarded source_url: https://doha.ogc.osd.mil/Industrial-Security-Program/Industrial-Security-Clearance-Decisions/ISCR-Hearing-Decisions/Archived-ISCR-Hearing-Decisions/2016-and-Prior-ISCR-Hearing-Decisions-1/FileId/127193/
06-07421,appeal,true_duplicate_deleted,byte-identical full_text; discarded source_url: https://doha.ogc.osd.mil/Industrial-Security-Program/Industrial-Security-Clearance-Decisions/ISCR-Hearing-Decisions/Archived-ISCR-Hearing-Decisions/2016-and-Prior-ISCR-Hearing-Decisions-1/FileId/127197/
06-07320,appeal,true_duplicate_deleted,byte-identical full_text; discarded source_url: https://doha.ogc.osd.mil/Industrial-Security-Program/Industrial-Security-Clearance-Decisions/ISCR-Hearing-Decisions/Archived-ISCR-Hearing-Decisions/2016-and-Prior-ISCR-Hearing-Decisions-1/FileId/127191/
06-07554,appeal,true_duplicate_deleted,byte-identical full_text; discarded source_url: https://doha.ogc.osd.mil/Industrial-Security-Program/Industrial-Security-Clearance-Decisions/ISCR-Hearing-Decisions/Archived-ISCR-Hearing-Decisions/2016-and-Prior-ISCR-Hearing-Decisions-1/FileId/127198/
06-07515,appeal,true_duplicate_deleted,byte-identical full_text; discarded source_url: https://doha.ogc.osd.mil/Industrial-Security-Program/Industrial-Security-Clearance-Decisions/ISCR-Hearing-Decisions/Archived-ISCR-Hearing-Decisions/2016-and-Prior-ISCR-Hearing-Decisions-1/FileId/127200/
06-07674,appeal,true_duplicate_deleted,byte-identical full_text; discarded source_url: https://doha.ogc.osd.mil/Industrial-Security-Program/Industrial-Security-Clearance-Decisions/ISCR-Hearing-Decisions/Archived-ISCR-Hearing-Decisions/2016-and-Prior-ISCR-Hearing-Decisions-1/FileId/127204/
06-07827,appeal,true_duplicate_deleted,byte-identical full_text; discarded source_url: https://doha.ogc.osd.mil/Industrial-Security-Program/Industrial-Security-Clearance-Decisions/ISCR-Hearing-Decisions/Archived-ISCR-Hearing-Decisions/2016-and-Prior-ISCR-Hearing-Decisions-1/FileId/127206/
06-07581,appeal,true_duplicate_deleted,byte-identical full_text; discarded source_url: https://doha.ogc.osd.mil/Industrial-Security-Program/Industrial-Security-Clearance-Decisions/ISCR-Hearing-Decisions/Archived-ISCR-Hearing-Decisions/2016-and-Prior-ISCR-Hearing-Decisions-1/FileId/127203/
06-08085,appeal,true_duplicate_deleted,byte-identical full_text; discarded source_url: https://doha.ogc.osd.mil/Industrial-Security-Program/Industrial-Security-Clearance-Decisions/ISCR-Hearing-Decisions/Archived-ISCR-Hearing-Decisions/2016-and-Prior-ISCR-Hearing-Decisions-1/FileId/127211/
06-08410,appeal,true_duplicate_deleted,byte-identical full_text; discarded source_url: https://doha.ogc.osd.mil/Industrial-Security-Program/Industrial-Security-Clearance-Decisions/ISCR-Hearing-Decisions/Archived-ISCR-Hearing-Decisions/2016-and-Prior-ISCR-Hearing-Decisions-1/FileId/127212/
06-08598,appeal,true_duplicate_deleted,byte-identical full_text; discarded source_url: https://doha.ogc.osd.mil/Industrial-Security-Program/Industrial-Security-Clearance-Decisions/ISCR-Hearing-Decisions/Archived-ISCR-Hearing-Decisions/2016-and-Prior-ISCR-Hearing-Decisions-1/FileId/127216/
06-08653,appeal,true_duplicate_deleted,byte-identical full_text; discarded source_url: https://doha.ogc.osd.mil/Industrial-Security-Program/Industrial-Security-Clearance-Decisions/ISCR-Hearing-Decisions/Archived-ISCR-Hearing-Decisions/2016-and-Prior-ISCR-Hearing-Decisions-1/FileId/127217/
06-08708,appeal,true_duplicate_deleted,byte-identical full_text; discarded source_url: https://doha.ogc.osd.mil/Industrial-Security-Program/Industrial-Security-Clearance-Decisions/ISCR-Hearing-Decisions/Archived-ISCR-Hearing-Decisions/2016-and-Prior-ISCR-Hearing-Decisions-1/FileId/127222/
06-08904,appeal,true_duplicate_deleted,byte-identical full_text; discarded source_url: https://doha.ogc.osd.mil/Industrial-Security-Program/Industrial-Security-Clearance-Decisions/ISCR-Hearing-Decisions/Archived-ISCR-Hearing-Decisions/2016-and-Prior-ISCR-Hearing-Decisions-1/FileId/127225/
06-09293,appeal,true_duplicate_deleted,byte-identical full_text; discarded source_url: https://doha.ogc.osd.mil/Industrial-Security-Program/Industrial-Security-Clearance-Decisions/ISCR-Hearing-Decisions/Archived-ISCR-Hearing-Decisions/2016-and-Prior-ISCR-Hearing-Decisions-1/FileId/127235/
06-09462,appeal,true_duplicate_deleted,byte-identical full_text; discarded source_url: https://doha.ogc.osd.mil/Industrial-Security-Program/Industrial-Security-Clearance-Decisions/ISCR-Hearing-Decisions/Archived-ISCR-Hearing-Decisions/2016-and-Prior-ISCR-Hearing-Decisions-1/FileId/127236/
06-09542,appeal,true_duplicate_deleted,byte-identical full_text; discarded source_url: https://doha.ogc.osd.mil/Industrial-Security-Program/Industrial-Security-Clearance-Decisions/ISCR-Hearing-Decisions/Archived-ISCR-Hearing-Decisions/2016-and-Prior-ISCR-Hearing-Decisions-1/FileId/127240/
06-09401,appeal,true_duplicate_deleted,byte-identical full_text; discarded source_url: https://doha.ogc.osd.mil/Industrial-Security-Program/Industrial-Security-Clearance-Decisions/ISCR-Hearing-Decisions/Archived-ISCR-Hearing-Decisions/2016-and-Prior-ISCR-Hearing-Decisions-1/FileId/127234/
06-09643,appeal,true_duplicate_deleted,byte-identical full_text; discarded source_url: https://doha.ogc.osd.mil/Industrial-Security-Program/Industrial-Security-Clearance-Decisions/ISCR-Hearing-Decisions/Archived-ISCR-Hearing-Decisions/2016-and-Prior-ISCR-Hearing-Decisions-1/FileId/127241/
06-09782,appeal,true_duplicate_deleted,byte-identical full_text; discarded source_url: https://doha.ogc.osd.mil/Industrial-Security-Program/Industrial-Security-Clearance-Decisions/ISCR-Hearing-Decisions/Archived-ISCR-Hearing-Decisions/2016-and-Prior-ISCR-Hearing-Decisions-1/FileId/127246/
06-10859,appeal,true_duplicate_deleted,byte-identical full_text; discarded source_url: https://doha.ogc.osd.mil/Industrial-Security-Program/Industrial-Security-Clearance-Decisions/ISCR-Hearing-Decisions/Archived-ISCR-Hearing-Decisions/2016-and-Prior-ISCR-Hearing-Decisions-1/FileId/127264/
06-10320,appeal,true_duplicate_deleted,byte-identical full_text; discarded source_url: https://doha.ogc.osd.mil/Industrial-Security-Program/Industrial-Security-Clearance-Decisions/ISCR-Hearing-Decisions/Archived-ISCR-Hearing-Decisions/2016-and-Prior-ISCR-Hearing-Decisions-1/FileId/127255/
06-10663,appeal,true_duplicate_deleted,byte-identical full_text; discarded source_url: https://doha.ogc.osd.mil/Industrial-Security-Program/Industrial-Security-Clearance-Decisions/ISCR-Hearing-Decisions/Archived-ISCR-Hearing-Decisions/2016-and-Prior-ISCR-Hearing-Decisions-1/FileId/127263/
06-10888,appeal,true_duplicate_deleted,byte-identical full_text; discarded source_url: https://doha.ogc.osd.mil/Industrial-Security-Program/Industrial-Security-Clearance-Decisions/ISCR-Hearing-Decisions/Archived-ISCR-Hearing-Decisions/2016-and-Prior-ISCR-Hearing-Decisions-1/FileId/127269/
06-10890,appeal,true_duplicate_deleted,byte-identical full_text; discarded source_url: https://doha.ogc.osd.mil/Industrial-Security-Program/Industrial-Security-Clearance-Decisions/ISCR-Hearing-Decisions/Archived-ISCR-Hearing-Decisions/2016-and-Prior-ISCR-Hearing-Decisions-1/FileId/127270/
06-10950,appeal,true_duplicate_deleted,byte-identical full_text; discarded source_url: https://doha.ogc.osd.mil/Industrial-Security-Program/Industrial-Security-Clearance-Decisions/ISCR-Hearing-Decisions/Archived-ISCR-Hearing-Decisions/2016-and-Prior-ISCR-Hearing-Decisions-1/FileId/127271/
06-11364,appeal,true_duplicate_deleted,byte-identical full_text; discarded source_url: https://doha.ogc.osd.mil/Industrial-Security-Program/Industrial-Security-Clearance-Decisions/ISCR-Hearing-Decisions/Archived-ISCR-Hearing-Decisions/2016-and-Prior-ISCR-Hearing-Decisions-1/FileId/127276/
06-11172,appeal,true_duplicate_deleted,byte-identical full_text; discarded source_url: https://doha.ogc.osd.mil/Industrial-Security-Program/Industrial-Security-Clearance-Decisions/ISCR-Hearing-Decisions/Archived-ISCR-Hearing-Decisions/2016-and-Prior-ISCR-Hearing-Decisions-1/FileId/127275/
06-11376,appeal,true_duplicate_deleted,byte-identical full_text; discarded source_url: https://doha.ogc.osd.mil/Industrial-Security-Program/Industrial-Security-Clearance-Decisions/ISCR-Hearing-Decisions/Archived-ISCR-Hearing-Decisions/2016-and-Prior-ISCR-Hearing-Decisions-1/FileId/127279/
06-11498,appeal,true_duplicate_deleted,byte-identical full_text; discarded source_url: https://doha.ogc.osd.mil/Industrial-Security-Program/Industrial-Security-Clearance-Decisions/ISCR-Hearing-Decisions/Archived-ISCR-Hearing-Decisions/2016-and-Prior-ISCR-Hearing-Decisions-1/FileId/127281/
06-11682,appeal,true_duplicate_deleted,byte-identical full_text; discarded source_url: https://doha.ogc.osd.mil/Industrial-Security-Program/Industrial-Security-Clearance-Decisions/ISCR-Hearing-Decisions/Archived-ISCR-Hearing-Decisions/2016-and-Prior-ISCR-Hearing-Decisions-1/FileId/127289/
06-11721,appeal,true_duplicate_deleted,byte-identical full_text; discarded source_url: https://doha.ogc.osd.mil/Industrial-Security-Program/Industrial-Security-Clearance-Decisions/ISCR-Hearing-Decisions/Archived-ISCR-Hearing-Decisions/2016-and-Prior-ISCR-Hearing-Decisions-1/FileId/127292/
06-11767,appeal,true_duplicate_deleted,byte-identical full_text; discarded source_url: https://doha.ogc.osd.mil/Industrial-Security-Program/Industrial-Security-Clearance-Decisions/ISCR-Hearing-Decisions/Archived-ISCR-Hearing-Decisions/2016-and-Prior-ISCR-Hearing-Decisions-1/FileId/127294/
06-11792,appeal,true_duplicate_deleted,byte-identical full_text; discarded source_url: https://doha.ogc.osd.mil/Industrial-Security-Program/Industrial-Security-Clearance-Decisions/ISCR-Hearing-Decisions/Archived-ISCR-Hearing-Decisions/2016-and-Prior-ISCR-Hearing-Decisions-1/FileId/127296/
06-11803,appeal,true_duplicate_deleted,byte-identical full_text; discarded source_url: https://doha.ogc.osd.mil/Industrial-Security-Program/Industrial-Security-Clearance-Decisions/ISCR-Hearing-Decisions/Archived-ISCR-Hearing-Decisions/2016-and-Prior-ISCR-Hearing-Decisions-1/FileId/127299/
06-11898,appeal,true_duplicate_deleted,byte-identical full_text; discarded source_url: https://doha.ogc.osd.mil/Industrial-Security-Program/Industrial-Security-Clearance-Decisions/ISCR-Hearing-Decisions/Archived-ISCR-Hearing-Decisions/2016-and-Prior-ISCR-Hearing-Decisions-1/FileId/127300/
06-11901,appeal,true_duplicate_deleted,byte-identical full_text; discarded source_url: https://doha.ogc.osd.mil/Industrial-Security-Program/Industrial-Security-Clearance-Decisions/ISCR-Hearing-Decisions/Archived-ISCR-Hearing-Decisions/2016-and-Prior-ISCR-Hearing-Decisions-1/FileId/127302/
06-11903,appeal,true_duplicate_deleted,byte-identical full_text; discarded source_url: https://doha.ogc.osd.mil/Industrial-Security-Program/Industrial-Security-Clearance-Decisions/ISCR-Hearing-Decisions/Archived-ISCR-Hearing-Decisions/2016-and-Prior-ISCR-Hearing-Decisions-1/FileId/127307/
06-12032,appeal,true_duplicate_deleted,byte-identical full_text; discarded source_url: https://doha.ogc.osd.mil/Industrial-Security-Program/Industrial-Security-Clearance-Decisions/ISCR-Hearing-Decisions/Archived-ISCR-Hearing-Decisions/2016-and-Prior-ISCR-Hearing-Decisions-1/FileId/127313/
06-12130,appeal,true_duplicate_deleted,byte-identical full_text; discarded source_url: https://doha.ogc.osd.mil/Industrial-Security-Program/Industrial-Security-Clearance-Decisions/ISCR-Hearing-Decisions/Archived-ISCR-Hearing-Decisions/2016-and-Prior-ISCR-Hearing-Decisions-1/FileId/127316/
06-12284,appeal,true_duplicate_deleted,byte-identical full_text; discarded source_url: https://doha.ogc.osd.mil/Industrial-Security-Program/Industrial-Security-Clearance-Decisions/ISCR-Hearing-Decisions/Archived-ISCR-Hearing-Decisions/2016-and-Prior-ISCR-Hearing-Decisions-1/FileId/127321/
06-12429,appeal,true_duplicate_deleted,byte-identical full_text; discarded source_url: https://doha.ogc.osd.mil/Industrial-Security-Program/Industrial-Security-Clearance-Decisions/ISCR-Hearing-Decisions/Archived-ISCR-Hearing-Decisions/2016-and-Prior-ISCR-Hearing-Decisions-1/FileId/127324/
06-12626,appeal,true_duplicate_deleted,byte-identical full_text; discarded source_url: https://doha.ogc.osd.mil/Industrial-Security-Program/Industrial-Security-Clearance-Decisions/ISCR-Hearing-Decisions/Archived-ISCR-Hearing-Decisions/2016-and-Prior-ISCR-Hearing-Decisions-1/FileId/127329/
06-12656,appeal,true_duplicate_deleted,byte-identical full_text; discarded source_url: https://doha.ogc.osd.mil/Industrial-Security-Program/Industrial-Security-Clearance-Decisions/ISCR-Hearing-Decisions/Archived-ISCR-Hearing-Decisions/2016-and-Prior-ISCR-Hearing-Decisions-1/FileId/127330/
06-13629,appeal,true_duplicate_deleted,byte-identical full_text; discarded source_url: https://doha.ogc.osd.mil/Industrial-Security-Program/Industrial-Security-Clearance-Decisions/ISCR-Hearing-Decisions/Archived-ISCR-Hearing-Decisions/2016-and-Prior-ISCR-Hearing-Decisions-1/FileId/127360/
06-12765,appeal,true_duplicate_deleted,byte-identical full_text; discarded source_url: https://doha.ogc.osd.mil/Industrial-Security-Program/Industrial-Security-Clearance-Decisions/ISCR-Hearing-Decisions/Archived-ISCR-Hearing-Decisions/2016-and-Prior-ISCR-Hearing-Decisions-1/FileId/127333/
06-13610,appeal,true_duplicate_deleted,byte-identical full_text; discarded source_url: https://doha.ogc.osd.mil/Industrial-Security-Program/Industrial-Security-Clearance-Decisions/ISCR-Hearing-Decisions/Archived-ISCR-Hearing-Decisions/2016-and-Prior-ISCR-Hearing-Decisions-1/FileId/127356/
06-12930,appeal,true_duplicate_deleted,byte-identical full_text; discarded source_url: https://doha.ogc.osd.mil/Industrial-Security-Program/Industrial-Security-Clearance-Decisions/ISCR-Hearing-Decisions/Archived-ISCR-Hearing-Decisions/2016-and-Prior-ISCR-Hearing-Decisions-1/FileId/127338/
06-12901,appeal,true_duplicate_deleted,byte-identical full_text; discarded source_url: https://doha.ogc.osd.mil/Industrial-Security-Program/Industrial-Security-Clearance-Decisions/ISCR-Hearing-Decisions/Archived-ISCR-Hearing-Decisions/2016-and-Prior-ISCR-Hearing-Decisions-1/FileId/127339/
06-13879,appeal,true_duplicate_deleted,byte-identical full_text; discarded source_url: https://doha.ogc.osd.mil/Industrial-Security-Program/Industrial-Security-Clearance-Decisions/ISCR-Hearing-Decisions/Archived-ISCR-Hearing-Decisions/2016-and-Prior-ISCR-Hearing-Decisions-1/FileId/127362/
06-14166,appeal,true_duplicate_deleted,byte-identical full_text; discarded source_url: https://doha.ogc.osd.mil/Industrial-Security-Program/Industrial-Security-Clearance-Decisions/ISCR-Hearing-Decisions/Archived-ISCR-Hearing-Decisions/2016-and-Prior-ISCR-Hearing-Decisions-1/FileId/127374/
06-14616,appeal,true_duplicate_deleted,byte-identical full_text; discarded source_url: https://doha.ogc.osd.mil/Industrial-Security-Program/Industrial-Security-Clearance-Decisions/ISCR-Hearing-Decisions/Archived-ISCR-Hearing-Decisions/2016-and-Prior-ISCR-Hearing-Decisions-1/FileId/127387/
06-14629,appeal,true_duplicate_deleted,byte-identical full_text; discarded source_url: https://doha.ogc.osd.mil/Industrial-Security-Program/Industrial-Security-Clearance-Decisions/ISCR-Hearing-Decisions/Archived-ISCR-Hearing-Decisions/2016-and-Prior-ISCR-Hearing-Decisions-1/FileId/127385/
06-14707,appeal,true_duplicate_deleted,byte-identical full_text; discarded source_url: https://doha.ogc.osd.mil/Industrial-Security-Program/Industrial-Security-Clearance-Decisions/ISCR-Hearing-Decisions/Archived-ISCR-Hearing-Decisions/2016-and-Prior-ISCR-Hearing-Decisions-1/FileId/127394/
06-14978,appeal,true_duplicate_deleted,byte-identical full_text; discarded source_url: https://doha.ogc.osd.mil/Industrial-Security-Program/Industrial-Security-Clearance-Decisions/ISCR-Hearing-Decisions/Archived-ISCR-Hearing-Decisions/2016-and-Prior-ISCR-Hearing-Decisions-1/FileId/127397/
06-15503,appeal,true_duplicate_deleted,byte-identical full_text; discarded source_url: https://doha.ogc.osd.mil/Industrial-Security-Program/Industrial-Security-Clearance-Decisions/ISCR-Hearing-Decisions/Archived-ISCR-Hearing-Decisions/2016-and-Prior-ISCR-Hearing-Decisions-1/FileId/127418/
06-15508,appeal,true_duplicate_deleted,byte-identical full_text; discarded source_url: https://doha.ogc.osd.mil/Industrial-Security-Program/Industrial-Security-Clearance-Decisions/ISCR-Hearing-Decisions/Archived-ISCR-Hearing-Decisions/2016-and-Prior-ISCR-Hearing-Decisions-1/FileId/127416/
06-16159,appeal,true_duplicate_deleted,byte-identical full_text; discarded source_url: https://doha.ogc.osd.mil/Industrial-Security-Program/Industrial-Security-Clearance-Decisions/ISCR-Hearing-Decisions/Archived-ISCR-Hearing-Decisions/2016-and-Prior-ISCR-Hearing-Decisions-1/FileId/127432/
06-16376,appeal,true_duplicate_deleted,byte-identical full_text; discarded source_url: https://doha.ogc.osd.mil/Industrial-Security-Program/Industrial-Security-Clearance-Decisions/ISCR-Hearing-Decisions/Archived-ISCR-Hearing-Decisions/2016-and-Prior-ISCR-Hearing-Decisions-1/FileId/127438/
06-16663,appeal,true_duplicate_deleted,byte-identical full_text; discarded source_url: https://doha.ogc.osd.mil/Industrial-Security-Program/Industrial-Security-Clearance-Decisions/ISCR-Hearing-Decisions/Archived-ISCR-Hearing-Decisions/2016-and-Prior-ISCR-Hearing-Decisions-1/FileId/127447/
06-16810,appeal,true_duplicate_deleted,byte-identical full_text; discarded source_url: https://doha.ogc.osd.mil/Industrial-Security-Program/Industrial-Security-Clearance-Decisions/ISCR-Hearing-Decisions/Archived-ISCR-Hearing-Decisions/2016-and-Prior-ISCR-Hearing-Decisions-1/FileId/127450/
06-16704,appeal,true_duplicate_deleted,byte-identical full_text; discarded source_url: https://doha.ogc.osd.mil/Industrial-Security-Program/Industrial-Security-Clearance-Decisions/ISCR-Hearing-Decisions/Archived-ISCR-Hearing-Decisions/2016-and-Prior-ISCR-Hearing-Decisions-1/FileId/127445/
06-16850,appeal,true_duplicate_deleted,byte-identical full_text; discarded source_url: https://doha.ogc.osd.mil/Industrial-Security-Program/Industrial-Security-Clearance-Decisions/ISCR-Hearing-Decisions/Archived-ISCR-Hearing-Decisions/2016-and-Prior-ISCR-Hearing-Decisions-1/FileId/127451/
06-16882,appeal,true_duplicate_deleted,byte-identical full_text; discarded source_url: https://doha.ogc.osd.mil/Industrial-Security-Program/Industrial-Security-Clearance-Decisions/ISCR-Hearing-Decisions/Archived-ISCR-Hearing-Decisions/2016-and-Prior-ISCR-Hearing-Decisions-1/FileId/127453/
06-16942,appeal,true_duplicate_deleted,byte-identical full_text; discarded source_url: https://doha.ogc.osd.mil/Industrial-Security-Program/Industrial-Security-Clearance-Decisions/ISCR-Hearing-Decisions/Archived-ISCR-Hearing-Decisions/2016-and-Prior-ISCR-Hearing-Decisions-1/FileId/127456/
06-17001,appeal,true_duplicate_deleted,byte-identical full_text; discarded source_url: https://doha.ogc.osd.mil/Industrial-Security-Program/Industrial-Security-Clearance-Decisions/ISCR-Hearing-Decisions/Archived-ISCR-Hearing-Decisions/2016-and-Prior-ISCR-Hearing-Decisions-1/FileId/127458/
06-17164,appeal,true_duplicate_deleted,byte-identical full_text; discarded source_url: https://doha.ogc.osd.mil/Industrial-Security-Program/Industrial-Security-Clearance-Decisions/ISCR-Hearing-Decisions/Archived-ISCR-Hearing-Decisions/2016-and-Prior-ISCR-Hearing-Decisions-1/FileId/127463/
06-17209,appeal,true_duplicate_deleted,byte-identical full_text; discarded source_url: https://doha.ogc.osd.mil/Industrial-Security-Program/Industrial-Security-Clearance-Decisions/ISCR-Hearing-Decisions/Archived-ISCR-Hearing-Decisions/2016-and-Prior-ISCR-Hearing-Decisions-1/FileId/127468/
06-17302,appeal,true_duplicate_deleted,byte-identical full_text; discarded source_url: https://doha.ogc.osd.mil/Industrial-Security-Program/Industrial-Security-Clearance-Decisions/ISCR-Hearing-Decisions/Archived-ISCR-Hearing-Decisions/2016-and-Prior-ISCR-Hearing-Decisions-1/FileId/127470/
06-17409,appeal,true_duplicate_deleted,byte-identical full_text; discarded source_url: https://doha.ogc.osd.mil/Industrial-Security-Program/Industrial-Security-Clearance-Decisions/ISCR-Hearing-Decisions/Archived-ISCR-Hearing-Decisions/2016-and-Prior-ISCR-Hearing-Decisions-1/FileId/127482/
06-17520,appeal,true_duplicate_deleted,byte-identical full_text; discarded source_url: https://doha.ogc.osd.mil/Industrial-Security-Program/Industrial-Security-Clearance-Decisions/ISCR-Hearing-Decisions/Archived-ISCR-Hearing-Decisions/2016-and-Prior-ISCR-Hearing-Decisions-1/FileId/127484/
06-17541,appeal,true_duplicate_deleted,byte-identical full_text; discarded source_url: https://doha.ogc.osd.mil/Industrial-Security-Program/Industrial-Security-Clearance-Decisions/ISCR-Hearing-Decisions/Archived-ISCR-Hearing-Decisions/2016-and-Prior-ISCR-Hearing-Decisions-1/FileId/127493/
06-17691,appeal,true_duplicate_deleted,byte-identical full_text; discarded source_url: https://doha.ogc.osd.mil/Industrial-Security-Program/Industrial-Security-Clearance-Decisions/ISCR-Hearing-Decisions/Archived-ISCR-Hearing-Decisions/2016-and-Prior-ISCR-Hearing-Decisions-1/FileId/127496/
06-17714,appeal,true_duplicate_deleted,byte-identical full_text; discarded source_url: https://doha.ogc.osd.mil/Industrial-Security-Program/Industrial-Security-Clearance-Decisions/ISCR-Hearing-Decisions/Archived-ISCR-Hearing-Decisions/2016-and-Prior-ISCR-Hearing-Decisions-1/FileId/127497/
06-18096,appeal,true_duplicate_deleted,byte-identical full_text; discarded source_url: https://doha.ogc.osd.mil/Industrial-Security-Program/Industrial-Security-Clearance-Decisions/ISCR-Hearing-Decisions/Archived-ISCR-Hearing-Decisions/2016-and-Prior-ISCR-Hearing-Decisions-1/FileId/127516/
06-17838,appeal,true_duplicate_deleted,byte-identical full_text; discarded source_url: https://doha.ogc.osd.mil/Industrial-Security-Program/Industrial-Security-Clearance-Decisions/ISCR-Hearing-Decisions/Archived-ISCR-Hearing-Decisions/2016-and-Prior-ISCR-Hearing-Decisions-1/FileId/127505/
06-18097,appeal,true_duplicate_deleted,byte-identical full_text; discarded source_url: https://doha.ogc.osd.mil/Industrial-Security-Program/Industrial-Security-Clearance-Decisions/ISCR-Hearing-Decisions/Archived-ISCR-Hearing-Decisions/2016-and-Prior-ISCR-Hearing-Decisions-1/FileId/127518/
06-18270,appeal,true_duplicate_deleted,byte-identical full_text; discarded source_url: https://doha.ogc.osd.mil/Industrial-Security-Program/Industrial-Security-Clearance-Decisions/ISCR-Hearing-Decisions/Archived-ISCR-Hearing-Decisions/2016-and-Prior-ISCR-Hearing-Decisions-1/FileId/127526/
06-18337,appeal,true_duplicate_deleted,byte-identical full_text; discarded source_url: https://doha.ogc.osd.mil/Industrial-Security-Program/Industrial-Security-Clearance-Decisions/ISCR-Hearing-Decisions/Archived-ISCR-Hearing-Decisions/2016-and-Prior-ISCR-Hearing-Decisions-1/FileId/127530/
06-18340,appeal,true_duplicate_deleted,byte-identical full_text; discarded source_url: https://doha.ogc.osd.mil/Industrial-Security-Program/Industrial-Security-Clearance-Decisions/ISCR-Hearing-Decisions/Archived-ISCR-Hearing-Decisions/2016-and-Prior-ISCR-Hearing-Decisions-1/FileId/127532/
06-18411,appeal,true_duplicate_deleted,byte-identical full_text; discarded source_url: https://doha.ogc.osd.mil/Industrial-Security-Program/Industrial-Security-Clearance-Decisions/ISCR-Hearing-Decisions/Archived-ISCR-Hearing-Decisions/2016-and-Prior-ISCR-Hearing-Decisions-1/FileId/127538/
06-18400,appeal,true_duplicate_deleted,byte-identical full_text; discarded source_url: https://doha.ogc.osd.mil/Industrial-Security-Program/Industrial-Security-Clearance-Decisions/ISCR-Hearing-Decisions/Archived-ISCR-Hearing-Decisions/2016-and-Prior-ISCR-Hearing-Decisions-1/FileId/127536/
06-18535,appeal,true_duplicate_deleted,byte-identical full_text; discarded source_url: https://doha.ogc.osd.mil/Industrial-Security-Program/Industrial-Security-Clearance-Decisions/ISCR-Hearing-Decisions/Archived-ISCR-Hearing-Decisions/2016-and-Prior-ISCR-Hearing-Decisions-1/FileId/127546/
06-18594,appeal,true_duplicate_deleted,byte-identical full_text; discarded source_url: https://doha.ogc.osd.mil/Industrial-Security-Program/Industrial-Security-Clearance-Decisions/ISCR-Hearing-Decisions/Archived-ISCR-Hearing-Decisions/2016-and-Prior-ISCR-Hearing-Decisions-1/FileId/127552/
06-18809,appeal,true_duplicate_deleted,byte-identical full_text; discarded source_url: https://doha.ogc.osd.mil/Industrial-Security-Program/Industrial-Security-Clearance-Decisions/ISCR-Hearing-Decisions/Archived-ISCR-Hearing-Decisions/2016-and-Prior-ISCR-Hearing-Decisions-1/FileId/127566/
06-18665,appeal,true_duplicate_deleted,byte-identical full_text; discarded source_url: https://doha.ogc.osd.mil/Industrial-Security-Program/Industrial-Security-Clearance-Decisions/ISCR-Hearing-Decisions/Archived-ISCR-Hearing-Decisions/2016-and-Prior-ISCR-Hearing-Decisions-1/FileId/127558/
06-18900,appeal,true_duplicate_deleted,byte-identical full_text; discarded source_url: https://doha.ogc.osd.mil/Industrial-Security-Program/Industrial-Security-Clearance-Decisions/ISCR-Hearing-Decisions/Archived-ISCR-Hearing-Decisions/2016-and-Prior-ISCR-Hearing-Decisions-1/FileId/127572/
06-18905,appeal,true_duplicate_deleted,byte-identical full_text; discarded source_url: https://doha.ogc.osd.mil/Industrial-Security-Program/Industrial-Security-Clearance-Decisions/ISCR-Hearing-Decisions/Archived-ISCR-Hearing-Decisions/2016-and-Prior-ISCR-Hearing-Decisions-1/FileId/127574/
06-18918,appeal,true_duplicate_deleted,byte-identical full_text; discarded source_url: https://doha.ogc.osd.mil/Industrial-Security-Program/Industrial-Security-Clearance-Decisions/ISCR-Hearing-Decisions/Archived-ISCR-Hearing-Decisions/2016-and-Prior-ISCR-Hearing-Decisions-1/FileId/127576/
06-18998,appeal,true_duplicate_deleted,byte-identical full_text; discarded source_url: https://doha.ogc.osd.mil/Industrial-Security-Program/Industrial-Security-Clearance-Decisions/ISCR-Hearing-Decisions/Archived-ISCR-Hearing-Decisions/2016-and-Prior-ISCR-Hearing-Decisions-1/FileId/127584/
06-18942,appeal,true_duplicate_deleted,byte-identical full_text; discarded source_url: https://doha.ogc.osd.mil/Industrial-Security-Program/Industrial-Security-Clearance-Decisions/ISCR-Hearing-Decisions/Archived-ISCR-Hearing-Decisions/2016-and-Prior-ISCR-Hearing-Decisions-1/FileId/127579/
06-19154,appeal,true_duplicate_deleted,byte-identical full_text; discarded source_url: https://doha.ogc.osd.mil/Industrial-Security-Program/Industrial-Security-Clearance-Decisions/ISCR-Hearing-Decisions/Archived-ISCR-Hearing-Decisions/2016-and-Prior-ISCR-Hearing-Decisions-1/FileId/127595/
06-19169,appeal,true_duplicate_deleted,byte-identical full_text; discarded source_url: https://doha.ogc.osd.mil/Industrial-Security-Program/Industrial-Security-Clearance-Decisions/ISCR-Hearing-Decisions/Archived-ISCR-Hearing-Decisions/2016-and-Prior-ISCR-Hearing-Decisions-1/FileId/127598/
06-19225,appeal,true_duplicate_deleted,byte-identical full_text; discarded source_url: https://doha.ogc.osd.mil/Industrial-Security-Program/Industrial-Security-Clearance-Decisions/ISCR-Hearing-Decisions/Archived-ISCR-Hearing-Decisions/2016-and-Prior-ISCR-Hearing-Decisions-1/FileId/127599/
06-19435,appeal,true_duplicate_deleted,byte-identical full_text; discarded source_url: https://doha.ogc.osd.mil/Industrial-Security-Program/Industrial-Security-Clearance-Decisions/ISCR-Hearing-Decisions/Archived-ISCR-Hearing-Decisions/2016-and-Prior-ISCR-Hearing-Decisions-1/FileId/127613/
06-19487,appeal,true_duplicate_deleted,byte-identical full_text; discarded source_url: https://doha.ogc.osd.mil/Industrial-Security-Program/Industrial-Security-Clearance-Decisions/ISCR-Hearing-Decisions/Archived-ISCR-Hearing-Decisions/2016-and-Prior-ISCR-Hearing-Decisions-1/FileId/127619/
06-19803,appeal,true_duplicate_deleted,byte-identical full_text; discarded source_url: https://doha.ogc.osd.mil/Industrial-Security-Program/Industrial-Security-Clearance-Decisions/ISCR-Hearing-Decisions/Archived-ISCR-Hearing-Decisions/2016-and-Prior-ISCR-Hearing-Decisions-1/FileId/127632/
06-19544,appeal,true_duplicate_deleted,byte-identical full_text; discarded source_url: https://doha.ogc.osd.mil/Industrial-Security-Program/Industrial-Security-Clearance-Decisions/ISCR-Hearing-Decisions/Archived-ISCR-Hearing-Decisions/2016-and-Prior-ISCR-Hearing-Decisions-1/FileId/127623/
06-19856,appeal,true_duplicate_deleted,byte-identical full_text; discarded source_url: https://doha.ogc.osd.mil/Industrial-Security-Program/Industrial-Security-Clearance-Decisions/ISCR-Hearing-Decisions/Archived-ISCR-Hearing-Decisions/2016-and-Prior-ISCR-Hearing-Decisions-1/FileId/127635/
06-19923,appeal,true_duplicate_deleted,byte-identical full_text; discarded source_url: https://doha.ogc.osd.mil/Industrial-Security-Program/Industrial-Security-Clearance-Decisions/ISCR-Hearing-Decisions/Archived-ISCR-Hearing-Decisions/2016-and-Prior-ISCR-Hearing-Decisions-1/FileId/127642/
06-19963,appeal,true_duplicate_deleted,byte-identical full_text; discarded source_url: https://doha.ogc.osd.mil/Industrial-Security-Program/Industrial-Security-Clearance-Decisions/ISCR-Hearing-Decisions/Archived-ISCR-Hearing-Decisions/2016-and-Prior-ISCR-Hearing-Decisions-1/FileId/127646/
06-20062,appeal,true_duplicate_deleted,byte-identical full_text; discarded source_url: https://doha.ogc.osd.mil/Industrial-Security-Program/Industrial-Security-Clearance-Decisions/ISCR-Hearing-Decisions/Archived-ISCR-Hearing-Decisions/2016-and-Prior-ISCR-Hearing-Decisions-1/FileId/127655/
06-20189,appeal,true_duplicate_deleted,byte-identical full_text; discarded source_url: https://doha.ogc.osd.mil/Industrial-Security-Program/Industrial-Security-Clearance-Decisions/ISCR-Hearing-Decisions/Archived-ISCR-Hearing-Decisions/2016-and-Prior-ISCR-Hearing-Decisions-1/FileId/127665/
06-20413,appeal,true_duplicate_deleted,byte-identical full_text; discarded source_url: https://doha.ogc.osd.mil/Industrial-Security-Program/Industrial-Security-Clearance-Decisions/ISCR-Hearing-Decisions/Archived-ISCR-Hearing-Decisions/2016-and-Prior-ISCR-Hearing-Decisions-1/FileId/127677/
06-20964,appeal,true_duplicate_deleted,byte-identical full_text; discarded source_url: https://doha.ogc.osd.mil/Industrial-Security-Program/Industrial-Security-Clearance-Decisions/ISCR-Hearing-Decisions/Archived-ISCR-Hearing-Decisions/2016-and-Prior-ISCR-Hearing-Decisions-1/FileId/127701/
06-21025,appeal,true_duplicate_deleted,byte-identical full_text; discarded source_url: https://doha.ogc.osd.mil/Industrial-Security-Program/Industrial-Security-Clearance-Decisions/ISCR-Hearing-Decisions/Archived-ISCR-Hearing-Decisions/2016-and-Prior-ISCR-Hearing-Decisions-1/FileId/127704/
06-21247,appeal,true_duplicate_deleted,byte-identical full_text; discarded source_url: https://doha.ogc.osd.mil/Industrial-Security-Program/Industrial-Security-Clearance-Decisions/ISCR-Hearing-Decisions/Archived-ISCR-Hearing-Decisions/2016-and-Prior-ISCR-Hearing-Decisions-1/FileId/127713/
06-21537,appeal,true_duplicate_deleted,byte-identical full_text; discarded source_url: https://doha.ogc.osd.mil/Industrial-Security-Program/Industrial-Security-Clearance-Decisions/ISCR-Hearing-Decisions/Archived-ISCR-Hearing-Decisions/2016-and-Prior-ISCR-Hearing-Decisions-1/FileId/127722/
06-21622,appeal,true_duplicate_deleted,byte-identical full_text; discarded source_url: https://doha.ogc.osd.mil/Industrial-Security-Program/Industrial-Security-Clearance-Decisions/ISCR-Hearing-Decisions/Archived-ISCR-Hearing-Decisions/2016-and-Prior-ISCR-Hearing-Decisions-1/FileId/127726/
06-21819,appeal,true_duplicate_deleted,byte-identical full_text; discarded source_url: https://doha.ogc.osd.mil/Industrial-Security-Program/Industrial-Security-Clearance-Decisions/ISCR-Hearing-Decisions/Archived-ISCR-Hearing-Decisions/2016-and-Prior-ISCR-Hearing-Decisions-1/FileId/127732/
06-21950,appeal,true_duplicate_deleted,byte-identical full_text; discarded source_url: https://doha.ogc.osd.mil/Industrial-Security-Program/Industrial-Security-Clearance-Decisions/ISCR-Hearing-Decisions/Archived-ISCR-Hearing-Decisions/2016-and-Prior-ISCR-Hearing-Decisions-1/FileId/127740/
06-21972,appeal,true_duplicate_deleted,byte-identical full_text; discarded source_url: https://doha.ogc.osd.mil/Industrial-Security-Program/Industrial-Security-Clearance-Decisions/ISCR-Hearing-Decisions/Archived-ISCR-Hearing-Decisions/2016-and-Prior-ISCR-Hearing-Decisions-1/FileId/127742/
06-22044,appeal,true_duplicate_deleted,byte-identical full_text; discarded source_url: https://doha.ogc.osd.mil/Industrial-Security-Program/Industrial-Security-Clearance-Decisions/ISCR-Hearing-Decisions/Archived-ISCR-Hearing-Decisions/2016-and-Prior-ISCR-Hearing-Decisions-1/FileId/127748/
06-22100,appeal,true_duplicate_deleted,byte-identical full_text; discarded source_url: https://doha.ogc.osd.mil/Industrial-Security-Program/Industrial-Security-Clearance-Decisions/ISCR-Hearing-Decisions/Archived-ISCR-Hearing-Decisions/2016-and-Prior-ISCR-Hearing-Decisions-1/FileId/127756/
06-22121,appeal,true_duplicate_deleted,byte-identical full_text; discarded source_url: https://doha.ogc.osd.mil/Industrial-Security-Program/Industrial-Security-Clearance-Decisions/ISCR-Hearing-Decisions/Archived-ISCR-Hearing-Decisions/2016-and-Prior-ISCR-Hearing-Decisions-1/FileId/127760/
06-22217,appeal,true_duplicate_deleted,byte-identical full_text; discarded source_url: https://doha.ogc.osd.mil/Industrial-Security-Program/Industrial-Security-Clearance-Decisions/ISCR-Hearing-Decisions/Archived-ISCR-Hearing-Decisions/2016-and-Prior-ISCR-Hearing-Decisions-1/FileId/127770/
06-22273,appeal,true_duplicate_deleted,byte-identical full_text; discarded source_url: https://doha.ogc.osd.mil/Industrial-Security-Program/Industrial-Security-Clearance-Decisions/ISCR-Hearing-Decisions/Archived-ISCR-Hearing-Decisions/2016-and-Prior-ISCR-Hearing-Decisions-1/FileId/127773/
06-22400,appeal,true_duplicate_deleted,byte-identical full_text; discarded source_url: https://doha.ogc.osd.mil/Industrial-Security-Program/Industrial-Security-Clearance-Decisions/ISCR-Hearing-Decisions/Archived-ISCR-Hearing-Decisions/2016-and-Prior-ISCR-Hearing-Decisions-1/FileId/127790/
06-22515,appeal,true_duplicate_deleted,byte-identical full_text; discarded source_url: https://doha.ogc.osd.mil/Industrial-Security-Program/Industrial-Security-Clearance-Decisions/ISCR-Hearing-Decisions/Archived-ISCR-Hearing-Decisions/2016-and-Prior-ISCR-Hearing-Decisions-1/FileId/127800/
06-22547,appeal,true_duplicate_deleted,byte-identical full_text; discarded source_url: https://doha.ogc.osd.mil/Industrial-Security-Program/Industrial-Security-Clearance-Decisions/ISCR-Hearing-Decisions/Archived-ISCR-Hearing-Decisions/2016-and-Prior-ISCR-Hearing-Decisions-1/FileId/127804/
06-22628,appeal,true_duplicate_deleted,byte-identical full_text; discarded source_url: https://doha.ogc.osd.mil/Industrial-Security-Program/Industrial-Security-Clearance-Decisions/ISCR-Hearing-Decisions/Archived-ISCR-Hearing-Decisions/2016-and-Prior-ISCR-Hearing-Decisions-1/FileId/127810/
06-22633,appeal,true_duplicate_deleted,byte-identical full_text; discarded source_url: https://doha.ogc.osd.mil/Industrial-Security-Program/Industrial-Security-Clearance-Decisions/ISCR-Hearing-Decisions/Archived-ISCR-Hearing-Decisions/2016-and-Prior-ISCR-Hearing-Decisions-1/FileId/127809/
06-22581,appeal,true_duplicate_deleted,byte-identical full_text; discarded source_url: https://doha.ogc.osd.mil/Industrial-Security-Program/Industrial-Security-Clearance-Decisions/ISCR-Hearing-Decisions/Archived-ISCR-Hearing-Decisions/2016-and-Prior-ISCR-Hearing-Decisions-1/FileId/127803/
06-22755,appeal,true_duplicate_deleted,byte-identical full_text; discarded source_url: https://doha.ogc.osd.mil/Industrial-Security-Program/Industrial-Security-Clearance-Decisions/ISCR-Hearing-Decisions/Archived-ISCR-Hearing-Decisions/2016-and-Prior-ISCR-Hearing-Decisions-1/FileId/127819/
06-22871,appeal,true_duplicate_deleted,byte-identical full_text; discarded source_url: https://doha.ogc.osd.mil/Industrial-Security-Program/Industrial-Security-Clearance-Decisions/ISCR-Hearing-Decisions/Archived-ISCR-Hearing-Decisions/2016-and-Prior-ISCR-Hearing-Decisions-1/FileId/127828/
06-22986,appeal,true_duplicate_deleted,byte-identical full_text; discarded source_url: https://doha.ogc.osd.mil/Industrial-Security-Program/Industrial-Security-Clearance-Decisions/ISCR-Hearing-Decisions/Archived-ISCR-Hearing-Decisions/2016-and-Prior-ISCR-Hearing-Decisions-1/FileId/127837/
06-23037,appeal,true_duplicate_deleted,byte-identical full_text; discarded source_url: https://doha.ogc.osd.mil/Industrial-Security-Program/Industrial-Security-Clearance-Decisions/ISCR-Hearing-Decisions/Archived-ISCR-Hearing-Decisions/2016-and-Prior-ISCR-Hearing-Decisions-1/FileId/127845/
06-23112,appeal,true_duplicate_deleted,byte-identical full_text; discarded source_url: https://doha.ogc.osd.mil/Industrial-Security-Program/Industrial-Security-Clearance-Decisions/ISCR-Hearing-Decisions/Archived-ISCR-Hearing-Decisions/2016-and-Prior-ISCR-Hearing-Decisions-1/FileId/127850/
06-23179,appeal,true_duplicate_deleted,byte-identical full_text; discarded source_url: https://doha.ogc.osd.mil/Industrial-Security-Program/Industrial-Security-Clearance-Decisions/ISCR-Hearing-Decisions/Archived-ISCR-Hearing-Decisions/2016-and-Prior-ISCR-Hearing-Decisions-1/FileId/127855/
06-23204,appeal,true_duplicate_deleted,byte-identical full_text; discarded source_url: https://doha.ogc.osd.mil/Industrial-Security-Program/Industrial-Security-Clearance-Decisions/ISCR-Hearing-Decisions/Archived-ISCR-Hearing-Decisions/2016-and-Prior-ISCR-Hearing-Decisions-1/FileId/127856/
06-23318,appeal,true_duplicate_deleted,byte-identical full_text; discarded source_url: https://doha.ogc.osd.mil/Industrial-Security-Program/Industrial-Security-Clearance-Decisions/ISCR-Hearing-Decisions/Archived-ISCR-Hearing-Decisions/2016-and-Prior-ISCR-Hearing-Decisions-1/FileId/127866/
06-23337,appeal,true_duplicate_deleted,byte-identical full_text; discarded source_url: https://doha.ogc.osd.mil/Industrial-Security-Program/Industrial-Security-Clearance-Decisions/ISCR-Hearing-Decisions/Archived-ISCR-Hearing-Decisions/2016-and-Prior-ISCR-Hearing-Decisions-1/FileId/127868/
06-23362,appeal,true_duplicate_deleted,byte-identical full_text; discarded source_url: https://doha.ogc.osd.mil/Industrial-Security-Program/Industrial-Security-Clearance-Decisions/ISCR-Hearing-Decisions/Archived-ISCR-Hearing-Decisions/2016-and-Prior-ISCR-Hearing-Decisions-1/FileId/127874/
06-23369,appeal,true_duplicate_deleted,byte-identical full_text; discarded source_url: https://doha.ogc.osd.mil/Industrial-Security-Program/Industrial-Security-Clearance-Decisions/ISCR-Hearing-Decisions/Archived-ISCR-Hearing-Decisions/2016-and-Prior-ISCR-Hearing-Decisions-1/FileId/127879/
06-23384,appeal,true_duplicate_deleted,byte-identical full_text; discarded source_url: https://doha.ogc.osd.mil/Industrial-Security-Program/Industrial-Security-Clearance-Decisions/ISCR-Hearing-Decisions/Archived-ISCR-Hearing-Decisions/2016-and-Prior-ISCR-Hearing-Decisions-1/FileId/127881/
06-23453,appeal,true_duplicate_deleted,byte-identical full_text; discarded source_url: https://doha.ogc.osd.mil/Industrial-Security-Program/Industrial-Security-Clearance-Decisions/ISCR-Hearing-Decisions/Archived-ISCR-Hearing-Decisions/2016-and-Prior-ISCR-Hearing-Decisions-1/FileId/127886/
06-23479,appeal,true_duplicate_deleted,byte-identical full_text; discarded source_url: https://doha.ogc.osd.mil/Industrial-Security-Program/Industrial-Security-Clearance-Decisions/ISCR-Hearing-Decisions/Archived-ISCR-Hearing-Decisions/2016-and-Prior-ISCR-Hearing-Decisions-1/FileId/127889/
06-23606,appeal,true_duplicate_deleted,byte-identical full_text; discarded source_url: https://doha.ogc.osd.mil/Industrial-Security-Program/Industrial-Security-Clearance-Decisions/ISCR-Hearing-Decisions/Archived-ISCR-Hearing-Decisions/2016-and-Prior-ISCR-Hearing-Decisions-1/FileId/126810/
06-23613,appeal,true_duplicate_deleted,byte-identical full_text; discarded source_url: https://doha.ogc.osd.mil/Industrial-Security-Program/Industrial-Security-Clearance-Decisions/ISCR-Hearing-Decisions/Archived-ISCR-Hearing-Decisions/2016-and-Prior-ISCR-Hearing-Decisions-1/FileId/126774/
06-23685,appeal,true_duplicate_deleted,byte-identical full_text; discarded source_url: https://doha.ogc.osd.mil/Industrial-Security-Program/Industrial-Security-Clearance-Decisions/ISCR-Hearing-Decisions/Archived-ISCR-Hearing-Decisions/2016-and-Prior-ISCR-Hearing-Decisions-1/FileId/126782/
06-23748,appeal,true_duplicate_deleted,byte-identical full_text; discarded source_url: https://doha.ogc.osd.mil/Industrial-Security-Program/Industrial-Security-Clearance-Decisions/ISCR-Hearing-Decisions/Archived-ISCR-Hearing-Decisions/2016-and-Prior-ISCR-Hearing-Decisions-1/FileId/126787/
06-23881,appeal,true_duplicate_deleted,byte-identical full_text; discarded source_url: https://doha.ogc.osd.mil/Industrial-Security-Program/Industrial-Security-Clearance-Decisions/ISCR-Hearing-Decisions/Archived-ISCR-Hearing-Decisions/2016-and-Prior-ISCR-Hearing-Decisions-1/FileId/126790/
06-23894,appeal,true_duplicate_deleted,byte-identical full_text; discarded source_url: https://doha.ogc.osd.mil/Industrial-Security-Program/Industrial-Security-Clearance-Decisions/ISCR-Hearing-Decisions/Archived-ISCR-Hearing-Decisions/2016-and-Prior-ISCR-Hearing-Decisions-1/FileId/126795/
06-24093,appeal,true_duplicate_deleted,byte-identical full_text; discarded source_url: https://doha.ogc.osd.mil/Industrial-Security-Program/Industrial-Security-Clearance-Decisions/ISCR-Hearing-Decisions/Archived-ISCR-Hearing-Decisions/2016-and-Prior-ISCR-Hearing-Decisions-2/FileId/127914/
06-24153,appeal,true_duplicate_deleted,byte-identical full_text; discarded source_url: https://doha.ogc.osd.mil/Industrial-Security-Program/Industrial-Security-Clearance-Decisions/ISCR-Hearing-Decisions/Archived-ISCR-Hearing-Decisions/2016-and-Prior-ISCR-Hearing-Decisions-2/FileId/127917/
06-24013,appeal,true_duplicate_deleted,byte-identical full_text; discarded source_url: https://doha.ogc.osd.mil/Industrial-Security-Program/Industrial-Security-Clearance-Decisions/ISCR-Hearing-Decisions/Archived-ISCR-Hearing-Decisions/2016-and-Prior-ISCR-Hearing-Decisions-1/FileId/126806/
06-24121,appeal,true_duplicate_deleted,byte-identical full_text; discarded source_url: https://doha.ogc.osd.mil/Industrial-Security-Program/Industrial-Security-Clearance-Decisions/ISCR-Hearing-Decisions/Archived-ISCR-Hearing-Decisions/2016-and-Prior-ISCR-Hearing-Decisions-2/FileId/127916/
06-24213,appeal,true_duplicate_deleted,byte-identical full_text; discarded source_url: https://doha.ogc.osd.mil/Industrial-Security-Program/Industrial-Security-Clearance-Decisions/ISCR-Hearing-Decisions/Archived-ISCR-Hearing-Decisions/2016-and-Prior-ISCR-Hearing-Decisions-2/FileId/127923/
06-24420,appeal,true_duplicate_deleted,byte-identical full_text; discarded source_url: https://doha.ogc.osd.mil/Industrial-Security-Program/Industrial-Security-Clearance-Decisions/ISCR-Hearing-Decisions/Archived-ISCR-Hearing-Decisions/2016-and-Prior-ISCR-Hearing-Decisions-2/FileId/127936/
06-24458,appeal,true_duplicate_deleted,byte-identical full_text; discarded source_url: https://doha.ogc.osd.mil/Industrial-Security-Program/Industrial-Security-Clearance-Decisions/ISCR-Hearing-Decisions/Archived-ISCR-Hearing-Decisions/2016-and-Prior-ISCR-Hearing-Decisions-2/FileId/127937/
06-24460,appeal,true_duplicate_deleted,byte-identical full_text; discarded source_url: https://doha.ogc.osd.mil/Industrial-Security-Program/Industrial-Security-Clearance-Decisions/ISCR-Hearing-Decisions/Archived-ISCR-Hearing-Decisions/2016-and-Prior-ISCR-Hearing-Decisions-2/FileId/127941/
06-24575,appeal,true_duplicate_deleted,byte-identical full_text; discarded source_url: https://doha.ogc.osd.mil/Industrial-Security-Program/Industrial-Security-Clearance-Decisions/ISCR-Hearing-Decisions/Archived-ISCR-Hearing-Decisions/2016-and-Prior-ISCR-Hearing-Decisions-2/FileId/127954/
06-24750,appeal,true_duplicate_deleted,byte-identical full_text; discarded source_url: https://doha.ogc.osd.mil/Industrial-Security-Program/Industrial-Security-Clearance-Decisions/ISCR-Hearing-Decisions/Archived-ISCR-Hearing-Decisions/2016-and-Prior-ISCR-Hearing-Decisions-2/FileId/127966/
06-24674,appeal,true_duplicate_deleted,byte-identical full_text; discarded source_url: https://doha.ogc.osd.mil/Industrial-Security-Program/Industrial-Security-Clearance-Decisions/ISCR-Hearing-Decisions/Archived-ISCR-Hearing-Decisions/2016-and-Prior-ISCR-Hearing-Decisions-2/FileId/127960/
06-24789,appeal,true_duplicate_deleted,byte-identical full_text; discarded source_url: https://doha.ogc.osd.mil/Industrial-Security-Program/Industrial-Security-Clearance-Decisions/ISCR-Hearing-Decisions/Archived-ISCR-Hearing-Decisions/2016-and-Prior-ISCR-Hearing-Decisions-2/FileId/127972/
06-24669,appeal,true_duplicate_deleted,byte-identical full_text; discarded source_url: https://doha.ogc.osd.mil/Industrial-Security-Program/Industrial-Security-Clearance-Decisions/ISCR-Hearing-Decisions/Archived-ISCR-Hearing-Decisions/2016-and-Prior-ISCR-Hearing-Decisions-2/FileId/127958/
06-24818,appeal,true_duplicate_deleted,byte-identical full_text; discarded source_url: https://doha.ogc.osd.mil/Industrial-Security-Program/Industrial-Security-Clearance-Decisions/ISCR-Hearing-Decisions/Archived-ISCR-Hearing-Decisions/2016-and-Prior-ISCR-Hearing-Decisions-2/FileId/127982/
06-25157,appeal,true_duplicate_deleted,byte-identical full_text; discarded source_url: https://doha.ogc.osd.mil/Industrial-Security-Program/Industrial-Security-Clearance-Decisions/ISCR-Hearing-Decisions/Archived-ISCR-Hearing-Decisions/2016-and-Prior-ISCR-Hearing-Decisions-2/FileId/128000/
06-25202,appeal,true_duplicate_deleted,byte-identical full_text; discarded source_url: https://doha.ogc.osd.mil/Industrial-Security-Program/Industrial-Security-Clearance-Decisions/ISCR-Hearing-Decisions/Archived-ISCR-Hearing-Decisions/2016-and-Prior-ISCR-Hearing-Decisions-2/FileId/128007/
06-25183,appeal,true_duplicate_deleted,byte-identical full_text; discarded source_url: https://doha.ogc.osd.mil/Industrial-Security-Program/Industrial-Security-Clearance-Decisions/ISCR-Hearing-Decisions/Archived-ISCR-Hearing-Decisions/2016-and-Prior-ISCR-Hearing-Decisions-2/FileId/128005/
06-25219,appeal,true_duplicate_deleted,byte-identical full_text; discarded source_url: https://doha.ogc.osd.mil/Industrial-Security-Program/Industrial-Security-Clearance-Decisions/ISCR-Hearing-Decisions/Archived-ISCR-Hearing-Decisions/2016-and-Prior-ISCR-Hearing-Decisions-2/FileId/128009/
06-25322,appeal,true_duplicate_deleted,byte-identical full_text; discarded source_url: https://doha.ogc.osd.mil/Industrial-Security-Program/Industrial-Security-Clearance-Decisions/ISCR-Hearing-Decisions/Archived-ISCR-Hearing-Decisions/2016-and-Prior-ISCR-Hearing-Decisions-2/FileId/128018/
06-25528,appeal,true_duplicate_deleted,byte-identical full_text; discarded source_url: https://doha.ogc.osd.mil/Industrial-Security-Program/Industrial-Security-Clearance-Decisions/ISCR-Hearing-Decisions/Archived-ISCR-Hearing-Decisions/2016-and-Prior-ISCR-Hearing-Decisions-2/FileId/128033/
06-25543,appeal,true_duplicate_deleted,byte-identical full_text; discarded source_url: https://doha.ogc.osd.mil/Industrial-Security-Program/Industrial-Security-Clearance-Decisions/ISCR-Hearing-Decisions/Archived-ISCR-Hearing-Decisions/2016-and-Prior-ISCR-Hearing-Decisions-2/FileId/128036/
06-25545,appeal,true_duplicate_deleted,byte-identical full_text; discarded source_url: https://doha.ogc.osd.mil/Industrial-Security-Program/Industrial-Security-Clearance-Decisions/ISCR-Hearing-Decisions/Archived-ISCR-Hearing-Decisions/2016-and-Prior-ISCR-Hearing-Decisions-2/FileId/128039/
06-25684,appeal,true_duplicate_deleted,byte-identical full_text; discarded source_url: https://doha.ogc.osd.mil/Industrial-Security-Program/Industrial-Security-Clearance-Decisions/ISCR-Hearing-Decisions/Archived-ISCR-Hearing-Decisions/2016-and-Prior-ISCR-Hearing-Decisions-2/FileId/128044/
06-25584,appeal,true_duplicate_deleted,byte-identical full_text; discarded source_url: https://doha.ogc.osd.mil/Industrial-Security-Program/Industrial-Security-Clearance-Decisions/ISCR-Hearing-Decisions/Archived-ISCR-Hearing-Decisions/2016-and-Prior-ISCR-Hearing-Decisions-2/FileId/128042/
06-25743,appeal,true_duplicate_deleted,byte-identical full_text; discarded source_url: https://doha.ogc.osd.mil/Industrial-Security-Program/Industrial-Security-Clearance-Decisions/ISCR-Hearing-Decisions/Archived-ISCR-Hearing-Decisions/2016-and-Prior-ISCR-Hearing-Decisions-2/FileId/128052/
06-25928,appeal,true_duplicate_deleted,byte-identical full_text; discarded source_url: https://doha.ogc.osd.mil/Industrial-Security-Program/Industrial-Security-Clearance-Decisions/ISCR-Hearing-Decisions/Archived-ISCR-Hearing-Decisions/2016-and-Prior-ISCR-Hearing-Decisions-2/FileId/128077/
06-25938,appeal,true_duplicate_deleted,byte-identical full_text; discarded source_url: https://doha.ogc.osd.mil/Industrial-Security-Program/Industrial-Security-Clearance-Decisions/ISCR-Hearing-Decisions/Archived-ISCR-Hearing-Decisions/2016-and-Prior-ISCR-Hearing-Decisions-2/FileId/128080/
06-26061,appeal,true_duplicate_deleted,byte-identical full_text; discarded source_url: https://doha.ogc.osd.mil/Industrial-Security-Program/Industrial-Security-Clearance-Decisions/ISCR-Hearing-Decisions/Archived-ISCR-Hearing-Decisions/2016-and-Prior-ISCR-Hearing-Decisions-2/FileId/128090/
06-25979,appeal,true_duplicate_deleted,byte-identical full_text; discarded source_url: https://doha.ogc.osd.mil/Industrial-Security-Program/Industrial-Security-Clearance-Decisions/ISCR-Hearing-Decisions/Archived-ISCR-Hearing-Decisions/2016-and-Prior-ISCR-Hearing-Decisions-2/FileId/128085/
06-26304,appeal,true_duplicate_deleted,byte-identical full_text; discarded source_url: https://doha.ogc.osd.mil/Industrial-Security-Program/Industrial-Security-Clearance-Decisions/ISCR-Hearing-Decisions/Archived-ISCR-Hearing-Decisions/2016-and-Prior-ISCR-Hearing-Decisions-2/FileId/128107/
06-26489,appeal,true_duplicate_deleted,byte-identical full_text; discarded source_url: https://doha.ogc.osd.mil/Industrial-Security-Program/Industrial-Security-Clearance-Decisions/ISCR-Hearing-Decisions/Archived-ISCR-Hearing-Decisions/2016-and-Prior-ISCR-Hearing-Decisions-2/FileId/128118/
06-26686,appeal,true_duplicate_deleted,byte-identical full_text; discarded source_url: https://doha.ogc.osd.mil/Industrial-Security-Program/Industrial-Security-Clearance-Decisions/ISCR-Hearing-Decisions/Archived-ISCR-Hearing-Decisions/2016-and-Prior-ISCR-Hearing-Decisions-2/FileId/128140/
06-26704,appeal,true_duplicate_deleted,byte-identical full_text; discarded source_url: https://doha.ogc.osd.mil/Industrial-Security-Program/Industrial-Security-Clearance-Decisions/ISCR-Hearing-Decisions/Archived-ISCR-Hearing-Decisions/2016-and-Prior-ISCR-Hearing-Decisions-2/FileId/128143/
07-00029,appeal,true_duplicate_deleted,byte-identical full_text; discarded source_url: https://doha.ogc.osd.mil/Industrial-Security-Program/Industrial-Security-Clearance-Decisions/ISCR-Hearing-Decisions/Archived-ISCR-Hearing-Decisions/2016-and-Prior-ISCR-Hearing-Decisions-2/FileId/128156/
07-00062,appeal,true_duplicate_deleted,byte-identical full_text; discarded source_url: https://doha.ogc.osd.mil/Industrial-Security-Program/Industrial-Security-Clearance-Decisions/ISCR-Hearing-Decisions/Archived-ISCR-Hearing-Decisions/2016-and-Prior-ISCR-Hearing-Decisions-2/FileId/128159/
07-00196,appeal,true_duplicate_deleted,byte-identical full_text; discarded source_url: https://doha.ogc.osd.mil/Industrial-Security-Program/Industrial-Security-Clearance-Decisions/ISCR-Hearing-Decisions/Archived-ISCR-Hearing-Decisions/2016-and-Prior-ISCR-Hearing-Decisions-2/FileId/128173/
07-00034,appeal,true_duplicate_deleted,byte-identical full_text; discarded source_url: https://doha.ogc.osd.mil/Industrial-Security-Program/Industrial-Security-Clearance-Decisions/ISCR-Hearing-Decisions/Archived-ISCR-Hearing-Decisions/2016-and-Prior-ISCR-Hearing-Decisions-2/FileId/128154/
07-00260,appeal,true_duplicate_deleted,byte-identical full_text; discarded source_url: https://doha.ogc.osd.mil/Industrial-Security-Program/Industrial-Security-Clearance-Decisions/ISCR-Hearing-Decisions/Archived-ISCR-Hearing-Decisions/2016-and-Prior-ISCR-Hearing-Decisions-2/FileId/128179/
07-00261,appeal,true_duplicate_deleted,byte-identical full_text; discarded source_url: https://doha.ogc.osd.mil/Industrial-Security-Program/Industrial-Security-Clearance-Decisions/ISCR-Hearing-Decisions/Archived-ISCR-Hearing-Decisions/2016-and-Prior-ISCR-Hearing-Decisions-2/FileId/128178/
07-00311,appeal,true_duplicate_deleted,byte-identical full_text; discarded source_url: https://doha.ogc.osd.mil/Industrial-Security-Program/Industrial-Security-Clearance-Decisions/ISCR-Hearing-Decisions/Archived-ISCR-Hearing-Decisions/2016-and-Prior-ISCR-Hearing-Decisions-2/FileId/128186/
07-00434,appeal,true_duplicate_deleted,byte-identical full_text; discarded source_url: https://doha.ogc.osd.mil/Industrial-Security-Program/Industrial-Security-Clearance-Decisions/ISCR-Hearing-Decisions/Archived-ISCR-Hearing-Decisions/2016-and-Prior-ISCR-Hearing-Decisions-2/FileId/128203/
07-00463,appeal,true_duplicate_deleted,byte-identical full_text; discarded source_url: https://doha.ogc.osd.mil/Industrial-Security-Program/Industrial-Security-Clearance-Decisions/ISCR-Hearing-Decisions/Archived-ISCR-Hearing-Decisions/2016-and-Prior-ISCR-Hearing-Decisions-2/FileId/128204/
07-00553,appeal,true_duplicate_deleted,byte-identical full_text; discarded source_url: https://doha.ogc.osd.mil/Industrial-Security-Program/Industrial-Security-Clearance-Decisions/ISCR-Hearing-Decisions/Archived-ISCR-Hearing-Decisions/2016-and-Prior-ISCR-Hearing-Decisions-2/FileId/128214/
07-00558,appeal,true_duplicate_deleted,byte-identical full_text; discarded source_url: https://doha.ogc.osd.mil/Industrial-Security-Program/Industrial-Security-Clearance-Decisions/ISCR-Hearing-Decisions/Archived-ISCR-Hearing-Decisions/2016-and-Prior-ISCR-Hearing-Decisions-2/FileId/128217/
07-00966,appeal,true_duplicate_deleted,byte-identical full_text; discarded source_url: https://doha.ogc.osd.mil/Industrial-Security-Program/Industrial-Security-Clearance-Decisions/ISCR-Hearing-Decisions/Archived-ISCR-Hearing-Decisions/2016-and-Prior-ISCR-Hearing-Decisions-2/FileId/128243/
07-00852,appeal,true_duplicate_deleted,byte-identical full_text; discarded source_url: https://doha.ogc.osd.mil/Industrial-Security-Program/Industrial-Security-Clearance-Decisions/ISCR-Hearing-Decisions/Archived-ISCR-Hearing-Decisions/2016-and-Prior-ISCR-Hearing-Decisions-2/FileId/128234/
07-01273,appeal,true_duplicate_deleted,byte-identical full_text; discarded source_url: https://doha.ogc.osd.mil/Industrial-Security-Program/Industrial-Security-Clearance-Decisions/ISCR-Hearing-Decisions/Archived-ISCR-Hearing-Decisions/2016-and-Prior-ISCR-Hearing-Decisions-2/FileId/128270/
07-01371,appeal,true_duplicate_deleted,byte-identical full_text; discarded source_url: https://doha.ogc.osd.mil/Industrial-Security-Program/Industrial-Security-Clearance-Decisions/ISCR-Hearing-Decisions/Archived-ISCR-Hearing-Decisions/2016-and-Prior-ISCR-Hearing-Decisions-2/FileId/128277/
07-01466,appeal,true_duplicate_deleted,byte-identical full_text; discarded source_url: https://doha.ogc.osd.mil/Industrial-Security-Program/Industrial-Security-Clearance-Decisions/ISCR-Hearing-Decisions/Archived-ISCR-Hearing-Decisions/2016-and-Prior-ISCR-Hearing-Decisions-2/FileId/128282/
07-01474,appeal,true_duplicate_deleted,byte-identical full_text; discarded source_url: https://doha.ogc.osd.mil/Industrial-Security-Program/Industrial-Security-Clearance-Decisions/ISCR-Hearing-Decisions/Archived-ISCR-Hearing-Decisions/2016-and-Prior-ISCR-Hearing-Decisions-2/FileId/128288/
07-01499,appeal,true_duplicate_deleted,byte-identical full_text; discarded source_url: https://doha.ogc.osd.mil/Industrial-Security-Program/Industrial-Security-Clearance-Decisions/ISCR-Hearing-Decisions/Archived-ISCR-Hearing-Decisions/2016-and-Prior-ISCR-Hearing-Decisions-2/FileId/128291/
07-01610,appeal,true_duplicate_deleted,byte-identical full_text; discarded source_url: https://doha.ogc.osd.mil/Industrial-Security-Program/Industrial-Security-Clearance-Decisions/ISCR-Hearing-Decisions/Archived-ISCR-Hearing-Decisions/2016-and-Prior-ISCR-Hearing-Decisions-2/FileId/128302/
07-01659,appeal,true_duplicate_deleted,byte-identical full_text; discarded source_url: https://doha.ogc.osd.mil/Industrial-Security-Program/Industrial-Security-Clearance-Decisions/ISCR-Hearing-Decisions/Archived-ISCR-Hearing-Decisions/2016-and-Prior-ISCR-Hearing-Decisions-2/FileId/128307/
07-01979,appeal,true_duplicate_deleted,byte-identical full_text; discarded source_url: https://doha.ogc.osd.mil/Industrial-Security-Program/Industrial-Security-Clearance-Decisions/ISCR-Hearing-Decisions/Archived-ISCR-Hearing-Decisions/2016-and-Prior-ISCR-Hearing-Decisions-2/FileId/128324/
07-02122,appeal,true_duplicate_deleted,byte-identical full_text; discarded source_url: https://doha.ogc.osd.mil/Industrial-Security-Program/Industrial-Security-Clearance-Decisions/ISCR-Hearing-Decisions/Archived-ISCR-Hearing-Decisions/2016-and-Prior-ISCR-Hearing-Decisions-2/FileId/128338/
07-02123,appeal,true_duplicate_deleted,byte-identical full_text; discarded source_url: https://doha.ogc.osd.mil/Industrial-Security-Program/Industrial-Security-Clearance-Decisions/ISCR-Hearing-Decisions/Archived-ISCR-Hearing-Decisions/2016-and-Prior-ISCR-Hearing-Decisions-2/FileId/128336/
07-02163,appeal,true_duplicate_deleted,byte-identical full_text; discarded source_url: https://doha.ogc.osd.mil/Industrial-Security-Program/Industrial-Security-Clearance-Decisions/ISCR-Hearing-Decisions/Archived-ISCR-Hearing-Decisions/2016-and-Prior-ISCR-Hearing-Decisions-2/FileId/128342/
07-02253,appeal,true_duplicate_deleted,byte-identical full_text; discarded source_url: https://doha.ogc.osd.mil/Industrial-Security-Program/Industrial-Security-Clearance-Decisions/ISCR-Hearing-Decisions/Archived-ISCR-Hearing-Decisions/2016-and-Prior-ISCR-Hearing-Decisions-2/FileId/128348/
07-02275,appeal,true_duplicate_deleted,byte-identical full_text; discarded source_url: https://doha.ogc.osd.mil/Industrial-Security-Program/Industrial-Security-Clearance-Decisions/ISCR-Hearing-Decisions/Archived-ISCR-Hearing-Decisions/2016-and-Prior-ISCR-Hearing-Decisions-2/FileId/128355/
07-02411,appeal,true_duplicate_deleted,byte-identical full_text; discarded source_url: https://doha.ogc.osd.mil/Industrial-Security-Program/Industrial-Security-Clearance-Decisions/ISCR-Hearing-Decisions/Archived-ISCR-Hearing-Decisions/2016-and-Prior-ISCR-Hearing-Decisions-2/FileId/128363/
07-02417,appeal,true_duplicate_deleted,byte-identical full_text; discarded source_url: https://doha.ogc.osd.mil/Industrial-Security-Program/Industrial-Security-Clearance-Decisions/ISCR-Hearing-Decisions/Archived-ISCR-Hearing-Decisions/2016-and-Prior-ISCR-Hearing-Decisions-2/FileId/128366/
07-02480,appeal,true_duplicate_deleted,byte-identical full_text; discarded source_url: https://doha.ogc.osd.mil/Industrial-Security-Program/Industrial-Security-Clearance-Decisions/ISCR-Hearing-Decisions/Archived-ISCR-Hearing-Decisions/2016-and-Prior-ISCR-Hearing-Decisions-2/FileId/128372/
07-02485,appeal,true_duplicate_deleted,byte-identical full_text; discarded source_url: https://doha.ogc.osd.mil/Industrial-Security-Program/Industrial-Security-Clearance-Decisions/ISCR-Hearing-Decisions/Archived-ISCR-Hearing-Decisions/2016-and-Prior-ISCR-Hearing-Decisions-2/FileId/128374/
07-02595,appeal,true_duplicate_deleted,byte-identical full_text; discarded source_url: https://doha.ogc.osd.mil/Industrial-Security-Program/Industrial-Security-Clearance-Decisions/ISCR-Hearing-Decisions/Archived-ISCR-Hearing-Decisions/2016-and-Prior-ISCR-Hearing-Decisions-2/FileId/128380/
07-02715,appeal,true_duplicate_deleted,byte-identical full_text; discarded source_url: https://doha.ogc.osd.mil/Industrial-Security-Program/Industrial-Security-Clearance-Decisions/ISCR-Hearing-Decisions/Archived-ISCR-Hearing-Decisions/2016-and-Prior-ISCR-Hearing-Decisions-2/FileId/128388/
07-02808,appeal,true_duplicate_deleted,byte-identical full_text; discarded source_url: https://doha.ogc.osd.mil/Industrial-Security-Program/Industrial-Security-Clearance-Decisions/ISCR-Hearing-Decisions/Archived-ISCR-Hearing-Decisions/2016-and-Prior-ISCR-Hearing-Decisions-2/FileId/128398/
07-03120,appeal,true_duplicate_deleted,byte-identical full_text; discarded source_url: https://doha.ogc.osd.mil/Industrial-Security-Program/Industrial-Security-Clearance-Decisions/ISCR-Hearing-Decisions/Archived-ISCR-Hearing-Decisions/2016-and-Prior-ISCR-Hearing-Decisions-2/FileId/128426/
07-03232,appeal,true_duplicate_deleted,byte-identical full_text; discarded source_url: https://doha.ogc.osd.mil/Industrial-Security-Program/Industrial-Security-Clearance-Decisions/ISCR-Hearing-Decisions/Archived-ISCR-Hearing-Decisions/2016-and-Prior-ISCR-Hearing-Decisions-2/FileId/128436/
07-03289,appeal,true_duplicate_deleted,byte-identical full_text; discarded source_url: https://doha.ogc.osd.mil/Industrial-Security-Program/Industrial-Security-Clearance-Decisions/ISCR-Hearing-Decisions/Archived-ISCR-Hearing-Decisions/2016-and-Prior-ISCR-Hearing-Decisions-2/FileId/128440/
07-03298,appeal,true_duplicate_deleted,byte-identical full_text; discarded source_url: https://doha.ogc.osd.mil/Industrial-Security-Program/Industrial-Security-Clearance-Decisions/ISCR-Hearing-Decisions/Archived-ISCR-Hearing-Decisions/2016-and-Prior-ISCR-Hearing-Decisions-2/FileId/128445/
07-03596,appeal,true_duplicate_deleted,byte-identical full_text; discarded source_url: https://doha.ogc.osd.mil/Industrial-Security-Program/Industrial-Security-Clearance-Decisions/ISCR-Hearing-Decisions/Archived-ISCR-Hearing-Decisions/2016-and-Prior-ISCR-Hearing-Decisions-2/FileId/128461/
07-03431,appeal,true_duplicate_deleted,byte-identical full_text; discarded source_url: https://doha.ogc.osd.mil/Industrial-Security-Program/Industrial-Security-Clearance-Decisions/ISCR-Hearing-Decisions/Archived-ISCR-Hearing-Decisions/2016-and-Prior-ISCR-Hearing-Decisions-2/FileId/128453/
07-03828,appeal,true_duplicate_deleted,byte-identical full_text; discarded source_url: https://doha.ogc.osd.mil/Industrial-Security-Program/Industrial-Security-Clearance-Decisions/ISCR-Hearing-Decisions/Archived-ISCR-Hearing-Decisions/2016-and-Prior-ISCR-Hearing-Decisions-2/FileId/128475/
07-03879,appeal,true_duplicate_deleted,byte-identical full_text; discarded source_url: https://doha.ogc.osd.mil/Industrial-Security-Program/Industrial-Security-Clearance-Decisions/ISCR-Hearing-Decisions/Archived-ISCR-Hearing-Decisions/2016-and-Prior-ISCR-Hearing-Decisions-2/FileId/128481/
07-04012,appeal,true_duplicate_deleted,byte-identical full_text; discarded source_url: https://doha.ogc.osd.mil/Industrial-Security-Program/Industrial-Security-Clearance-Decisions/ISCR-Hearing-Decisions/Archived-ISCR-Hearing-Decisions/2016-and-Prior-ISCR-Hearing-Decisions-2/FileId/128488/
07-04021,appeal,true_duplicate_deleted,byte-identical full_text; discarded source_url: https://doha.ogc.osd.mil/Industrial-Security-Program/Industrial-Security-Clearance-Decisions/ISCR-Hearing-Decisions/Archived-ISCR-Hearing-Decisions/2016-and-Prior-ISCR-Hearing-Decisions-2/FileId/128490/
07-04108,appeal,true_duplicate_deleted,byte-identical full_text; discarded source_url: https://doha.ogc.osd.mil/Industrial-Security-Program/Industrial-Security-Clearance-Decisions/ISCR-Hearing-Decisions/Archived-ISCR-Hearing-Decisions/2016-and-Prior-ISCR-Hearing-Decisions-2/FileId/128500/
07-04161,appeal,true_duplicate_deleted,byte-identical full_text; discarded source_url: https://doha.ogc.osd.mil/Industrial-Security-Program/Industrial-Security-Clearance-Decisions/ISCR-Hearing-Decisions/Archived-ISCR-Hearing-Decisions/2016-and-Prior-ISCR-Hearing-Decisions-2/FileId/128502/
07-04182,appeal,true_duplicate_deleted,byte-identical full_text; discarded source_url: https://doha.ogc.osd.mil/Industrial-Security-Program/Industrial-Security-Clearance-Decisions/ISCR-Hearing-Decisions/Archived-ISCR-Hearing-Decisions/2016-and-Prior-ISCR-Hearing-Decisions-2/FileId/128506/
07-04192,appeal,true_duplicate_deleted,byte-identical full_text; discarded source_url: https://doha.ogc.osd.mil/Industrial-Security-Program/Industrial-Security-Clearance-Decisions/ISCR-Hearing-Decisions/Archived-ISCR-Hearing-Decisions/2016-and-Prior-ISCR-Hearing-Decisions-2/FileId/128508/
07-04193,appeal,true_duplicate_deleted,byte-identical full_text; discarded source_url: https://doha.ogc.osd.mil/Industrial-Security-Program/Industrial-Security-Clearance-Decisions/ISCR-Hearing-Decisions/Archived-ISCR-Hearing-Decisions/2016-and-Prior-ISCR-Hearing-Decisions-2/FileId/128511/
07-04281,appeal,true_duplicate_deleted,byte-identical full_text; discarded source_url: https://doha.ogc.osd.mil/Industrial-Security-Program/Industrial-Security-Clearance-Decisions/ISCR-Hearing-Decisions/Archived-ISCR-Hearing-Decisions/2016-and-Prior-ISCR-Hearing-Decisions-2/FileId/128519/
07-04242,appeal,true_duplicate_deleted,byte-identical full_text; discarded source_url: https://doha.ogc.osd.mil/Industrial-Security-Program/Industrial-Security-Clearance-Decisions/ISCR-Hearing-Decisions/Archived-ISCR-Hearing-Decisions/2016-and-Prior-ISCR-Hearing-Decisions-2/FileId/128513/
07-04390,appeal,true_duplicate_deleted,byte-identical full_text; discarded source_url: https://doha.ogc.osd.mil/Industrial-Security-Program/Industrial-Security-Clearance-Decisions/ISCR-Hearing-Decisions/Archived-ISCR-Hearing-Decisions/2016-and-Prior-ISCR-Hearing-Decisions-2/FileId/128529/
07-04413,appeal,true_duplicate_deleted,byte-identical full_text; discarded source_url: https://doha.ogc.osd.mil/Industrial-Security-Program/Industrial-Security-Clearance-Decisions/ISCR-Hearing-Decisions/Archived-ISCR-Hearing-Decisions/2016-and-Prior-ISCR-Hearing-Decisions-2/FileId/128533/
07-04494,appeal,true_duplicate_deleted,byte-identical full_text; discarded source_url: https://doha.ogc.osd.mil/Industrial-Security-Program/Industrial-Security-Clearance-Decisions/ISCR-Hearing-Decisions/Archived-ISCR-Hearing-Decisions/2016-and-Prior-ISCR-Hearing-Decisions-2/FileId/128541/
07-04504,appeal,true_duplicate_deleted,byte-identical full_text; discarded source_url: https://doha.ogc.osd.mil/Industrial-Security-Program/Industrial-Security-Clearance-Decisions/ISCR-Hearing-Decisions/Archived-ISCR-Hearing-Decisions/2016-and-Prior-ISCR-Hearing-Decisions-2/FileId/128549/
07-04496,appeal,true_duplicate_deleted,byte-identical full_text; discarded source_url: https://doha.ogc.osd.mil/Industrial-Security-Program/Industrial-Security-Clearance-Decisions/ISCR-Hearing-Decisions/Archived-ISCR-Hearing-Decisions/2016-and-Prior-ISCR-Hearing-Decisions-2/FileId/128544/
07-04529,appeal,true_duplicate_deleted,byte-identical full_text; discarded source_url: https://doha.ogc.osd.mil/Industrial-Security-Program/Industrial-Security-Clearance-Decisions/ISCR-Hearing-Decisions/Archived-ISCR-Hearing-Decisions/2016-and-Prior-ISCR-Hearing-Decisions-2/FileId/128551/
07-04843,appeal,true_duplicate_deleted,byte-identical full_text; discarded source_url: https://doha.ogc.osd.mil/Industrial-Security-Program/Industrial-Security-Clearance-Decisions/ISCR-Hearing-Decisions/Archived-ISCR-Hearing-Decisions/2016-and-Prior-ISCR-Hearing-Decisions-2/FileId/128570/
07-04923,appeal,true_duplicate_deleted,byte-identical full_text; discarded source_url: https://doha.ogc.osd.mil/Industrial-Security-Program/Industrial-Security-Clearance-Decisions/ISCR-Hearing-Decisions/Archived-ISCR-Hearing-Decisions/2016-and-Prior-ISCR-Hearing-Decisions-2/FileId/128581/
07-04866,appeal,true_duplicate_deleted,byte-identical full_text; discarded source_url: https://doha.ogc.osd.mil/Industrial-Security-Program/Industrial-Security-Clearance-Decisions/ISCR-Hearing-Decisions/Archived-ISCR-Hearing-Decisions/2016-and-Prior-ISCR-Hearing-Decisions-2/FileId/128578/
07-05036,appeal,true_duplicate_deleted,byte-identical full_text; discarded source_url: https://doha.ogc.osd.mil/Industrial-Security-Program/Industrial-Security-Clearance-Decisions/ISCR-Hearing-Decisions/Archived-ISCR-Hearing-Decisions/2016-and-Prior-ISCR-Hearing-Decisions-2/FileId/128589/
07-05179,appeal,true_duplicate_deleted,byte-identical full_text; discarded source_url: https://doha.ogc.osd.mil/Industrial-Security-Program/Industrial-Security-Clearance-Decisions/ISCR-Hearing-Decisions/Archived-ISCR-Hearing-Decisions/2016-and-Prior-ISCR-Hearing-Decisions-2/FileId/128607/
07-05338,appeal,true_duplicate_deleted,byte-identical full_text; discarded source_url: https://doha.ogc.osd.mil/Industrial-Security-Program/Industrial-Security-Clearance-Decisions/ISCR-Hearing-Decisions/Archived-ISCR-Hearing-Decisions/2016-and-Prior-ISCR-Hearing-Decisions-2/FileId/128620/
07-05304,appeal,true_duplicate_deleted,byte-identical full_text; discarded source_url: https://doha.ogc.osd.mil/Industrial-Security-Program/Industrial-Security-Clearance-Decisions/ISCR-Hearing-Decisions/Archived-ISCR-Hearing-Decisions/2016-and-Prior-ISCR-Hearing-Decisions-2/FileId/128612/
07-05352,appeal,true_duplicate_deleted,byte-identical full_text; discarded source_url: https://doha.ogc.osd.mil/Industrial-Security-Program/Industrial-Security-Clearance-Decisions/ISCR-Hearing-Decisions/Archived-ISCR-Hearing-Decisions/2016-and-Prior-ISCR-Hearing-Decisions-2/FileId/128623/
07-05354,appeal,true_duplicate_deleted,byte-identical full_text; discarded source_url: https://doha.ogc.osd.mil/Industrial-Security-Program/Industrial-Security-Clearance-Decisions/ISCR-Hearing-Decisions/Archived-ISCR-Hearing-Decisions/2016-and-Prior-ISCR-Hearing-Decisions-2/FileId/128624/
07-03307,appeal,true_duplicate_deleted,byte-identical full_text; discarded source_url: https://doha.ogc.osd.mil/Industrial-Security-Program/Industrial-Security-Clearance-Decisions/ISCR-Hearing-Decisions/Archived-ISCR-Hearing-Decisions/2016-and-Prior-ISCR-Hearing-Decisions-2/FileId/128447/
07-05761,appeal,true_duplicate_deleted,byte-identical full_text; discarded source_url: https://doha.ogc.osd.mil/Industrial-Security-Program/Industrial-Security-Clearance-Decisions/ISCR-Hearing-Decisions/Archived-ISCR-Hearing-Decisions/2016-and-Prior-ISCR-Hearing-Decisions-2/FileId/128653/
07-05632,appeal,true_duplicate_deleted,byte-identical full_text; discarded source_url: https://doha.ogc.osd.mil/Industrial-Security-Program/Industrial-Security-Clearance-Decisions/ISCR-Hearing-Decisions/Archived-ISCR-Hearing-Decisions/2016-and-Prior-ISCR-Hearing-Decisions-2/FileId/128642/
07-05613,appeal,true_duplicate_deleted,byte-identical full_text; discarded source_url: https://doha.ogc.osd.mil/Industrial-Security-Program/Industrial-Security-Clearance-Decisions/ISCR-Hearing-Decisions/Archived-ISCR-Hearing-Decisions/2016-and-Prior-ISCR-Hearing-Decisions-2/FileId/128643/
07-05434,appeal,true_duplicate_deleted,byte-identical full_text; discarded source_url: https://doha.ogc.osd.mil/Industrial-Security-Program/Industrial-Security-Clearance-Decisions/ISCR-Hearing-Decisions/Archived-ISCR-Hearing-Decisions/2016-and-Prior-ISCR-Hearing-Decisions-2/FileId/128633/
07-05686,appeal,true_duplicate_deleted,byte-identical full_text; discarded source_url: https://doha.ogc.osd.mil/Industrial-Security-Program/Industrial-Security-Clearance-Decisions/ISCR-Hearing-Decisions/Archived-ISCR-Hearing-Decisions/2016-and-Prior-ISCR-Hearing-Decisions-2/FileId/128648/
07-05795,appeal,true_duplicate_deleted,byte-identical full_text; discarded source_url: https://doha.ogc.osd.mil/Industrial-Security-Program/Industrial-Security-Clearance-Decisions/ISCR-Hearing-Decisions/Archived-ISCR-Hearing-Decisions/2016-and-Prior-ISCR-Hearing-Decisions-2/FileId/128654/
07-05809,appeal,true_duplicate_deleted,byte-identical full_text; discarded source_url: https://doha.ogc.osd.mil/Industrial-Security-Program/Industrial-Security-Clearance-Decisions/ISCR-Hearing-Decisions/Archived-ISCR-Hearing-Decisions/2016-and-Prior-ISCR-Hearing-Decisions-2/FileId/128659/
07-06030,appeal,true_duplicate_deleted,byte-identical full_text; discarded source_url: https://doha.ogc.osd.mil/Industrial-Security-Program/Industrial-Security-Clearance-Decisions/ISCR-Hearing-Decisions/Archived-ISCR-Hearing-Decisions/2016-and-Prior-ISCR-Hearing-Decisions-2/FileId/128673/
07-06200,appeal,true_duplicate_deleted,byte-identical full_text; discarded source_url: https://doha.ogc.osd.mil/Industrial-Security-Program/Industrial-Security-Clearance-Decisions/ISCR-Hearing-Decisions/Archived-ISCR-Hearing-Decisions/2016-and-Prior-ISCR-Hearing-Decisions-2/FileId/128686/
07-06039,appeal,true_duplicate_deleted,byte-identical full_text; discarded source_url: https://doha.ogc.osd.mil/Industrial-Security-Program/Industrial-Security-Clearance-Decisions/ISCR-Hearing-Decisions/Archived-ISCR-Hearing-Decisions/2016-and-Prior-ISCR-Hearing-Decisions-2/FileId/128679/
07-06205,appeal,true_duplicate_deleted,byte-identical full_text; discarded source_url: https://doha.ogc.osd.mil/Industrial-Security-Program/Industrial-Security-Clearance-Decisions/ISCR-Hearing-Decisions/Archived-ISCR-Hearing-Decisions/2016-and-Prior-ISCR-Hearing-Decisions-2/FileId/128690/
07-06332,appeal,true_duplicate_deleted,byte-identical full_text; discarded source_url: https://doha.ogc.osd.mil/Industrial-Security-Program/Industrial-Security-Clearance-Decisions/ISCR-Hearing-Decisions/Archived-ISCR-Hearing-Decisions/2016-and-Prior-ISCR-Hearing-Decisions-2/FileId/128697/
07-06364,appeal,true_duplicate_deleted,byte-identical full_text; discarded source_url: https://doha.ogc.osd.mil/Industrial-Security-Program/Industrial-Security-Clearance-Decisions/ISCR-Hearing-Decisions/Archived-ISCR-Hearing-Decisions/2016-and-Prior-ISCR-Hearing-Decisions-2/FileId/128705/
07-06408,appeal,true_duplicate_deleted,byte-identical full_text; discarded source_url: https://doha.ogc.osd.mil/Industrial-Security-Program/Industrial-Security-Clearance-Decisions/ISCR-Hearing-Decisions/Archived-ISCR-Hearing-Decisions/2016-and-Prior-ISCR-Hearing-Decisions-2/FileId/128714/
07-06482,appeal,true_duplicate_deleted,byte-identical full_text; discarded source_url: https://doha.ogc.osd.mil/Industrial-Security-Program/Industrial-Security-Clearance-Decisions/ISCR-Hearing-Decisions/Archived-ISCR-Hearing-Decisions/2016-and-Prior-ISCR-Hearing-Decisions-2/FileId/128715/
07-06767,appeal,true_duplicate_deleted,byte-identical full_text; discarded source_url: https://doha.ogc.osd.mil/Industrial-Security-Program/Industrial-Security-Clearance-Decisions/ISCR-Hearing-Decisions/Archived-ISCR-Hearing-Decisions/2016-and-Prior-ISCR-Hearing-Decisions-2/FileId/128741/
07-06553,appeal,true_duplicate_deleted,byte-identical full_text; discarded source_url: https://doha.ogc.osd.mil/Industrial-Security-Program/Industrial-Security-Clearance-Decisions/ISCR-Hearing-Decisions/Archived-ISCR-Hearing-Decisions/2016-and-Prior-ISCR-Hearing-Decisions-2/FileId/128728/
07-06852,appeal,true_duplicate_deleted,byte-identical full_text; discarded source_url: https://doha.ogc.osd.mil/Industrial-Security-Program/Industrial-Security-Clearance-Decisions/ISCR-Hearing-Decisions/Archived-ISCR-Hearing-Decisions/2016-and-Prior-ISCR-Hearing-Decisions-2/FileId/128748/
07-06997,appeal,true_duplicate_deleted,byte-identical full_text; discarded source_url: https://doha.ogc.osd.mil/Industrial-Security-Program/Industrial-Security-Clearance-Decisions/ISCR-Hearing-Decisions/Archived-ISCR-Hearing-Decisions/2016-and-Prior-ISCR-Hearing-Decisions-2/FileId/128759/
07-06952,appeal,true_duplicate_deleted,byte-identical full_text; discarded source_url: https://doha.ogc.osd.mil/Industrial-Security-Program/Industrial-Security-Clearance-Decisions/ISCR-Hearing-Decisions/Archived-ISCR-Hearing-Decisions/2016-and-Prior-ISCR-Hearing-Decisions-2/FileId/128757/
07-07144,appeal,true_duplicate_deleted,byte-identical full_text; discarded source_url: https://doha.ogc.osd.mil/Industrial-Security-Program/Industrial-Security-Clearance-Decisions/ISCR-Hearing-Decisions/Archived-ISCR-Hearing-Decisions/2016-and-Prior-ISCR-Hearing-Decisions-2/FileId/128773/
07-07219,appeal,true_duplicate_deleted,byte-identical full_text; discarded source_url: https://doha.ogc.osd.mil/Industrial-Security-Program/Industrial-Security-Clearance-Decisions/ISCR-Hearing-Decisions/Archived-ISCR-Hearing-Decisions/2016-and-Prior-ISCR-Hearing-Decisions-2/FileId/128776/
07-07266,appeal,true_duplicate_deleted,byte-identical full_text; discarded source_url: https://doha.ogc.osd.mil/Industrial-Security-Program/Industrial-Security-Clearance-Decisions/ISCR-Hearing-Decisions/Archived-ISCR-Hearing-Decisions/2016-and-Prior-ISCR-Hearing-Decisions-2/FileId/128781/
07-07388,appeal,true_duplicate_deleted,byte-identical full_text; discarded source_url: https://doha.ogc.osd.mil/Industrial-Security-Program/Industrial-Security-Clearance-Decisions/ISCR-Hearing-Decisions/Archived-ISCR-Hearing-Decisions/2016-and-Prior-ISCR-Hearing-Decisions-2/FileId/128788/
07-07635,appeal,true_duplicate_deleted,byte-identical full_text; discarded source_url: https://doha.ogc.osd.mil/Industrial-Security-Program/Industrial-Security-Clearance-Decisions/ISCR-Hearing-Decisions/Archived-ISCR-Hearing-Decisions/2016-and-Prior-ISCR-Hearing-Decisions-2/FileId/128806/
07-07645,appeal,true_duplicate_deleted,byte-identical full_text; discarded source_url: https://doha.ogc.osd.mil/Industrial-Security-Program/Industrial-Security-Clearance-Decisions/ISCR-Hearing-Decisions/Archived-ISCR-Hearing-Decisions/2016-and-Prior-ISCR-Hearing-Decisions-2/FileId/128808/
07-07799,appeal,true_duplicate_deleted,byte-identical full_text; discarded source_url: https://doha.ogc.osd.mil/Industrial-Security-Program/Industrial-Security-Clearance-Decisions/ISCR-Hearing-Decisions/Archived-ISCR-Hearing-Decisions/2016-and-Prior-ISCR-Hearing-Decisions-2/FileId/128819/
07-07883,appeal,true_duplicate_deleted,byte-identical full_text; discarded source_url: https://doha.ogc.osd.mil/Industrial-Security-Program/Industrial-Security-Clearance-Decisions/ISCR-Hearing-Decisions/Archived-ISCR-Hearing-Decisions/2016-and-Prior-ISCR-Hearing-Decisions-2/FileId/128828/
07-07928,appeal,true_duplicate_deleted,byte-identical full_text; discarded source_url: https://doha.ogc.osd.mil/Industrial-Security-Program/Industrial-Security-Clearance-Decisions/ISCR-Hearing-Decisions/Archived-ISCR-Hearing-Decisions/2016-and-Prior-ISCR-Hearing-Decisions-2/FileId/128832/
07-07976,appeal,true_duplicate_deleted,byte-identical full_text; discarded source_url: https://doha.ogc.osd.mil/Industrial-Security-Program/Industrial-Security-Clearance-Decisions/ISCR-Hearing-Decisions/Archived-ISCR-Hearing-Decisions/2016-and-Prior-ISCR-Hearing-Decisions-2/FileId/128834/
07-08049,appeal,true_duplicate_deleted,byte-identical full_text; discarded source_url: https://doha.ogc.osd.mil/Industrial-Security-Program/Industrial-Security-Clearance-Decisions/ISCR-Hearing-Decisions/Archived-ISCR-Hearing-Decisions/2016-and-Prior-ISCR-Hearing-Decisions-2/FileId/128846/
07-08113,appeal,true_duplicate_deleted,byte-identical full_text; discarded source_url: https://doha.ogc.osd.mil/Industrial-Security-Program/Industrial-Security-Clearance-Decisions/ISCR-Hearing-Decisions/Archived-ISCR-Hearing-Decisions/2016-and-Prior-ISCR-Hearing-Decisions-2/FileId/128856/
07-08147,appeal,true_duplicate_deleted,byte-identical full_text; discarded source_url: https://doha.ogc.osd.mil/Industrial-Security-Program/Industrial-Security-Clearance-Decisions/ISCR-Hearing-Decisions/Archived-ISCR-Hearing-Decisions/2016-and-Prior-ISCR-Hearing-Decisions-2/FileId/128863/
07-08119,appeal,true_duplicate_deleted,byte-identical full_text; discarded source_url: https://doha.ogc.osd.mil/Industrial-Security-Program/Industrial-Security-Clearance-Decisions/ISCR-Hearing-Decisions/Archived-ISCR-Hearing-Decisions/2016-and-Prior-ISCR-Hearing-Decisions-2/FileId/128857/
07-08157,appeal,true_duplicate_deleted,byte-identical full_text; discarded source_url: https://doha.ogc.osd.mil/Industrial-Security-Program/Industrial-Security-Clearance-Decisions/ISCR-Hearing-Decisions/Archived-ISCR-Hearing-Decisions/2016-and-Prior-ISCR-Hearing-Decisions-2/FileId/128864/
07-08291,appeal,true_duplicate_deleted,byte-identical full_text; discarded source_url: https://doha.ogc.osd.mil/Industrial-Security-Program/Industrial-Security-Clearance-Decisions/ISCR-Hearing-Decisions/Archived-ISCR-Hearing-Decisions/2016-and-Prior-ISCR-Hearing-Decisions-2/FileId/128878/
07-08326,appeal,true_duplicate_deleted,byte-identical full_text; discarded source_url: https://doha.ogc.osd.mil/Industrial-Security-Program/Industrial-Security-Clearance-Decisions/ISCR-Hearing-Decisions/Archived-ISCR-Hearing-Decisions/2016-and-Prior-ISCR-Hearing-Decisions-2/FileId/128886/
07-08398,appeal,true_duplicate_deleted,byte-identical full_text; discarded source_url: https://doha.ogc.osd.mil/Industrial-Security-Program/Industrial-Security-Clearance-Decisions/ISCR-Hearing-Decisions/Archived-ISCR-Hearing-Decisions/2016-and-Prior-ISCR-Hearing-Decisions-2/FileId/128896/
07-08405,appeal,true_duplicate_deleted,byte-identical full_text; discarded source_url: https://doha.ogc.osd.mil/Industrial-Security-Program/Industrial-Security-Clearance-Decisions/ISCR-Hearing-Decisions/Archived-ISCR-Hearing-Decisions/2016-and-Prior-ISCR-Hearing-Decisions-2/FileId/128898/
07-08526,appeal,true_duplicate_deleted,byte-identical full_text; discarded source_url: https://doha.ogc.osd.mil/Industrial-Security-Program/Industrial-Security-Clearance-Decisions/ISCR-Hearing-Decisions/Archived-ISCR-Hearing-Decisions/2016-and-Prior-ISCR-Hearing-Decisions-2/FileId/128907/
07-08640,appeal,true_duplicate_deleted,byte-identical full_text; discarded source_url: https://doha.ogc.osd.mil/Industrial-Security-Program/Industrial-Security-Clearance-Decisions/ISCR-Hearing-Decisions/Archived-ISCR-Hearing-Decisions/2016-and-Prior-ISCR-Hearing-Decisions-2/FileId/128912/
07-08765,appeal,true_duplicate_deleted,byte-identical full_text; discarded source_url: https://doha.ogc.osd.mil/Industrial-Security-Program/Industrial-Security-Clearance-Decisions/ISCR-Hearing-Decisions/Archived-ISCR-Hearing-Decisions/2016-and-Prior-ISCR-Hearing-Decisions-2/FileId/128922/
07-08820,appeal,true_duplicate_deleted,byte-identical full_text; discarded source_url: https://doha.ogc.osd.mil/Industrial-Security-Program/Industrial-Security-Clearance-Decisions/ISCR-Hearing-Decisions/Archived-ISCR-Hearing-Decisions/2016-and-Prior-ISCR-Hearing-Decisions-2/FileId/128932/
07-08925,appeal,true_duplicate_deleted,byte-identical full_text; discarded source_url: https://doha.ogc.osd.mil/Industrial-Security-Program/Industrial-Security-Clearance-Decisions/ISCR-Hearing-Decisions/Archived-ISCR-Hearing-Decisions/2016-and-Prior-ISCR-Hearing-Decisions-2/FileId/128942/
07-08882,appeal,true_duplicate_deleted,byte-identical full_text; discarded source_url: https://doha.ogc.osd.mil/Industrial-Security-Program/Industrial-Security-Clearance-Decisions/ISCR-Hearing-Decisions/Archived-ISCR-Hearing-Decisions/2016-and-Prior-ISCR-Hearing-Decisions-2/FileId/128936/
07-09048,appeal,true_duplicate_deleted,byte-identical full_text; discarded source_url: https://doha.ogc.osd.mil/Industrial-Security-Program/Industrial-Security-Clearance-Decisions/ISCR-Hearing-Decisions/Archived-ISCR-Hearing-Decisions/2016-and-Prior-ISCR-Hearing-Decisions-2/FileId/128951/
07-09098,appeal,true_duplicate_deleted,byte-identical full_text; discarded source_url: https://doha.ogc.osd.mil/Industrial-Security-Program/Industrial-Security-Clearance-Decisions/ISCR-Hearing-Decisions/Archived-ISCR-Hearing-Decisions/2016-and-Prior-ISCR-Hearing-Decisions-2/FileId/128958/
07-09114,appeal,true_duplicate_deleted,byte-identical full_text; discarded source_url: https://doha.ogc.osd.mil/Industrial-Security-Program/Industrial-Security-Clearance-Decisions/ISCR-Hearing-Decisions/Archived-ISCR-Hearing-Decisions/2016-and-Prior-ISCR-Hearing-Decisions-2/FileId/128961/
07-09246,appeal,true_duplicate_deleted,byte-identical full_text; discarded source_url: https://doha.ogc.osd.mil/Industrial-Security-Program/Industrial-Security-Clearance-Decisions/ISCR-Hearing-Decisions/Archived-ISCR-Hearing-Decisions/2016-and-Prior-ISCR-Hearing-Decisions-2/FileId/128974/
07-09124,appeal,true_duplicate_deleted,byte-identical full_text; discarded source_url: https://doha.ogc.osd.mil/Industrial-Security-Program/Industrial-Security-Clearance-Decisions/ISCR-Hearing-Decisions/Archived-ISCR-Hearing-Decisions/2016-and-Prior-ISCR-Hearing-Decisions-2/FileId/128964/
07-09301,appeal,true_duplicate_deleted,byte-identical full_text; discarded source_url: https://doha.ogc.osd.mil/Industrial-Security-Program/Industrial-Security-Clearance-Decisions/ISCR-Hearing-Decisions/Archived-ISCR-Hearing-Decisions/2016-and-Prior-ISCR-Hearing-Decisions-2/FileId/128977/
07-09304,appeal,true_duplicate_deleted,byte-identical full_text; discarded source_url: https://doha.ogc.osd.mil/Industrial-Security-Program/Industrial-Security-Clearance-Decisions/ISCR-Hearing-Decisions/Archived-ISCR-Hearing-Decisions/2016-and-Prior-ISCR-Hearing-Decisions-2/FileId/128981/
07-09546,appeal,true_duplicate_deleted,byte-identical full_text; discarded source_url: https://doha.ogc.osd.mil/Industrial-Security-Program/Industrial-Security-Clearance-Decisions/ISCR-Hearing-Decisions/Archived-ISCR-Hearing-Decisions/2016-and-Prior-ISCR-Hearing-Decisions-2/FileId/128989/
07-09746,appeal,true_duplicate_deleted,byte-identical full_text; discarded source_url: https://doha.ogc.osd.mil/Industrial-Security-Program/Industrial-Security-Clearance-Decisions/ISCR-Hearing-Decisions/Archived-ISCR-Hearing-Decisions/2016-and-Prior-ISCR-Hearing-Decisions-2/FileId/129010/
07-09815,appeal,true_duplicate_deleted,byte-identical full_text; discarded source_url: https://doha.ogc.osd.mil/Industrial-Security-Program/Industrial-Security-Clearance-Decisions/ISCR-Hearing-Decisions/Archived-ISCR-Hearing-Decisions/2016-and-Prior-ISCR-Hearing-Decisions-2/FileId/127892/
07-09842,appeal,true_duplicate_deleted,byte-identical full_text; discarded source_url: https://doha.ogc.osd.mil/Industrial-Security-Program/Industrial-Security-Clearance-Decisions/ISCR-Hearing-Decisions/Archived-ISCR-Hearing-Decisions/2016-and-Prior-ISCR-Hearing-Decisions-2/FileId/127898/
07-09966,appeal,true_duplicate_deleted,byte-identical full_text; discarded source_url: https://doha.ogc.osd.mil/Industrial-Security-Program/Industrial-Security-Clearance-Decisions/ISCR-Hearing-Decisions/Archived-ISCR-Hearing-Decisions/2016-and-Prior-ISCR-Hearing-Decisions-2/FileId/127906/
07-10106,appeal,true_duplicate_deleted,byte-identical full_text; discarded source_url: https://doha.ogc.osd.mil/Industrial-Security-Program/Industrial-Security-Clearance-Decisions/ISCR-Hearing-Decisions/Archived-ISCR-Hearing-Decisions/2016-and-Prior-ISCR-Hearing-Decisions-3/FileId/129021/
07-10158,appeal,true_duplicate_deleted,byte-identical full_text; discarded source_url: https://doha.ogc.osd.mil/Industrial-Security-Program/Industrial-Security-Clearance-Decisions/ISCR-Hearing-Decisions/Archived-ISCR-Hearing-Decisions/2016-and-Prior-ISCR-Hearing-Decisions-3/FileId/129025/
07-10256,appeal,true_duplicate_deleted,byte-identical full_text; discarded source_url: https://doha.ogc.osd.mil/Industrial-Security-Program/Industrial-Security-Clearance-Decisions/ISCR-Hearing-Decisions/Archived-ISCR-Hearing-Decisions/2016-and-Prior-ISCR-Hearing-Decisions-3/FileId/129031/
07-10310,appeal,true_duplicate_deleted,byte-identical full_text; discarded source_url: https://doha.ogc.osd.mil/Industrial-Security-Program/Industrial-Security-Clearance-Decisions/ISCR-Hearing-Decisions/Archived-ISCR-Hearing-Decisions/2016-and-Prior-ISCR-Hearing-Decisions-3/FileId/129035/
07-10312,appeal,true_duplicate_deleted,byte-identical full_text; discarded source_url: https://doha.ogc.osd.mil/Industrial-Security-Program/Industrial-Security-Clearance-Decisions/ISCR-Hearing-Decisions/Archived-ISCR-Hearing-Decisions/2016-and-Prior-ISCR-Hearing-Decisions-3/FileId/129037/
07-10448,appeal,true_duplicate_deleted,byte-identical full_text; discarded source_url: https://doha.ogc.osd.mil/Industrial-Security-Program/Industrial-Security-Clearance-Decisions/ISCR-Hearing-Decisions/Archived-ISCR-Hearing-Decisions/2016-and-Prior-ISCR-Hearing-Decisions-3/FileId/129051/
07-10454,appeal,true_duplicate_deleted,byte-identical full_text; discarded source_url: https://doha.ogc.osd.mil/Industrial-Security-Program/Industrial-Security-Clearance-Decisions/ISCR-Hearing-Decisions/Archived-ISCR-Hearing-Decisions/2016-and-Prior-ISCR-Hearing-Decisions-3/FileId/129053/
07-10485,appeal,true_duplicate_deleted,byte-identical full_text; discarded source_url: https://doha.ogc.osd.mil/Industrial-Security-Program/Industrial-Security-Clearance-Decisions/ISCR-Hearing-Decisions/Archived-ISCR-Hearing-Decisions/2016-and-Prior-ISCR-Hearing-Decisions-3/FileId/129054/
07-10575,appeal,true_duplicate_deleted,byte-identical full_text; discarded source_url: https://doha.ogc.osd.mil/Industrial-Security-Program/Industrial-Security-Clearance-Decisions/ISCR-Hearing-Decisions/Archived-ISCR-Hearing-Decisions/2016-and-Prior-ISCR-Hearing-Decisions-3/FileId/129066/
07-10635,appeal,true_duplicate_deleted,byte-identical full_text; discarded source_url: https://doha.ogc.osd.mil/Industrial-Security-Program/Industrial-Security-Clearance-Decisions/ISCR-Hearing-Decisions/Archived-ISCR-Hearing-Decisions/2016-and-Prior-ISCR-Hearing-Decisions-3/FileId/129073/
07-10729,appeal,true_duplicate_deleted,byte-identical full_text; discarded source_url: https://doha.ogc.osd.mil/Industrial-Security-Program/Industrial-Security-Clearance-Decisions/ISCR-Hearing-Decisions/Archived-ISCR-Hearing-Decisions/2016-and-Prior-ISCR-Hearing-Decisions-3/FileId/129079/
07-10749,appeal,true_duplicate_deleted,byte-identical full_text; discarded source_url: https://doha.ogc.osd.mil/Industrial-Security-Program/Industrial-Security-Clearance-Decisions/ISCR-Hearing-Decisions/Archived-ISCR-Hearing-Decisions/2016-and-Prior-ISCR-Hearing-Decisions-3/FileId/129080/
07-10804,appeal,true_duplicate_deleted,byte-identical full_text; discarded source_url: https://doha.ogc.osd.mil/Industrial-Security-Program/Industrial-Security-Clearance-Decisions/ISCR-Hearing-Decisions/Archived-ISCR-Hearing-Decisions/2016-and-Prior-ISCR-Hearing-Decisions-3/FileId/129084/
07-10841,appeal,true_duplicate_deleted,byte-identical full_text; discarded source_url: https://doha.ogc.osd.mil/Industrial-Security-Program/Industrial-Security-Clearance-Decisions/ISCR-Hearing-Decisions/Archived-ISCR-Hearing-Decisions/2016-and-Prior-ISCR-Hearing-Decisions-3/FileId/129086/
07-10953,appeal,true_duplicate_deleted,byte-identical full_text; discarded source_url: https://doha.ogc.osd.mil/Industrial-Security-Program/Industrial-Security-Clearance-Decisions/ISCR-Hearing-Decisions/Archived-ISCR-Hearing-Decisions/2016-and-Prior-ISCR-Hearing-Decisions-3/FileId/129094/
07-11090,appeal,true_duplicate_deleted,byte-identical full_text; discarded source_url: https://doha.ogc.osd.mil/Industrial-Security-Program/Industrial-Security-Clearance-Decisions/ISCR-Hearing-Decisions/Archived-ISCR-Hearing-Decisions/2016-and-Prior-ISCR-Hearing-Decisions-3/FileId/129104/
07-11103,appeal,true_duplicate_deleted,byte-identical full_text; discarded source_url: https://doha.ogc.osd.mil/Industrial-Security-Program/Industrial-Security-Clearance-Decisions/ISCR-Hearing-Decisions/Archived-ISCR-Hearing-Decisions/2016-and-Prior-ISCR-Hearing-Decisions-3/FileId/129110/
07-11259,appeal,true_duplicate_deleted,byte-identical full_text; discarded source_url: https://doha.ogc.osd.mil/Industrial-Security-Program/Industrial-Security-Clearance-Decisions/ISCR-Hearing-Decisions/Archived-ISCR-Hearing-Decisions/2016-and-Prior-ISCR-Hearing-Decisions-3/FileId/129117/
07-11814,appeal,true_duplicate_deleted,byte-identical full_text; discarded source_url: https://doha.ogc.osd.mil/Industrial-Security-Program/Industrial-Security-Clearance-Decisions/ISCR-Hearing-Decisions/Archived-ISCR-Hearing-Decisions/2016-and-Prior-ISCR-Hearing-Decisions-3/FileId/129147/
07-12013,appeal,true_duplicate_deleted,byte-identical full_text; discarded source_url: https://doha.ogc.osd.mil/Industrial-Security-Program/Industrial-Security-Clearance-Decisions/ISCR-Hearing-Decisions/Archived-ISCR-Hearing-Decisions/2016-and-Prior-ISCR-Hearing-Decisions-3/FileId/129166/
07-12101,appeal,true_duplicate_deleted,byte-identical full_text; discarded source_url: https://doha.ogc.osd.mil/Industrial-Security-Program/Industrial-Security-Clearance-Decisions/ISCR-Hearing-Decisions/Archived-ISCR-Hearing-Decisions/2016-and-Prior-ISCR-Hearing-Decisions-3/FileId/129171/
07-12181,appeal,true_duplicate_deleted,byte-identical full_text; discarded source_url: https://doha.ogc.osd.mil/Industrial-Security-Program/Industrial-Security-Clearance-Decisions/ISCR-Hearing-Decisions/Archived-ISCR-Hearing-Decisions/2016-and-Prior-ISCR-Hearing-Decisions-3/FileId/129177/
07-12203,appeal,true_duplicate_deleted,byte-identical full_text; discarded source_url: https://doha.ogc.osd.mil/Industrial-Security-Program/Industrial-Security-Clearance-Decisions/ISCR-Hearing-Decisions/Archived-ISCR-Hearing-Decisions/2016-and-Prior-ISCR-Hearing-Decisions-3/FileId/129185/
07-12305,appeal,true_duplicate_deleted,byte-identical full_text; discarded source_url: https://doha.ogc.osd.mil/Industrial-Security-Program/Industrial-Security-Clearance-Decisions/ISCR-Hearing-Decisions/Archived-ISCR-Hearing-Decisions/2016-and-Prior-ISCR-Hearing-Decisions-3/FileId/129196/
07-12525,appeal,true_duplicate_deleted,byte-identical full_text; discarded source_url: https://doha.ogc.osd.mil/Industrial-Security-Program/Industrial-Security-Clearance-Decisions/ISCR-Hearing-Decisions/Archived-ISCR-Hearing-Decisions/2016-and-Prior-ISCR-Hearing-Decisions-3/FileId/129213/
07-12543,appeal,true_duplicate_deleted,byte-identical full_text; discarded source_url: https://doha.ogc.osd.mil/Industrial-Security-Program/Industrial-Security-Clearance-Decisions/ISCR-Hearing-Decisions/Archived-ISCR-Hearing-Decisions/2016-and-Prior-ISCR-Hearing-Decisions-3/FileId/129217/
07-12683,appeal,true_duplicate_deleted,byte-identical full_text; discarded source_url: https://doha.ogc.osd.mil/Industrial-Security-Program/Industrial-Security-Clearance-Decisions/ISCR-Hearing-Decisions/Archived-ISCR-Hearing-Decisions/2016-and-Prior-ISCR-Hearing-Decisions-3/FileId/129230/
07-13010,appeal,true_duplicate_deleted,byte-identical full_text; discarded source_url: https://doha.ogc.osd.mil/Industrial-Security-Program/Industrial-Security-Clearance-Decisions/ISCR-Hearing-Decisions/Archived-ISCR-Hearing-Decisions/2016-and-Prior-ISCR-Hearing-Decisions-3/FileId/129263/
07-12896,appeal,true_duplicate_deleted,byte-identical full_text; discarded source_url: https://doha.ogc.osd.mil/Industrial-Security-Program/Industrial-Security-Clearance-Decisions/ISCR-Hearing-Decisions/Archived-ISCR-Hearing-Decisions/2016-and-Prior-ISCR-Hearing-Decisions-3/FileId/129252/
07-13041,appeal,true_duplicate_deleted,byte-identical full_text; discarded source_url: https://doha.ogc.osd.mil/Industrial-Security-Program/Industrial-Security-Clearance-Decisions/ISCR-Hearing-Decisions/Archived-ISCR-Hearing-Decisions/2016-and-Prior-ISCR-Hearing-Decisions-3/FileId/129270/
07-13073,appeal,true_duplicate_deleted,byte-identical full_text; discarded source_url: https://doha.ogc.osd.mil/Industrial-Security-Program/Industrial-Security-Clearance-Decisions/ISCR-Hearing-Decisions/Archived-ISCR-Hearing-Decisions/2016-and-Prior-ISCR-Hearing-Decisions-3/FileId/129272/
07-13175,appeal,true_duplicate_deleted,byte-identical full_text; discarded source_url: https://doha.ogc.osd.mil/Industrial-Security-Program/Industrial-Security-Clearance-Decisions/ISCR-Hearing-Decisions/Archived-ISCR-Hearing-Decisions/2016-and-Prior-ISCR-Hearing-Decisions-3/FileId/129282/
07-13209,appeal,true_duplicate_deleted,byte-identical full_text; discarded source_url: https://doha.ogc.osd.mil/Industrial-Security-Program/Industrial-Security-Clearance-Decisions/ISCR-Hearing-Decisions/Archived-ISCR-Hearing-Decisions/2016-and-Prior-ISCR-Hearing-Decisions-3/FileId/129285/
07-13235,appeal,true_duplicate_deleted,byte-identical full_text; discarded source_url: https://doha.ogc.osd.mil/Industrial-Security-Program/Industrial-Security-Clearance-Decisions/ISCR-Hearing-Decisions/Archived-ISCR-Hearing-Decisions/2016-and-Prior-ISCR-Hearing-Decisions-3/FileId/129291/
07-13232,appeal,true_duplicate_deleted,byte-identical full_text; discarded source_url: https://doha.ogc.osd.mil/Industrial-Security-Program/Industrial-Security-Clearance-Decisions/ISCR-Hearing-Decisions/Archived-ISCR-Hearing-Decisions/2016-and-Prior-ISCR-Hearing-Decisions-3/FileId/129287/
07-13491,appeal,true_duplicate_deleted,byte-identical full_text; discarded source_url: https://doha.ogc.osd.mil/Industrial-Security-Program/Industrial-Security-Clearance-Decisions/ISCR-Hearing-Decisions/Archived-ISCR-Hearing-Decisions/2016-and-Prior-ISCR-Hearing-Decisions-3/FileId/129311/
07-13685,appeal,true_duplicate_deleted,byte-identical full_text; discarded source_url: https://doha.ogc.osd.mil/Industrial-Security-Program/Industrial-Security-Clearance-Decisions/ISCR-Hearing-Decisions/Archived-ISCR-Hearing-Decisions/2016-and-Prior-ISCR-Hearing-Decisions-3/FileId/129326/
07-13306,appeal,true_duplicate_deleted,byte-identical full_text; discarded source_url: https://doha.ogc.osd.mil/Industrial-Security-Program/Industrial-Security-Clearance-Decisions/ISCR-Hearing-Decisions/Archived-ISCR-Hearing-Decisions/2016-and-Prior-ISCR-Hearing-Decisions-3/FileId/129297/
07-13564,appeal,true_duplicate_deleted,byte-identical full_text; discarded source_url: https://doha.ogc.osd.mil/Industrial-Security-Program/Industrial-Security-Clearance-Decisions/ISCR-Hearing-Decisions/Archived-ISCR-Hearing-Decisions/2016-and-Prior-ISCR-Hearing-Decisions-3/FileId/129320/
07-13696,appeal,true_duplicate_deleted,byte-identical full_text; discarded source_url: https://doha.ogc.osd.mil/Industrial-Security-Program/Industrial-Security-Clearance-Decisions/ISCR-Hearing-Decisions/Archived-ISCR-Hearing-Decisions/2016-and-Prior-ISCR-Hearing-Decisions-3/FileId/129328/
07-13739,appeal,true_duplicate_deleted,byte-identical full_text; discarded source_url: https://doha.ogc.osd.mil/Industrial-Security-Program/Industrial-Security-Clearance-Decisions/ISCR-Hearing-Decisions/Archived-ISCR-Hearing-Decisions/2016-and-Prior-ISCR-Hearing-Decisions-3/FileId/129335/
07-10396,appeal,true_duplicate_deleted,byte-identical full_text; discarded source_url: https://doha.ogc.osd.mil/Industrial-Security-Program/Industrial-Security-Clearance-Decisions/ISCR-Hearing-Decisions/Archived-ISCR-Hearing-Decisions/2016-and-Prior-ISCR-Hearing-Decisions-3/FileId/129042/
07-13766,appeal,true_duplicate_deleted,byte-identical full_text; discarded source_url: https://doha.ogc.osd.mil/Industrial-Security-Program/Industrial-Security-Clearance-Decisions/ISCR-Hearing-Decisions/Archived-ISCR-Hearing-Decisions/2016-and-Prior-ISCR-Hearing-Decisions-3/FileId/129334/
07-13837,appeal,true_duplicate_deleted,byte-identical full_text; discarded source_url: https://doha.ogc.osd.mil/Industrial-Security-Program/Industrial-Security-Clearance-Decisions/ISCR-Hearing-Decisions/Archived-ISCR-Hearing-Decisions/2016-and-Prior-ISCR-Hearing-Decisions-3/FileId/129344/
07-14127,appeal,true_duplicate_deleted,byte-identical full_text; discarded source_url: https://doha.ogc.osd.mil/Industrial-Security-Program/Industrial-Security-Clearance-Decisions/ISCR-Hearing-Decisions/Archived-ISCR-Hearing-Decisions/2016-and-Prior-ISCR-Hearing-Decisions-3/FileId/129378/
07-13925,appeal,true_duplicate_deleted,byte-identical full_text; discarded source_url: https://doha.ogc.osd.mil/Industrial-Security-Program/Industrial-Security-Clearance-Decisions/ISCR-Hearing-Decisions/Archived-ISCR-Hearing-Decisions/2016-and-Prior-ISCR-Hearing-Decisions-3/FileId/129360/
07-13890,appeal,true_duplicate_deleted,byte-identical full_text; discarded source_url: https://doha.ogc.osd.mil/Industrial-Security-Program/Industrial-Security-Clearance-Decisions/ISCR-Hearing-Decisions/Archived-ISCR-Hearing-Decisions/2016-and-Prior-ISCR-Hearing-Decisions-3/FileId/129355/
07-14151,appeal,true_duplicate_deleted,byte-identical full_text; discarded source_url: https://doha.ogc.osd.mil/Industrial-Security-Program/Industrial-Security-Clearance-Decisions/ISCR-Hearing-Decisions/Archived-ISCR-Hearing-Decisions/2016-and-Prior-ISCR-Hearing-Decisions-3/FileId/129381/
07-14508,appeal,true_duplicate_deleted,byte-identical full_text; discarded source_url: https://doha.ogc.osd.mil/Industrial-Security-Program/Industrial-Security-Clearance-Decisions/ISCR-Hearing-Decisions/Archived-ISCR-Hearing-Decisions/2016-and-Prior-ISCR-Hearing-Decisions-3/FileId/129405/
07-14738,appeal,true_duplicate_deleted,byte-identical full_text; discarded source_url: https://doha.ogc.osd.mil/Industrial-Security-Program/Industrial-Security-Clearance-Decisions/ISCR-Hearing-Decisions/Archived-ISCR-Hearing-Decisions/2016-and-Prior-ISCR-Hearing-Decisions-3/FileId/129423/
07-14435,appeal,true_duplicate_deleted,byte-identical full_text; discarded source_url: https://doha.ogc.osd.mil/Industrial-Security-Program/Industrial-Security-Clearance-Decisions/ISCR-Hearing-Decisions/Archived-ISCR-Hearing-Decisions/2016-and-Prior-ISCR-Hearing-Decisions-3/FileId/129395/
07-14939,appeal,true_duplicate_deleted,byte-identical full_text; discarded source_url: https://doha.ogc.osd.mil/Industrial-Security-Program/Industrial-Security-Clearance-Decisions/ISCR-Hearing-Decisions/Archived-ISCR-Hearing-Decisions/2016-and-Prior-ISCR-Hearing-Decisions-3/FileId/129435/
07-15062,appeal,true_duplicate_deleted,byte-identical full_text; discarded source_url: https://doha.ogc.osd.mil/Industrial-Security-Program/Industrial-Security-Clearance-Decisions/ISCR-Hearing-Decisions/Archived-ISCR-Hearing-Decisions/2016-and-Prior-ISCR-Hearing-Decisions-3/FileId/129445/
07-15235,appeal,true_duplicate_deleted,byte-identical full_text; discarded source_url: https://doha.ogc.osd.mil/Industrial-Security-Program/Industrial-Security-Clearance-Decisions/ISCR-Hearing-Decisions/Archived-ISCR-Hearing-Decisions/2016-and-Prior-ISCR-Hearing-Decisions-3/FileId/129469/
07-15281,appeal,true_duplicate_deleted,byte-identical full_text; discarded source_url: https://doha.ogc.osd.mil/Industrial-Security-Program/Industrial-Security-Clearance-Decisions/ISCR-Hearing-Decisions/Archived-ISCR-Hearing-Decisions/2016-and-Prior-ISCR-Hearing-Decisions-3/FileId/129471/
07-15321,appeal,true_duplicate_deleted,byte-identical full_text; discarded source_url: https://doha.ogc.osd.mil/Industrial-Security-Program/Industrial-Security-Clearance-Decisions/ISCR-Hearing-Decisions/Archived-ISCR-Hearing-Decisions/2016-and-Prior-ISCR-Hearing-Decisions-3/FileId/129477/
07-15434,appeal,true_duplicate_deleted,byte-identical full_text; discarded source_url: https://doha.ogc.osd.mil/Industrial-Security-Program/Industrial-Security-Clearance-Decisions/ISCR-Hearing-Decisions/Archived-ISCR-Hearing-Decisions/2016-and-Prior-ISCR-Hearing-Decisions-3/FileId/129486/
07-15506,appeal,true_duplicate_deleted,byte-identical full_text; discarded source_url: https://doha.ogc.osd.mil/Industrial-Security-Program/Industrial-Security-Clearance-Decisions/ISCR-Hearing-Decisions/Archived-ISCR-Hearing-Decisions/2016-and-Prior-ISCR-Hearing-Decisions-3/FileId/129493/
07-15558,appeal,true_duplicate_deleted,byte-identical full_text; discarded source_url: https://doha.ogc.osd.mil/Industrial-Security-Program/Industrial-Security-Clearance-Decisions/ISCR-Hearing-Decisions/Archived-ISCR-Hearing-Decisions/2016-and-Prior-ISCR-Hearing-Decisions-3/FileId/129503/
07-15592,appeal,true_duplicate_deleted,byte-identical full_text; discarded source_url: https://doha.ogc.osd.mil/Industrial-Security-Program/Industrial-Security-Clearance-Decisions/ISCR-Hearing-Decisions/Archived-ISCR-Hearing-Decisions/2016-and-Prior-ISCR-Hearing-Decisions-3/FileId/129509/
07-15663,appeal,true_duplicate_deleted,byte-identical full_text; discarded source_url: https://doha.ogc.osd.mil/Industrial-Security-Program/Industrial-Security-Clearance-Decisions/ISCR-Hearing-Decisions/Archived-ISCR-Hearing-Decisions/2016-and-Prior-ISCR-Hearing-Decisions-3/FileId/129517/
07-15590,appeal,true_duplicate_deleted,byte-identical full_text; discarded source_url: https://doha.ogc.osd.mil/Industrial-Security-Program/Industrial-Security-Clearance-Decisions/ISCR-Hearing-Decisions/Archived-ISCR-Hearing-Decisions/2016-and-Prior-ISCR-Hearing-Decisions-3/FileId/129507/
07-15696,appeal,true_duplicate_deleted,byte-identical full_text; discarded source_url: https://doha.ogc.osd.mil/Industrial-Security-Program/Industrial-Security-Clearance-Decisions/ISCR-Hearing-Decisions/Archived-ISCR-Hearing-Decisions/2016-and-Prior-ISCR-Hearing-Decisions-3/FileId/129521/
07-15804,appeal,true_duplicate_deleted,byte-identical full_text; discarded source_url: https://doha.ogc.osd.mil/Industrial-Security-Program/Industrial-Security-Clearance-Decisions/ISCR-Hearing-Decisions/Archived-ISCR-Hearing-Decisions/2016-and-Prior-ISCR-Hearing-Decisions-3/FileId/129528/
07-16028,appeal,true_duplicate_deleted,byte-identical full_text; discarded source_url: https://doha.ogc.osd.mil/Industrial-Security-Program/Industrial-Security-Clearance-Decisions/ISCR-Hearing-Decisions/Archived-ISCR-Hearing-Decisions/2016-and-Prior-ISCR-Hearing-Decisions-3/FileId/129542/
07-16206,appeal,true_duplicate_deleted,byte-identical full_text; discarded source_url: https://doha.ogc.osd.mil/Industrial-Security-Program/Industrial-Security-Clearance-Decisions/ISCR-Hearing-Decisions/Archived-ISCR-Hearing-Decisions/2016-and-Prior-ISCR-Hearing-Decisions-3/FileId/129560/
07-16064,appeal,true_duplicate_deleted,byte-identical full_text; discarded source_url: https://doha.ogc.osd.mil/Industrial-Security-Program/Industrial-Security-Clearance-Decisions/ISCR-Hearing-Decisions/Archived-ISCR-Hearing-Decisions/2016-and-Prior-ISCR-Hearing-Decisions-3/FileId/129548/
07-16210,appeal,true_duplicate_deleted,byte-identical full_text; discarded source_url: https://doha.ogc.osd.mil/Industrial-Security-Program/Industrial-Security-Clearance-Decisions/ISCR-Hearing-Decisions/Archived-ISCR-Hearing-Decisions/2016-and-Prior-ISCR-Hearing-Decisions-3/FileId/129559/
07-16240,appeal,true_duplicate_deleted,byte-identical full_text; discarded source_url: https://doha.ogc.osd.mil/Industrial-Security-Program/Industrial-Security-Clearance-Decisions/ISCR-Hearing-Decisions/Archived-ISCR-Hearing-Decisions/2016-and-Prior-ISCR-Hearing-Decisions-3/FileId/129565/
07-16381,appeal,true_duplicate_deleted,byte-identical full_text; discarded source_url: https://doha.ogc.osd.mil/Industrial-Security-Program/Industrial-Security-Clearance-Decisions/ISCR-Hearing-Decisions/Archived-ISCR-Hearing-Decisions/2016-and-Prior-ISCR-Hearing-Decisions-3/FileId/129577/
07-16427,appeal,true_duplicate_deleted,byte-identical full_text; discarded source_url: https://doha.ogc.osd.mil/Industrial-Security-Program/Industrial-Security-Clearance-Decisions/ISCR-Hearing-Decisions/Archived-ISCR-Hearing-Decisions/2016-and-Prior-ISCR-Hearing-Decisions-3/FileId/129585/
07-16442,appeal,true_duplicate_deleted,byte-identical full_text; discarded source_url: https://doha.ogc.osd.mil/Industrial-Security-Program/Industrial-Security-Clearance-Decisions/ISCR-Hearing-Decisions/Archived-ISCR-Hearing-Decisions/2016-and-Prior-ISCR-Hearing-Decisions-3/FileId/129584/
07-16511,appeal,true_duplicate_deleted,byte-identical full_text; discarded source_url: https://doha.ogc.osd.mil/Industrial-Security-Program/Industrial-Security-Clearance-Decisions/ISCR-Hearing-Decisions/Archived-ISCR-Hearing-Decisions/2016-and-Prior-ISCR-Hearing-Decisions-3/FileId/129589/
07-16563,appeal,true_duplicate_deleted,byte-identical full_text; discarded source_url: https://doha.ogc.osd.mil/Industrial-Security-Program/Industrial-Security-Clearance-Decisions/ISCR-Hearing-Decisions/Archived-ISCR-Hearing-Decisions/2016-and-Prior-ISCR-Hearing-Decisions-3/FileId/129595/
07-16765,appeal,true_duplicate_deleted,byte-identical full_text; discarded source_url: https://doha.ogc.osd.mil/Industrial-Security-Program/Industrial-Security-Clearance-Decisions/ISCR-Hearing-Decisions/Archived-ISCR-Hearing-Decisions/2016-and-Prior-ISCR-Hearing-Decisions-3/FileId/129611/
07-16653,appeal,true_duplicate_deleted,byte-identical full_text; discarded source_url: https://doha.ogc.osd.mil/Industrial-Security-Program/Industrial-Security-Clearance-Decisions/ISCR-Hearing-Decisions/Archived-ISCR-Hearing-Decisions/2016-and-Prior-ISCR-Hearing-Decisions-3/FileId/129600/
07-16841,appeal,true_duplicate_deleted,byte-identical full_text; discarded source_url: https://doha.ogc.osd.mil/Industrial-Security-Program/Industrial-Security-Clearance-Decisions/ISCR-Hearing-Decisions/Archived-ISCR-Hearing-Decisions/2016-and-Prior-ISCR-Hearing-Decisions-3/FileId/129619/
07-16947,appeal,true_duplicate_deleted,byte-identical full_text; discarded source_url: https://doha.ogc.osd.mil/Industrial-Security-Program/Industrial-Security-Clearance-Decisions/ISCR-Hearing-Decisions/Archived-ISCR-Hearing-Decisions/2016-and-Prior-ISCR-Hearing-Decisions-3/FileId/129629/
07-17076,appeal,true_duplicate_deleted,byte-identical full_text; discarded source_url: https://doha.ogc.osd.mil/Industrial-Security-Program/Industrial-Security-Clearance-Decisions/ISCR-Hearing-Decisions/Archived-ISCR-Hearing-Decisions/2016-and-Prior-ISCR-Hearing-Decisions-3/FileId/129647/
07-17189,appeal,true_duplicate_deleted,byte-identical full_text; discarded source_url: https://doha.ogc.osd.mil/Industrial-Security-Program/Industrial-Security-Clearance-Decisions/ISCR-Hearing-Decisions/Archived-ISCR-Hearing-Decisions/2016-and-Prior-ISCR-Hearing-Decisions-3/FileId/129655/
07-17383,appeal,true_duplicate_deleted,byte-identical full_text; discarded source_url: https://doha.ogc.osd.mil/Industrial-Security-Program/Industrial-Security-Clearance-Decisions/ISCR-Hearing-Decisions/Archived-ISCR-Hearing-Decisions/2016-and-Prior-ISCR-Hearing-Decisions-3/FileId/129662/
07-17559,appeal,true_duplicate_deleted,byte-identical full_text; discarded source_url: https://doha.ogc.osd.mil/Industrial-Security-Program/Industrial-Security-Clearance-Decisions/ISCR-Hearing-Decisions/Archived-ISCR-Hearing-Decisions/2016-and-Prior-ISCR-Hearing-Decisions-3/FileId/129679/
07-17659,appeal,true_duplicate_deleted,byte-identical full_text; discarded source_url: https://doha.ogc.osd.mil/Industrial-Security-Program/Industrial-Security-Clearance-Decisions/ISCR-Hearing-Decisions/Archived-ISCR-Hearing-Decisions/2016-and-Prior-ISCR-Hearing-Decisions-3/FileId/129683/
07-17673,appeal,true_duplicate_deleted,byte-identical full_text; discarded source_url: https://doha.ogc.osd.mil/Industrial-Security-Program/Industrial-Security-Clearance-Decisions/ISCR-Hearing-Decisions/Archived-ISCR-Hearing-Decisions/2016-and-Prior-ISCR-Hearing-Decisions-3/FileId/129688/
07-17801,appeal,true_duplicate_deleted,byte-identical full_text; discarded source_url: https://doha.ogc.osd.mil/Industrial-Security-Program/Industrial-Security-Clearance-Decisions/ISCR-Hearing-Decisions/Archived-ISCR-Hearing-Decisions/2016-and-Prior-ISCR-Hearing-Decisions-3/FileId/129695/
07-17806,appeal,true_duplicate_deleted,byte-identical full_text; discarded source_url: https://doha.ogc.osd.mil/Industrial-Security-Program/Industrial-Security-Clearance-Decisions/ISCR-Hearing-Decisions/Archived-ISCR-Hearing-Decisions/2016-and-Prior-ISCR-Hearing-Decisions-3/FileId/129700/
07-17920,appeal,true_duplicate_deleted,byte-identical full_text; discarded source_url: https://doha.ogc.osd.mil/Industrial-Security-Program/Industrial-Security-Clearance-Decisions/ISCR-Hearing-Decisions/Archived-ISCR-Hearing-Decisions/2016-and-Prior-ISCR-Hearing-Decisions-3/FileId/129714/
07-17965,appeal,true_duplicate_deleted,byte-identical full_text; discarded source_url: https://doha.ogc.osd.mil/Industrial-Security-Program/Industrial-Security-Clearance-Decisions/ISCR-Hearing-Decisions/Archived-ISCR-Hearing-Decisions/2016-and-Prior-ISCR-Hearing-Decisions-3/FileId/129720/
07-18065,appeal,true_duplicate_deleted,byte-identical full_text; discarded source_url: https://doha.ogc.osd.mil/Industrial-Security-Program/Industrial-Security-Clearance-Decisions/ISCR-Hearing-Decisions/Archived-ISCR-Hearing-Decisions/2016-and-Prior-ISCR-Hearing-Decisions-3/FileId/129728/
07-18216,appeal,true_duplicate_deleted,byte-identical full_text; discarded source_url: https://doha.ogc.osd.mil/Industrial-Security-Program/Industrial-Security-Clearance-Decisions/ISCR-Hearing-Decisions/Archived-ISCR-Hearing-Decisions/2016-and-Prior-ISCR-Hearing-Decisions-3/FileId/129738/
07-18283,appeal,true_duplicate_deleted,byte-identical full_text; discarded source_url: https://doha.ogc.osd.mil/Industrial-Security-Program/Industrial-Security-Clearance-Decisions/ISCR-Hearing-Decisions/Archived-ISCR-Hearing-Decisions/2016-and-Prior-ISCR-Hearing-Decisions-3/FileId/129740/
07-18303,appeal,true_duplicate_deleted,byte-identical full_text; discarded source_url: https://doha.ogc.osd.mil/Industrial-Security-Program/Industrial-Security-Clearance-Decisions/ISCR-Hearing-Decisions/Archived-ISCR-Hearing-Decisions/2016-and-Prior-ISCR-Hearing-Decisions-3/FileId/129747/
07-18324,appeal,true_duplicate_deleted,byte-identical full_text; discarded source_url: https://doha.ogc.osd.mil/Industrial-Security-Program/Industrial-Security-Clearance-Decisions/ISCR-Hearing-Decisions/Archived-ISCR-Hearing-Decisions/2016-and-Prior-ISCR-Hearing-Decisions-3/FileId/129746/
07-18525,appeal,true_duplicate_deleted,byte-identical full_text; discarded source_url: https://doha.ogc.osd.mil/Industrial-Security-Program/Industrial-Security-Clearance-Decisions/ISCR-Hearing-Decisions/Archived-ISCR-Hearing-Decisions/2016-and-Prior-ISCR-Hearing-Decisions-3/FileId/129762/
07-18698,appeal,true_duplicate_deleted,byte-identical full_text; discarded source_url: https://doha.ogc.osd.mil/Industrial-Security-Program/Industrial-Security-Clearance-Decisions/ISCR-Hearing-Decisions/Archived-ISCR-Hearing-Decisions/2016-and-Prior-ISCR-Hearing-Decisions-3/FileId/129778/
08-00162,appeal,true_duplicate_deleted,byte-identical full_text; discarded source_url: https://doha.ogc.osd.mil/Industrial-Security-Program/Industrial-Security-Clearance-Decisions/ISCR-Hearing-Decisions/Archived-ISCR-Hearing-Decisions/2016-and-Prior-ISCR-Hearing-Decisions-3/FileId/129808/
08-00177,appeal,true_duplicate_deleted,byte-identical full_text; discarded source_url: https://doha.ogc.osd.mil/Industrial-Security-Program/Industrial-Security-Clearance-Decisions/ISCR-Hearing-Decisions/Archived-ISCR-Hearing-Decisions/2016-and-Prior-ISCR-Hearing-Decisions-3/FileId/129813/
08-00344,appeal,true_duplicate_deleted,byte-identical full_text; discarded source_url: https://doha.ogc.osd.mil/Industrial-Security-Program/Industrial-Security-Clearance-Decisions/ISCR-Hearing-Decisions/Archived-ISCR-Hearing-Decisions/2016-and-Prior-ISCR-Hearing-Decisions-3/FileId/129819/
08-00346,appeal,true_duplicate_deleted,byte-identical full_text; discarded source_url: https://doha.ogc.osd.mil/Industrial-Security-Program/Industrial-Security-Clearance-Decisions/ISCR-Hearing-Decisions/Archived-ISCR-Hearing-Decisions/2016-and-Prior-ISCR-Hearing-Decisions-3/FileId/129825/
08-00435,appeal,true_duplicate_deleted,byte-identical full_text; discarded source_url: https://doha.ogc.osd.mil/Industrial-Security-Program/Industrial-Security-Clearance-Decisions/ISCR-Hearing-Decisions/Archived-ISCR-Hearing-Decisions/2016-and-Prior-ISCR-Hearing-Decisions-3/FileId/129837/
08-00472,appeal,true_duplicate_deleted,byte-identical full_text; discarded source_url: https://doha.ogc.osd.mil/Industrial-Security-Program/Industrial-Security-Clearance-Decisions/ISCR-Hearing-Decisions/Archived-ISCR-Hearing-Decisions/2016-and-Prior-ISCR-Hearing-Decisions-3/FileId/129843/
08-00486,appeal,true_duplicate_deleted,byte-identical full_text; discarded source_url: https://doha.ogc.osd.mil/Industrial-Security-Program/Industrial-Security-Clearance-Decisions/ISCR-Hearing-Decisions/Archived-ISCR-Hearing-Decisions/2016-and-Prior-ISCR-Hearing-Decisions-3/FileId/129845/
08-00574,appeal,true_duplicate_deleted,byte-identical full_text; discarded source_url: https://doha.ogc.osd.mil/Industrial-Security-Program/Industrial-Security-Clearance-Decisions/ISCR-Hearing-Decisions/Archived-ISCR-Hearing-Decisions/2016-and-Prior-ISCR-Hearing-Decisions-3/FileId/129855/
08-00613,appeal,true_duplicate_deleted,byte-identical full_text; discarded source_url: https://doha.ogc.osd.mil/Industrial-Security-Program/Industrial-Security-Clearance-Decisions/ISCR-Hearing-Decisions/Archived-ISCR-Hearing-Decisions/2016-and-Prior-ISCR-Hearing-Decisions-3/FileId/129862/
08-00632,appeal,true_duplicate_deleted,byte-identical full_text; discarded source_url: https://doha.ogc.osd.mil/Industrial-Security-Program/Industrial-Security-Clearance-Decisions/ISCR-Hearing-Decisions/Archived-ISCR-Hearing-Decisions/2016-and-Prior-ISCR-Hearing-Decisions-3/FileId/129867/
08-00801,appeal,true_duplicate_deleted,byte-identical full_text; discarded source_url: https://doha.ogc.osd.mil/Industrial-Security-Program/Industrial-Security-Clearance-Decisions/ISCR-Hearing-Decisions/Archived-ISCR-Hearing-Decisions/2016-and-Prior-ISCR-Hearing-Decisions-3/FileId/129877/
08-00881,appeal,true_duplicate_deleted,byte-identical full_text; discarded source_url: https://doha.ogc.osd.mil/Industrial-Security-Program/Industrial-Security-Clearance-Decisions/ISCR-Hearing-Decisions/Archived-ISCR-Hearing-Decisions/2016-and-Prior-ISCR-Hearing-Decisions-3/FileId/129882/
08-00826,appeal,true_duplicate_deleted,byte-identical full_text; discarded source_url: https://doha.ogc.osd.mil/Industrial-Security-Program/Industrial-Security-Clearance-Decisions/ISCR-Hearing-Decisions/Archived-ISCR-Hearing-Decisions/2016-and-Prior-ISCR-Hearing-Decisions-3/FileId/129879/
08-00899,appeal,true_duplicate_deleted,byte-identical full_text; discarded source_url: https://doha.ogc.osd.mil/Industrial-Security-Program/Industrial-Security-Clearance-Decisions/ISCR-Hearing-Decisions/Archived-ISCR-Hearing-Decisions/2016-and-Prior-ISCR-Hearing-Decisions-3/FileId/129885/
08-00967,appeal,true_duplicate_deleted,byte-identical full_text; discarded source_url: https://doha.ogc.osd.mil/Industrial-Security-Program/Industrial-Security-Clearance-Decisions/ISCR-Hearing-Decisions/Archived-ISCR-Hearing-Decisions/2016-and-Prior-ISCR-Hearing-Decisions-3/FileId/129891/
08-00969,appeal,true_duplicate_deleted,byte-identical full_text; discarded source_url: https://doha.ogc.osd.mil/Industrial-Security-Program/Industrial-Security-Clearance-Decisions/ISCR-Hearing-Decisions/Archived-ISCR-Hearing-Decisions/2016-and-Prior-ISCR-Hearing-Decisions-3/FileId/129895/
08-01038,appeal,true_duplicate_deleted,byte-identical full_text; discarded source_url: https://doha.ogc.osd.mil/Industrial-Security-Program/Industrial-Security-Clearance-Decisions/ISCR-Hearing-Decisions/Archived-ISCR-Hearing-Decisions/2016-and-Prior-ISCR-Hearing-Decisions-3/FileId/129903/
08-01014,appeal,true_duplicate_deleted,byte-identical full_text; discarded source_url: https://doha.ogc.osd.mil/Industrial-Security-Program/Industrial-Security-Clearance-Decisions/ISCR-Hearing-Decisions/Archived-ISCR-Hearing-Decisions/2016-and-Prior-ISCR-Hearing-Decisions-3/FileId/129902/
08-01075,appeal,true_duplicate_deleted,byte-identical full_text; discarded source_url: https://doha.ogc.osd.mil/Industrial-Security-Program/Industrial-Security-Clearance-Decisions/ISCR-Hearing-Decisions/Archived-ISCR-Hearing-Decisions/2016-and-Prior-ISCR-Hearing-Decisions-3/FileId/129909/
08-01105,appeal,true_duplicate_deleted,byte-identical full_text; discarded source_url: https://doha.ogc.osd.mil/Industrial-Security-Program/Industrial-Security-Clearance-Decisions/ISCR-Hearing-Decisions/Archived-ISCR-Hearing-Decisions/2016-and-Prior-ISCR-Hearing-Decisions-3/FileId/129914/
08-01122,appeal,true_duplicate_deleted,byte-identical full_text; discarded source_url: https://doha.ogc.osd.mil/Industrial-Security-Program/Industrial-Security-Clearance-Decisions/ISCR-Hearing-Decisions/Archived-ISCR-Hearing-Decisions/2016-and-Prior-ISCR-Hearing-Decisions-3/FileId/129916/
08-01282,appeal,true_duplicate_deleted,byte-identical full_text; discarded source_url: https://doha.ogc.osd.mil/Industrial-Security-Program/Industrial-Security-Clearance-Decisions/ISCR-Hearing-Decisions/Archived-ISCR-Hearing-Decisions/2016-and-Prior-ISCR-Hearing-Decisions-3/FileId/129939/
08-01200,appeal,true_duplicate_deleted,byte-identical full_text; discarded source_url: https://doha.ogc.osd.mil/Industrial-Security-Program/Industrial-Security-Clearance-Decisions/ISCR-Hearing-Decisions/Archived-ISCR-Hearing-Decisions/2016-and-Prior-ISCR-Hearing-Decisions-3/FileId/129927/
08-01306,appeal,true_duplicate_deleted,byte-identical full_text; discarded source_url: https://doha.ogc.osd.mil/Industrial-Security-Program/Industrial-Security-Clearance-Decisions/ISCR-Hearing-Decisions/Archived-ISCR-Hearing-Decisions/2016-and-Prior-ISCR-Hearing-Decisions-3/FileId/129946/
08-01392,appeal,true_duplicate_deleted,byte-identical full_text; discarded source_url: https://doha.ogc.osd.mil/Industrial-Security-Program/Industrial-Security-Clearance-Decisions/ISCR-Hearing-Decisions/Archived-ISCR-Hearing-Decisions/2016-and-Prior-ISCR-Hearing-Decisions-3/FileId/129951/
08-01538,appeal,true_duplicate_deleted,byte-identical full_text; discarded source_url: https://doha.ogc.osd.mil/Industrial-Security-Program/Industrial-Security-Clearance-Decisions/ISCR-Hearing-Decisions/Archived-ISCR-Hearing-Decisions/2016-and-Prior-ISCR-Hearing-Decisions-3/FileId/129964/
08-01431,appeal,true_duplicate_deleted,byte-identical full_text; discarded source_url: https://doha.ogc.osd.mil/Industrial-Security-Program/Industrial-Security-Clearance-Decisions/ISCR-Hearing-Decisions/Archived-ISCR-Hearing-Decisions/2016-and-Prior-ISCR-Hearing-Decisions-3/FileId/129957/
08-01583,appeal,true_duplicate_deleted,byte-identical full_text; discarded source_url: https://doha.ogc.osd.mil/Industrial-Security-Program/Industrial-Security-Clearance-Decisions/ISCR-Hearing-Decisions/Archived-ISCR-Hearing-Decisions/2016-and-Prior-ISCR-Hearing-Decisions-3/FileId/129969/
08-01616,appeal,true_duplicate_deleted,byte-identical full_text; discarded source_url: https://doha.ogc.osd.mil/Industrial-Security-Program/Industrial-Security-Clearance-Decisions/ISCR-Hearing-Decisions/Archived-ISCR-Hearing-Decisions/2016-and-Prior-ISCR-Hearing-Decisions-3/FileId/129975/
08-01642,appeal,true_duplicate_deleted,byte-identical full_text; discarded source_url: https://doha.ogc.osd.mil/Industrial-Security-Program/Industrial-Security-Clearance-Decisions/ISCR-Hearing-Decisions/Archived-ISCR-Hearing-Decisions/2016-and-Prior-ISCR-Hearing-Decisions-3/FileId/129976/
08-01980,appeal,true_duplicate_deleted,byte-identical full_text; discarded source_url: https://doha.ogc.osd.mil/Industrial-Security-Program/Industrial-Security-Clearance-Decisions/ISCR-Hearing-Decisions/Archived-ISCR-Hearing-Decisions/2016-and-Prior-ISCR-Hearing-Decisions-3/FileId/130005/
08-02087,appeal,true_duplicate_deleted,byte-identical full_text; discarded source_url: https://doha.ogc.osd.mil/Industrial-Security-Program/Industrial-Security-Clearance-Decisions/ISCR-Hearing-Decisions/Archived-ISCR-Hearing-Decisions/2016-and-Prior-ISCR-Hearing-Decisions-3/FileId/130025/
08-02269,appeal,true_duplicate_deleted,byte-identical full_text; discarded source_url: https://doha.ogc.osd.mil/Industrial-Security-Program/Industrial-Security-Clearance-Decisions/ISCR-Hearing-Decisions/Archived-ISCR-Hearing-Decisions/2016-and-Prior-ISCR-Hearing-Decisions-3/FileId/130039/
08-02299,appeal,true_duplicate_deleted,byte-identical full_text; discarded source_url: https://doha.ogc.osd.mil/Industrial-Security-Program/Industrial-Security-Clearance-Decisions/ISCR-Hearing-Decisions/Archived-ISCR-Hearing-Decisions/2016-and-Prior-ISCR-Hearing-Decisions-3/FileId/130042/
08-02404,appeal,true_duplicate_deleted,byte-identical full_text; discarded source_url: https://doha.ogc.osd.mil/Industrial-Security-Program/Industrial-Security-Clearance-Decisions/ISCR-Hearing-Decisions/Archived-ISCR-Hearing-Decisions/2016-and-Prior-ISCR-Hearing-Decisions-3/FileId/130049/
08-02414,appeal,true_duplicate_deleted,byte-identical full_text; discarded source_url: https://doha.ogc.osd.mil/Industrial-Security-Program/Industrial-Security-Clearance-Decisions/ISCR-Hearing-Decisions/Archived-ISCR-Hearing-Decisions/2016-and-Prior-ISCR-Hearing-Decisions-3/FileId/130050/
08-02464,appeal,true_duplicate_deleted,byte-identical full_text; discarded source_url: https://doha.ogc.osd.mil/Industrial-Security-Program/Industrial-Security-Clearance-Decisions/ISCR-Hearing-Decisions/Archived-ISCR-Hearing-Decisions/2016-and-Prior-ISCR-Hearing-Decisions-3/FileId/130059/
08-02421,appeal,true_duplicate_deleted,byte-identical full_text; discarded source_url: https://doha.ogc.osd.mil/Industrial-Security-Program/Industrial-Security-Clearance-Decisions/ISCR-Hearing-Decisions/Archived-ISCR-Hearing-Decisions/2016-and-Prior-ISCR-Hearing-Decisions-3/FileId/130053/
08-02578,appeal,true_duplicate_deleted,byte-identical full_text; discarded source_url: https://doha.ogc.osd.mil/Industrial-Security-Program/Industrial-Security-Clearance-Decisions/ISCR-Hearing-Decisions/Archived-ISCR-Hearing-Decisions/2016-and-Prior-ISCR-Hearing-Decisions-3/FileId/130066/
08-02589,appeal,true_duplicate_deleted,byte-identical full_text; discarded source_url: https://doha.ogc.osd.mil/Industrial-Security-Program/Industrial-Security-Clearance-Decisions/ISCR-Hearing-Decisions/Archived-ISCR-Hearing-Decisions/2016-and-Prior-ISCR-Hearing-Decisions-3/FileId/130071/
08-02653,appeal,true_duplicate_deleted,byte-identical full_text; discarded source_url: https://doha.ogc.osd.mil/Industrial-Security-Program/Industrial-Security-Clearance-Decisions/ISCR-Hearing-Decisions/Archived-ISCR-Hearing-Decisions/2016-and-Prior-ISCR-Hearing-Decisions-3/FileId/130073/
08-02715,appeal,true_duplicate_deleted,byte-identical full_text; discarded source_url: https://doha.ogc.osd.mil/Industrial-Security-Program/Industrial-Security-Clearance-Decisions/ISCR-Hearing-Decisions/Archived-ISCR-Hearing-Decisions/2016-and-Prior-ISCR-Hearing-Decisions-3/FileId/130084/
08-02864,appeal,true_duplicate_deleted,byte-identical full_text; discarded source_url: https://doha.ogc.osd.mil/Industrial-Security-Program/Industrial-Security-Clearance-Decisions/ISCR-Hearing-Decisions/Archived-ISCR-Hearing-Decisions/2016-and-Prior-ISCR-Hearing-Decisions-3/FileId/130092/
08-02916,appeal,true_duplicate_deleted,byte-identical full_text; discarded source_url: https://doha.ogc.osd.mil/Industrial-Security-Program/Industrial-Security-Clearance-Decisions/ISCR-Hearing-Decisions/Archived-ISCR-Hearing-Decisions/2016-and-Prior-ISCR-Hearing-Decisions-3/FileId/130100/
08-03026,appeal,true_duplicate_deleted,byte-identical full_text; discarded source_url: https://doha.ogc.osd.mil/Industrial-Security-Program/Industrial-Security-Clearance-Decisions/ISCR-Hearing-Decisions/Archived-ISCR-Hearing-Decisions/2016-and-Prior-ISCR-Hearing-Decisions-3/FileId/130107/
08-03071,appeal,true_duplicate_deleted,byte-identical full_text; discarded source_url: https://doha.ogc.osd.mil/Industrial-Security-Program/Industrial-Security-Clearance-Decisions/ISCR-Hearing-Decisions/Archived-ISCR-Hearing-Decisions/2016-and-Prior-ISCR-Hearing-Decisions-3/FileId/130112/
08-03110,appeal,true_duplicate_deleted,byte-identical full_text; discarded source_url: https://doha.ogc.osd.mil/Industrial-Security-Program/Industrial-Security-Clearance-Decisions/ISCR-Hearing-Decisions/Archived-ISCR-Hearing-Decisions/2016-and-Prior-ISCR-Hearing-Decisions-3/FileId/130118/
08-03233,appeal,true_duplicate_deleted,byte-identical full_text; discarded source_url: https://doha.ogc.osd.mil/Industrial-Security-Program/Industrial-Security-Clearance-Decisions/ISCR-Hearing-Decisions/Archived-ISCR-Hearing-Decisions/2016-and-Prior-ISCR-Hearing-Decisions-4/FileId/130160/
08-03180,appeal,true_duplicate_deleted,byte-identical full_text; discarded source_url: https://doha.ogc.osd.mil/Industrial-Security-Program/Industrial-Security-Clearance-Decisions/ISCR-Hearing-Decisions/Archived-ISCR-Hearing-Decisions/2016-and-Prior-ISCR-Hearing-Decisions-3/FileId/130129/
08-03198,appeal,true_duplicate_deleted,byte-identical full_text; discarded source_url: https://doha.ogc.osd.mil/Industrial-Security-Program/Industrial-Security-Clearance-Decisions/ISCR-Hearing-Decisions/Archived-ISCR-Hearing-Decisions/2016-and-Prior-ISCR-Hearing-Decisions-3/FileId/129013/
08-03221,appeal,true_duplicate_deleted,byte-identical full_text; discarded source_url: https://doha.ogc.osd.mil/Industrial-Security-Program/Industrial-Security-Clearance-Decisions/ISCR-Hearing-Decisions/Archived-ISCR-Hearing-Decisions/2016-and-Prior-ISCR-Hearing-Decisions-4/FileId/130158/
08-03258,appeal,true_duplicate_deleted,byte-identical full_text; discarded source_url: https://doha.ogc.osd.mil/Industrial-Security-Program/Industrial-Security-Clearance-Decisions/ISCR-Hearing-Decisions/Archived-ISCR-Hearing-Decisions/2016-and-Prior-ISCR-Hearing-Decisions-4/FileId/130164/
08-03273,appeal,true_duplicate_deleted,byte-identical full_text; discarded source_url: https://doha.ogc.osd.mil/Industrial-Security-Program/Industrial-Security-Clearance-Decisions/ISCR-Hearing-Decisions/Archived-ISCR-Hearing-Decisions/2016-and-Prior-ISCR-Hearing-Decisions-4/FileId/130168/
08-03335,appeal,true_duplicate_deleted,byte-identical full_text; discarded source_url: https://doha.ogc.osd.mil/Industrial-Security-Program/Industrial-Security-Clearance-Decisions/ISCR-Hearing-Decisions/Archived-ISCR-Hearing-Decisions/2016-and-Prior-ISCR-Hearing-Decisions-4/FileId/130179/
08-03372,appeal,true_duplicate_deleted,byte-identical full_text; discarded source_url: https://doha.ogc.osd.mil/Industrial-Security-Program/Industrial-Security-Clearance-Decisions/ISCR-Hearing-Decisions/Archived-ISCR-Hearing-Decisions/2016-and-Prior-ISCR-Hearing-Decisions-4/FileId/130184/
08-03389,appeal,true_duplicate_deleted,byte-identical full_text; discarded source_url: https://doha.ogc.osd.mil/Industrial-Security-Program/Industrial-Security-Clearance-Decisions/ISCR-Hearing-Decisions/Archived-ISCR-Hearing-Decisions/2016-and-Prior-ISCR-Hearing-Decisions-4/FileId/130190/
08-03418,appeal,true_duplicate_deleted,byte-identical full_text; discarded source_url: https://doha.ogc.osd.mil/Industrial-Security-Program/Industrial-Security-Clearance-Decisions/ISCR-Hearing-Decisions/Archived-ISCR-Hearing-Decisions/2016-and-Prior-ISCR-Hearing-Decisions-4/FileId/130199/
08-03128,appeal,true_duplicate_deleted,byte-identical full_text; discarded source_url: https://doha.ogc.osd.mil/Industrial-Security-Program/Industrial-Security-Clearance-Decisions/ISCR-Hearing-Decisions/Archived-ISCR-Hearing-Decisions/2016-and-Prior-ISCR-Hearing-Decisions-3/FileId/130119/
08-03432,appeal,true_duplicate_deleted,byte-identical full_text; discarded source_url: https://doha.ogc.osd.mil/Industrial-Security-Program/Industrial-Security-Clearance-Decisions/ISCR-Hearing-Decisions/Archived-ISCR-Hearing-Decisions/2016-and-Prior-ISCR-Hearing-Decisions-4/FileId/130202/
08-03497,appeal,true_duplicate_deleted,byte-identical full_text; discarded source_url: https://doha.ogc.osd.mil/Industrial-Security-Program/Industrial-Security-Clearance-Decisions/ISCR-Hearing-Decisions/Archived-ISCR-Hearing-Decisions/2016-and-Prior-ISCR-Hearing-Decisions-4/FileId/130216/
08-03479,appeal,true_duplicate_deleted,byte-identical full_text; discarded source_url: https://doha.ogc.osd.mil/Industrial-Security-Program/Industrial-Security-Clearance-Decisions/ISCR-Hearing-Decisions/Archived-ISCR-Hearing-Decisions/2016-and-Prior-ISCR-Hearing-Decisions-4/FileId/130211/
08-03620,appeal,true_duplicate_deleted,byte-identical full_text; discarded source_url: https://doha.ogc.osd.mil/Industrial-Security-Program/Industrial-Security-Clearance-Decisions/ISCR-Hearing-Decisions/Archived-ISCR-Hearing-Decisions/2016-and-Prior-ISCR-Hearing-Decisions-4/FileId/130232/
08-03721,appeal,true_duplicate_deleted,byte-identical full_text; discarded source_url: https://doha.ogc.osd.mil/Industrial-Security-Program/Industrial-Security-Clearance-Decisions/ISCR-Hearing-Decisions/Archived-ISCR-Hearing-Decisions/2016-and-Prior-ISCR-Hearing-Decisions-4/FileId/130248/
08-03771,appeal,true_duplicate_deleted,byte-identical full_text; discarded source_url: https://doha.ogc.osd.mil/Industrial-Security-Program/Industrial-Security-Clearance-Decisions/ISCR-Hearing-Decisions/Archived-ISCR-Hearing-Decisions/2016-and-Prior-ISCR-Hearing-Decisions-4/FileId/130260/
08-03726,appeal,true_duplicate_deleted,byte-identical full_text; discarded source_url: https://doha.ogc.osd.mil/Industrial-Security-Program/Industrial-Security-Clearance-Decisions/ISCR-Hearing-Decisions/Archived-ISCR-Hearing-Decisions/2016-and-Prior-ISCR-Hearing-Decisions-4/FileId/130252/
08-03798,appeal,true_duplicate_deleted,byte-identical full_text; discarded source_url: https://doha.ogc.osd.mil/Industrial-Security-Program/Industrial-Security-Clearance-Decisions/ISCR-Hearing-Decisions/Archived-ISCR-Hearing-Decisions/2016-and-Prior-ISCR-Hearing-Decisions-4/FileId/130266/
08-03845,appeal,true_duplicate_deleted,byte-identical full_text; discarded source_url: https://doha.ogc.osd.mil/Industrial-Security-Program/Industrial-Security-Clearance-Decisions/ISCR-Hearing-Decisions/Archived-ISCR-Hearing-Decisions/2016-and-Prior-ISCR-Hearing-Decisions-4/FileId/130270/
08-03946,appeal,true_duplicate_deleted,byte-identical full_text; discarded source_url: https://doha.ogc.osd.mil/Industrial-Security-Program/Industrial-Security-Clearance-Decisions/ISCR-Hearing-Decisions/Archived-ISCR-Hearing-Decisions/2016-and-Prior-ISCR-Hearing-Decisions-4/FileId/130285/
08-03960,appeal,true_duplicate_deleted,byte-identical full_text; discarded source_url: https://doha.ogc.osd.mil/Industrial-Security-Program/Industrial-Security-Clearance-Decisions/ISCR-Hearing-Decisions/Archived-ISCR-Hearing-Decisions/2016-and-Prior-ISCR-Hearing-Decisions-4/FileId/130291/
08-04023,appeal,true_duplicate_deleted,byte-identical full_text; discarded source_url: https://doha.ogc.osd.mil/Industrial-Security-Program/Industrial-Security-Clearance-Decisions/ISCR-Hearing-Decisions/Archived-ISCR-Hearing-Decisions/2016-and-Prior-ISCR-Hearing-Decisions-4/FileId/130304/
08-04232,appeal,true_duplicate_deleted,byte-identical full_text; discarded source_url: https://doha.ogc.osd.mil/Industrial-Security-Program/Industrial-Security-Clearance-Decisions/ISCR-Hearing-Decisions/Archived-ISCR-Hearing-Decisions/2016-and-Prior-ISCR-Hearing-Decisions-4/FileId/130327/
08-04252,appeal,true_duplicate_deleted,byte-identical full_text; discarded source_url: https://doha.ogc.osd.mil/Industrial-Security-Program/Industrial-Security-Clearance-Decisions/ISCR-Hearing-Decisions/Archived-ISCR-Hearing-Decisions/2016-and-Prior-ISCR-Hearing-Decisions-4/FileId/130334/
08-04296,appeal,true_duplicate_deleted,byte-identical full_text; discarded source_url: https://doha.ogc.osd.mil/Industrial-Security-Program/Industrial-Security-Clearance-Decisions/ISCR-Hearing-Decisions/Archived-ISCR-Hearing-Decisions/2016-and-Prior-ISCR-Hearing-Decisions-4/FileId/130341/
08-04464,appeal,true_duplicate_deleted,byte-identical full_text; discarded source_url: https://doha.ogc.osd.mil/Industrial-Security-Program/Industrial-Security-Clearance-Decisions/ISCR-Hearing-Decisions/Archived-ISCR-Hearing-Decisions/2016-and-Prior-ISCR-Hearing-Decisions-4/FileId/130357/
08-04384,appeal,true_duplicate_deleted,byte-identical full_text; discarded source_url: https://doha.ogc.osd.mil/Industrial-Security-Program/Industrial-Security-Clearance-Decisions/ISCR-Hearing-Decisions/Archived-ISCR-Hearing-Decisions/2016-and-Prior-ISCR-Hearing-Decisions-4/FileId/130351/
08-04488,appeal,true_duplicate_deleted,byte-identical full_text; discarded source_url: https://doha.ogc.osd.mil/Industrial-Security-Program/Industrial-Security-Clearance-Decisions/ISCR-Hearing-Decisions/Archived-ISCR-Hearing-Decisions/2016-and-Prior-ISCR-Hearing-Decisions-4/FileId/130360/
08-04492,appeal,true_duplicate_deleted,byte-identical full_text; discarded source_url: https://doha.ogc.osd.mil/Industrial-Security-Program/Industrial-Security-Clearance-Decisions/ISCR-Hearing-Decisions/Archived-ISCR-Hearing-Decisions/2016-and-Prior-ISCR-Hearing-Decisions-4/FileId/130366/
08-04546,appeal,true_duplicate_deleted,byte-identical full_text; discarded source_url: https://doha.ogc.osd.mil/Industrial-Security-Program/Industrial-Security-Clearance-Decisions/ISCR-Hearing-Decisions/Archived-ISCR-Hearing-Decisions/2016-and-Prior-ISCR-Hearing-Decisions-4/FileId/130372/
08-04599,appeal,true_duplicate_deleted,byte-identical full_text; discarded source_url: https://doha.ogc.osd.mil/Industrial-Security-Program/Industrial-Security-Clearance-Decisions/ISCR-Hearing-Decisions/Archived-ISCR-Hearing-Decisions/2016-and-Prior-ISCR-Hearing-Decisions-4/FileId/130382/
08-04604,appeal,true_duplicate_deleted,byte-identical full_text; discarded source_url: https://doha.ogc.osd.mil/Industrial-Security-Program/Industrial-Security-Clearance-Decisions/ISCR-Hearing-Decisions/Archived-ISCR-Hearing-Decisions/2016-and-Prior-ISCR-Hearing-Decisions-4/FileId/130385/
08-04624,appeal,true_duplicate_deleted,byte-identical full_text; discarded source_url: https://doha.ogc.osd.mil/Industrial-Security-Program/Industrial-Security-Clearance-Decisions/ISCR-Hearing-Decisions/Archived-ISCR-Hearing-Decisions/2016-and-Prior-ISCR-Hearing-Decisions-4/FileId/130388/
08-04629,appeal,true_duplicate_deleted,byte-identical full_text; discarded source_url: https://doha.ogc.osd.mil/Industrial-Security-Program/Industrial-Security-Clearance-Decisions/ISCR-Hearing-Decisions/Archived-ISCR-Hearing-Decisions/2016-and-Prior-ISCR-Hearing-Decisions-4/FileId/130391/
08-04806,appeal,true_duplicate_deleted,byte-identical full_text; discarded source_url: https://doha.ogc.osd.mil/Industrial-Security-Program/Industrial-Security-Clearance-Decisions/ISCR-Hearing-Decisions/Archived-ISCR-Hearing-Decisions/2016-and-Prior-ISCR-Hearing-Decisions-4/FileId/130413/
08-04804,appeal,true_duplicate_deleted,byte-identical full_text; discarded source_url: https://doha.ogc.osd.mil/Industrial-Security-Program/Industrial-Security-Clearance-Decisions/ISCR-Hearing-Decisions/Archived-ISCR-Hearing-Decisions/2016-and-Prior-ISCR-Hearing-Decisions-4/FileId/130414/
08-04889,appeal,true_duplicate_deleted,byte-identical full_text; discarded source_url: https://doha.ogc.osd.mil/Industrial-Security-Program/Industrial-Security-Clearance-Decisions/ISCR-Hearing-Decisions/Archived-ISCR-Hearing-Decisions/2016-and-Prior-ISCR-Hearing-Decisions-4/FileId/130432/
08-04990,appeal,true_duplicate_deleted,byte-identical full_text; discarded source_url: https://doha.ogc.osd.mil/Industrial-Security-Program/Industrial-Security-Clearance-Decisions/ISCR-Hearing-Decisions/Archived-ISCR-Hearing-Decisions/2016-and-Prior-ISCR-Hearing-Decisions-4/FileId/130445/
08-05020,appeal,true_duplicate_deleted,byte-identical full_text; discarded source_url: https://doha.ogc.osd.mil/Industrial-Security-Program/Industrial-Security-Clearance-Decisions/ISCR-Hearing-Decisions/Archived-ISCR-Hearing-Decisions/2016-and-Prior-ISCR-Hearing-Decisions-4/FileId/130454/
08-05034,appeal,true_duplicate_deleted,byte-identical full_text; discarded source_url: https://doha.ogc.osd.mil/Industrial-Security-Program/Industrial-Security-Clearance-Decisions/ISCR-Hearing-Decisions/Archived-ISCR-Hearing-Decisions/2016-and-Prior-ISCR-Hearing-Decisions-4/FileId/130456/
08-05069,appeal,true_duplicate_deleted,byte-identical full_text; discarded source_url: https://doha.ogc.osd.mil/Industrial-Security-Program/Industrial-Security-Clearance-Decisions/ISCR-Hearing-Decisions/Archived-ISCR-Hearing-Decisions/2016-and-Prior-ISCR-Hearing-Decisions-4/FileId/130463/
08-05093,appeal,true_duplicate_deleted,byte-identical full_text; discarded source_url: https://doha.ogc.osd.mil/Industrial-Security-Program/Industrial-Security-Clearance-Decisions/ISCR-Hearing-Decisions/Archived-ISCR-Hearing-Decisions/2016-and-Prior-ISCR-Hearing-Decisions-4/FileId/130467/
08-05216,appeal,true_duplicate_deleted,byte-identical full_text; discarded source_url: https://doha.ogc.osd.mil/Industrial-Security-Program/Industrial-Security-Clearance-Decisions/ISCR-Hearing-Decisions/Archived-ISCR-Hearing-Decisions/2016-and-Prior-ISCR-Hearing-Decisions-4/FileId/130478/
08-05259,appeal,true_duplicate_deleted,byte-identical full_text; discarded source_url: https://doha.ogc.osd.mil/Industrial-Security-Program/Industrial-Security-Clearance-Decisions/ISCR-Hearing-Decisions/Archived-ISCR-Hearing-Decisions/2016-and-Prior-ISCR-Hearing-Decisions-4/FileId/130483/
08-05344,appeal,true_duplicate_deleted,byte-identical full_text; discarded source_url: https://doha.ogc.osd.mil/Industrial-Security-Program/Industrial-Security-Clearance-Decisions/ISCR-Hearing-Decisions/Archived-ISCR-Hearing-Decisions/2016-and-Prior-ISCR-Hearing-Decisions-4/FileId/130500/
08-05348,appeal,true_duplicate_deleted,byte-identical full_text; discarded source_url: https://doha.ogc.osd.mil/Industrial-Security-Program/Industrial-Security-Clearance-Decisions/ISCR-Hearing-Decisions/Archived-ISCR-Hearing-Decisions/2016-and-Prior-ISCR-Hearing-Decisions-4/FileId/130501/
08-05372,appeal,true_duplicate_deleted,byte-identical full_text; discarded source_url: https://doha.ogc.osd.mil/Industrial-Security-Program/Industrial-Security-Clearance-Decisions/ISCR-Hearing-Decisions/Archived-ISCR-Hearing-Decisions/2016-and-Prior-ISCR-Hearing-Decisions-4/FileId/130507/
08-05351,appeal,true_duplicate_deleted,byte-identical full_text; discarded source_url: https://doha.ogc.osd.mil/Industrial-Security-Program/Industrial-Security-Clearance-Decisions/ISCR-Hearing-Decisions/Archived-ISCR-Hearing-Decisions/2016-and-Prior-ISCR-Hearing-Decisions-4/FileId/130506/
08-05530,appeal,true_duplicate_deleted,byte-identical full_text; discarded source_url: https://doha.ogc.osd.mil/Industrial-Security-Program/Industrial-Security-Clearance-Decisions/ISCR-Hearing-Decisions/Archived-ISCR-Hearing-Decisions/2016-and-Prior-ISCR-Hearing-Decisions-4/FileId/130528/
08-05379,appeal,true_duplicate_deleted,byte-identical full_text; discarded source_url: https://doha.ogc.osd.mil/Industrial-Security-Program/Industrial-Security-Clearance-Decisions/ISCR-Hearing-Decisions/Archived-ISCR-Hearing-Decisions/2016-and-Prior-ISCR-Hearing-Decisions-4/FileId/130509/
08-05539,appeal,true_duplicate_deleted,byte-identical full_text; discarded source_url: https://doha.ogc.osd.mil/Industrial-Security-Program/Industrial-Security-Clearance-Decisions/ISCR-Hearing-Decisions/Archived-ISCR-Hearing-Decisions/2016-and-Prior-ISCR-Hearing-Decisions-4/FileId/130532/
08-05637,appeal,true_duplicate_deleted,byte-identical full_text; discarded source_url: https://doha.ogc.osd.mil/Industrial-Security-Program/Industrial-Security-Clearance-Decisions/ISCR-Hearing-Decisions/Archived-ISCR-Hearing-Decisions/2016-and-Prior-ISCR-Hearing-Decisions-4/FileId/130549/
08-05699,appeal,true_duplicate_deleted,byte-identical full_text; discarded source_url: https://doha.ogc.osd.mil/Industrial-Security-Program/Industrial-Security-Clearance-Decisions/ISCR-Hearing-Decisions/Archived-ISCR-Hearing-Decisions/2016-and-Prior-ISCR-Hearing-Decisions-4/FileId/130557/
08-05846,appeal,true_duplicate_deleted,byte-identical full_text; discarded source_url: https://doha.ogc.osd.mil/Industrial-Security-Program/Industrial-Security-Clearance-Decisions/ISCR-Hearing-Decisions/Archived-ISCR-Hearing-Decisions/2016-and-Prior-ISCR-Hearing-Decisions-4/FileId/130574/
08-05869,appeal,true_duplicate_deleted,byte-identical full_text; discarded source_url: https://doha.ogc.osd.mil/Industrial-Security-Program/Industrial-Security-Clearance-Decisions/ISCR-Hearing-Decisions/Archived-ISCR-Hearing-Decisions/2016-and-Prior-ISCR-Hearing-Decisions-4/FileId/130580/
08-05959,appeal,true_duplicate_deleted,byte-identical full_text; discarded source_url: https://doha.ogc.osd.mil/Industrial-Security-Program/Industrial-Security-Clearance-Decisions/ISCR-Hearing-Decisions/Archived-ISCR-Hearing-Decisions/2016-and-Prior-ISCR-Hearing-Decisions-4/FileId/130592/
08-05950,appeal,true_duplicate_deleted,byte-identical full_text; discarded source_url: https://doha.ogc.osd.mil/Industrial-Security-Program/Industrial-Security-Clearance-Decisions/ISCR-Hearing-Decisions/Archived-ISCR-Hearing-Decisions/2016-and-Prior-ISCR-Hearing-Decisions-4/FileId/130591/
08-06017,appeal,true_duplicate_deleted,byte-identical full_text; discarded source_url: https://doha.ogc.osd.mil/Industrial-Security-Program/Industrial-Security-Clearance-Decisions/ISCR-Hearing-Decisions/Archived-ISCR-Hearing-Decisions/2016-and-Prior-ISCR-Hearing-Decisions-4/FileId/130601/
08-06228,appeal,true_duplicate_deleted,byte-identical full_text; discarded source_url: https://doha.ogc.osd.mil/Industrial-Security-Program/Industrial-Security-Clearance-Decisions/ISCR-Hearing-Decisions/Archived-ISCR-Hearing-Decisions/2016-and-Prior-ISCR-Hearing-Decisions-4/FileId/130627/
08-06058,appeal,true_duplicate_deleted,byte-identical full_text; discarded source_url: https://doha.ogc.osd.mil/Industrial-Security-Program/Industrial-Security-Clearance-Decisions/ISCR-Hearing-Decisions/Archived-ISCR-Hearing-Decisions/2016-and-Prior-ISCR-Hearing-Decisions-4/FileId/130609/
08-06334,appeal,true_duplicate_deleted,byte-identical full_text; discarded source_url: https://doha.ogc.osd.mil/Industrial-Security-Program/Industrial-Security-Clearance-Decisions/ISCR-Hearing-Decisions/Archived-ISCR-Hearing-Decisions/2016-and-Prior-ISCR-Hearing-Decisions-4/FileId/130647/
08-06284,appeal,true_duplicate_deleted,byte-identical full_text; discarded source_url: https://doha.ogc.osd.mil/Industrial-Security-Program/Industrial-Security-Clearance-Decisions/ISCR-Hearing-Decisions/Archived-ISCR-Hearing-Decisions/2016-and-Prior-ISCR-Hearing-Decisions-4/FileId/130637/
08-06435,appeal,true_duplicate_deleted,byte-identical full_text; discarded source_url: https://doha.ogc.osd.mil/Industrial-Security-Program/Industrial-Security-Clearance-Decisions/ISCR-Hearing-Decisions/Archived-ISCR-Hearing-Decisions/2016-and-Prior-ISCR-Hearing-Decisions-4/FileId/130659/
08-06438,appeal,true_duplicate_deleted,byte-identical full_text; discarded source_url: https://doha.ogc.osd.mil/Industrial-Security-Program/Industrial-Security-Clearance-Decisions/ISCR-Hearing-Decisions/Archived-ISCR-Hearing-Decisions/2016-and-Prior-ISCR-Hearing-Decisions-4/FileId/130662/
08-06506,appeal,true_duplicate_deleted,byte-identical full_text; discarded source_url: https://doha.ogc.osd.mil/Industrial-Security-Program/Industrial-Security-Clearance-Decisions/ISCR-Hearing-Decisions/Archived-ISCR-Hearing-Decisions/2016-and-Prior-ISCR-Hearing-Decisions-4/FileId/130674/
08-06518,appeal,true_duplicate_deleted,byte-identical full_text; discarded source_url: https://doha.ogc.osd.mil/Industrial-Security-Program/Industrial-Security-Clearance-Decisions/ISCR-Hearing-Decisions/Archived-ISCR-Hearing-Decisions/2016-and-Prior-ISCR-Hearing-Decisions-4/FileId/130676/
08-06559,appeal,true_duplicate_deleted,byte-identical full_text; discarded source_url: https://doha.ogc.osd.mil/Industrial-Security-Program/Industrial-Security-Clearance-Decisions/ISCR-Hearing-Decisions/Archived-ISCR-Hearing-Decisions/2016-and-Prior-ISCR-Hearing-Decisions-4/FileId/130689/
08-06567,appeal,true_duplicate_deleted,byte-identical full_text; discarded source_url: https://doha.ogc.osd.mil/Industrial-Security-Program/Industrial-Security-Clearance-Decisions/ISCR-Hearing-Decisions/Archived-ISCR-Hearing-Decisions/2016-and-Prior-ISCR-Hearing-Decisions-4/FileId/130692/
08-06571,appeal,true_duplicate_deleted,byte-identical full_text; discarded source_url: https://doha.ogc.osd.mil/Industrial-Security-Program/Industrial-Security-Clearance-Decisions/ISCR-Hearing-Decisions/Archived-ISCR-Hearing-Decisions/2016-and-Prior-ISCR-Hearing-Decisions-4/FileId/130695/
08-06582,appeal,true_duplicate_deleted,byte-identical full_text; discarded source_url: https://doha.ogc.osd.mil/Industrial-Security-Program/Industrial-Security-Clearance-Decisions/ISCR-Hearing-Decisions/Archived-ISCR-Hearing-Decisions/2016-and-Prior-ISCR-Hearing-Decisions-4/FileId/130699/
08-06591,appeal,true_duplicate_deleted,byte-identical full_text; discarded source_url: https://doha.ogc.osd.mil/Industrial-Security-Program/Industrial-Security-Clearance-Decisions/ISCR-Hearing-Decisions/Archived-ISCR-Hearing-Decisions/2016-and-Prior-ISCR-Hearing-Decisions-4/FileId/130703/
08-06605,appeal,true_duplicate_deleted,byte-identical full_text; discarded source_url: https://doha.ogc.osd.mil/Industrial-Security-Program/Industrial-Security-Clearance-Decisions/ISCR-Hearing-Decisions/Archived-ISCR-Hearing-Decisions/2016-and-Prior-ISCR-Hearing-Decisions-4/FileId/130707/
08-06795,appeal,true_duplicate_deleted,byte-identical full_text; discarded source_url: https://doha.ogc.osd.mil/Industrial-Security-Program/Industrial-Security-Clearance-Decisions/ISCR-Hearing-Decisions/Archived-ISCR-Hearing-Decisions/2016-and-Prior-ISCR-Hearing-Decisions-4/FileId/130734/
08-06802,appeal,true_duplicate_deleted,byte-identical full_text; discarded source_url: https://doha.ogc.osd.mil/Industrial-Security-Program/Industrial-Security-Clearance-Decisions/ISCR-Hearing-Decisions/Archived-ISCR-Hearing-Decisions/2016-and-Prior-ISCR-Hearing-Decisions-4/FileId/130736/
08-06822,appeal,true_duplicate_deleted,byte-identical full_text; discarded source_url: https://doha.ogc.osd.mil/Industrial-Security-Program/Industrial-Security-Clearance-Decisions/ISCR-Hearing-Decisions/Archived-ISCR-Hearing-Decisions/2016-and-Prior-ISCR-Hearing-Decisions-4/FileId/130740/
08-06856,appeal,true_duplicate_deleted,byte-identical full_text; discarded source_url: https://doha.ogc.osd.mil/Industrial-Security-Program/Industrial-Security-Clearance-Decisions/ISCR-Hearing-Decisions/Archived-ISCR-Hearing-Decisions/2016-and-Prior-ISCR-Hearing-Decisions-4/FileId/130747/
08-06859,appeal,true_duplicate_deleted,byte-identical full_text; discarded source_url: https://doha.ogc.osd.mil/Industrial-Security-Program/Industrial-Security-Clearance-Decisions/ISCR-Hearing-Decisions/Archived-ISCR-Hearing-Decisions/2016-and-Prior-ISCR-Hearing-Decisions-4/FileId/130748/
08-06873,appeal,true_duplicate_deleted,byte-identical full_text; discarded source_url: https://doha.ogc.osd.mil/Industrial-Security-Program/Industrial-Security-Clearance-Decisions/ISCR-Hearing-Decisions/Archived-ISCR-Hearing-Decisions/2016-and-Prior-ISCR-Hearing-Decisions-4/FileId/130749/
08-06875,appeal,true_duplicate_deleted,byte-identical full_text; discarded source_url: https://doha.ogc.osd.mil/Industrial-Security-Program/Industrial-Security-Clearance-Decisions/ISCR-Hearing-Decisions/Archived-ISCR-Hearing-Decisions/2016-and-Prior-ISCR-Hearing-Decisions-4/FileId/130754/
08-06925,appeal,true_duplicate_deleted,byte-identical full_text; discarded source_url: https://doha.ogc.osd.mil/Industrial-Security-Program/Industrial-Security-Clearance-Decisions/ISCR-Hearing-Decisions/Archived-ISCR-Hearing-Decisions/2016-and-Prior-ISCR-Hearing-Decisions-4/FileId/130761/
08-06951,appeal,true_duplicate_deleted,byte-identical full_text; discarded source_url: https://doha.ogc.osd.mil/Industrial-Security-Program/Industrial-Security-Clearance-Decisions/ISCR-Hearing-Decisions/Archived-ISCR-Hearing-Decisions/2016-and-Prior-ISCR-Hearing-Decisions-4/FileId/130768/
08-06969,appeal,true_duplicate_deleted,byte-identical full_text; discarded source_url: https://doha.ogc.osd.mil/Industrial-Security-Program/Industrial-Security-Clearance-Decisions/ISCR-Hearing-Decisions/Archived-ISCR-Hearing-Decisions/2016-and-Prior-ISCR-Hearing-Decisions-4/FileId/130774/
08-06997,appeal,true_duplicate_deleted,byte-identical full_text; discarded source_url: https://doha.ogc.osd.mil/Industrial-Security-Program/Industrial-Security-Clearance-Decisions/ISCR-Hearing-Decisions/Archived-ISCR-Hearing-Decisions/2016-and-Prior-ISCR-Hearing-Decisions-4/FileId/130777/
08-07005,appeal,true_duplicate_deleted,byte-identical full_text; discarded source_url: https://doha.ogc.osd.mil/Industrial-Security-Program/Industrial-Security-Clearance-Decisions/ISCR-Hearing-Decisions/Archived-ISCR-Hearing-Decisions/2016-and-Prior-ISCR-Hearing-Decisions-4/FileId/130779/
08-07043,appeal,true_duplicate_deleted,byte-identical full_text; discarded source_url: https://doha.ogc.osd.mil/Industrial-Security-Program/Industrial-Security-Clearance-Decisions/ISCR-Hearing-Decisions/Archived-ISCR-Hearing-Decisions/2016-and-Prior-ISCR-Hearing-Decisions-4/FileId/130781/
08-07264,appeal,true_duplicate_deleted,byte-identical full_text; discarded source_url: https://doha.ogc.osd.mil/Industrial-Security-Program/Industrial-Security-Clearance-Decisions/ISCR-Hearing-Decisions/Archived-ISCR-Hearing-Decisions/2016-and-Prior-ISCR-Hearing-Decisions-4/FileId/130801/
08-07290,appeal,true_duplicate_deleted,byte-identical full_text; discarded source_url: https://doha.ogc.osd.mil/Industrial-Security-Program/Industrial-Security-Clearance-Decisions/ISCR-Hearing-Decisions/Archived-ISCR-Hearing-Decisions/2016-and-Prior-ISCR-Hearing-Decisions-4/FileId/130805/
08-07341,appeal,true_duplicate_deleted,byte-identical full_text; discarded source_url: https://doha.ogc.osd.mil/Industrial-Security-Program/Industrial-Security-Clearance-Decisions/ISCR-Hearing-Decisions/Archived-ISCR-Hearing-Decisions/2016-and-Prior-ISCR-Hearing-Decisions-4/FileId/130819/
08-07352,appeal,true_duplicate_deleted,byte-identical full_text; discarded source_url: https://doha.ogc.osd.mil/Industrial-Security-Program/Industrial-Security-Clearance-Decisions/ISCR-Hearing-Decisions/Archived-ISCR-Hearing-Decisions/2016-and-Prior-ISCR-Hearing-Decisions-4/FileId/130823/
08-07359,appeal,true_duplicate_deleted,byte-identical full_text; discarded source_url: https://doha.ogc.osd.mil/Industrial-Security-Program/Industrial-Security-Clearance-Decisions/ISCR-Hearing-Decisions/Archived-ISCR-Hearing-Decisions/2016-and-Prior-ISCR-Hearing-Decisions-4/FileId/130825/
08-07453,appeal,true_duplicate_deleted,byte-identical full_text; discarded source_url: https://doha.ogc.osd.mil/Industrial-Security-Program/Industrial-Security-Clearance-Decisions/ISCR-Hearing-Decisions/Archived-ISCR-Hearing-Decisions/2016-and-Prior-ISCR-Hearing-Decisions-4/FileId/130841/
08-07463,appeal,true_duplicate_deleted,byte-identical full_text; discarded source_url: https://doha.ogc.osd.mil/Industrial-Security-Program/Industrial-Security-Clearance-Decisions/ISCR-Hearing-Decisions/Archived-ISCR-Hearing-Decisions/2016-and-Prior-ISCR-Hearing-Decisions-4/FileId/130843/
08-07473,appeal,true_duplicate_deleted,byte-identical full_text; discarded source_url: https://doha.ogc.osd.mil/Industrial-Security-Program/Industrial-Security-Clearance-Decisions/ISCR-Hearing-Decisions/Archived-ISCR-Hearing-Decisions/2016-and-Prior-ISCR-Hearing-Decisions-4/FileId/130848/
08-07486,appeal,true_duplicate_deleted,byte-identical full_text; discarded source_url: https://doha.ogc.osd.mil/Industrial-Security-Program/Industrial-Security-Clearance-Decisions/ISCR-Hearing-Decisions/Archived-ISCR-Hearing-Decisions/2016-and-Prior-ISCR-Hearing-Decisions-4/FileId/130853/
08-07528,appeal,true_duplicate_deleted,byte-identical full_text; discarded source_url: https://doha.ogc.osd.mil/Industrial-Security-Program/Industrial-Security-Clearance-Decisions/ISCR-Hearing-Decisions/Archived-ISCR-Hearing-Decisions/2016-and-Prior-ISCR-Hearing-Decisions-4/FileId/130854/
08-07540,appeal,true_duplicate_deleted,byte-identical full_text; discarded source_url: https://doha.ogc.osd.mil/Industrial-Security-Program/Industrial-Security-Clearance-Decisions/ISCR-Hearing-Decisions/Archived-ISCR-Hearing-Decisions/2016-and-Prior-ISCR-Hearing-Decisions-4/FileId/130865/
08-07575,appeal,true_duplicate_deleted,byte-identical full_text; discarded source_url: https://doha.ogc.osd.mil/Industrial-Security-Program/Industrial-Security-Clearance-Decisions/ISCR-Hearing-Decisions/Archived-ISCR-Hearing-Decisions/2016-and-Prior-ISCR-Hearing-Decisions-4/FileId/130872/
08-07584,appeal,true_duplicate_deleted,byte-identical full_text; discarded source_url: https://doha.ogc.osd.mil/Industrial-Security-Program/Industrial-Security-Clearance-Decisions/ISCR-Hearing-Decisions/Archived-ISCR-Hearing-Decisions/2016-and-Prior-ISCR-Hearing-Decisions-4/FileId/130873/
08-07592,appeal,true_duplicate_deleted,byte-identical full_text; discarded source_url: https://doha.ogc.osd.mil/Industrial-Security-Program/Industrial-Security-Clearance-Decisions/ISCR-Hearing-Decisions/Archived-ISCR-Hearing-Decisions/2016-and-Prior-ISCR-Hearing-Decisions-4/FileId/130879/
08-07602,appeal,true_duplicate_deleted,byte-identical full_text; discarded source_url: https://doha.ogc.osd.mil/Industrial-Security-Program/Industrial-Security-Clearance-Decisions/ISCR-Hearing-Decisions/Archived-ISCR-Hearing-Decisions/2016-and-Prior-ISCR-Hearing-Decisions-4/FileId/130880/
08-07618,appeal,true_duplicate_deleted,byte-identical full_text; discarded source_url: https://doha.ogc.osd.mil/Industrial-Security-Program/Industrial-Security-Clearance-Decisions/ISCR-Hearing-Decisions/Archived-ISCR-Hearing-Decisions/2016-and-Prior-ISCR-Hearing-Decisions-4/FileId/130887/
08-07648,appeal,true_duplicate_deleted,byte-identical full_text; discarded source_url: https://doha.ogc.osd.mil/Industrial-Security-Program/Industrial-Security-Clearance-Decisions/ISCR-Hearing-Decisions/Archived-ISCR-Hearing-Decisions/2016-and-Prior-ISCR-Hearing-Decisions-4/FileId/130891/
08-07664,appeal,true_duplicate_deleted,byte-identical full_text; discarded source_url: https://doha.ogc.osd.mil/Industrial-Security-Program/Industrial-Security-Clearance-Decisions/ISCR-Hearing-Decisions/Archived-ISCR-Hearing-Decisions/2016-and-Prior-ISCR-Hearing-Decisions-4/FileId/130894/
08-07613,appeal,true_duplicate_deleted,byte-identical full_text; discarded source_url: https://doha.ogc.osd.mil/Industrial-Security-Program/Industrial-Security-Clearance-Decisions/ISCR-Hearing-Decisions/Archived-ISCR-Hearing-Decisions/2016-and-Prior-ISCR-Hearing-Decisions-4/FileId/130885/
08-07753,appeal,true_duplicate_deleted,byte-identical full_text; discarded source_url: https://doha.ogc.osd.mil/Industrial-Security-Program/Industrial-Security-Clearance-Decisions/ISCR-Hearing-Decisions/Archived-ISCR-Hearing-Decisions/2016-and-Prior-ISCR-Hearing-Decisions-4/FileId/130914/
08-07745,appeal,true_duplicate_deleted,byte-identical full_text; discarded source_url: https://doha.ogc.osd.mil/Industrial-Security-Program/Industrial-Security-Clearance-Decisions/ISCR-Hearing-Decisions/Archived-ISCR-Hearing-Decisions/2016-and-Prior-ISCR-Hearing-Decisions-4/FileId/130912/
08-07759,appeal,true_duplicate_deleted,byte-identical full_text; discarded source_url: https://doha.ogc.osd.mil/Industrial-Security-Program/Industrial-Security-Clearance-Decisions/ISCR-Hearing-Decisions/Archived-ISCR-Hearing-Decisions/2016-and-Prior-ISCR-Hearing-Decisions-4/FileId/130915/
08-07803,appeal,true_duplicate_deleted,byte-identical full_text; discarded source_url: https://doha.ogc.osd.mil/Industrial-Security-Program/Industrial-Security-Clearance-Decisions/ISCR-Hearing-Decisions/Archived-ISCR-Hearing-Decisions/2016-and-Prior-ISCR-Hearing-Decisions-4/FileId/130921/
08-07882,appeal,true_duplicate_deleted,byte-identical full_text; discarded source_url: https://doha.ogc.osd.mil/Industrial-Security-Program/Industrial-Security-Clearance-Decisions/ISCR-Hearing-Decisions/Archived-ISCR-Hearing-Decisions/2016-and-Prior-ISCR-Hearing-Decisions-4/FileId/130933/
08-07983,appeal,true_duplicate_deleted,byte-identical full_text; discarded source_url: https://doha.ogc.osd.mil/Industrial-Security-Program/Industrial-Security-Clearance-Decisions/ISCR-Hearing-Decisions/Archived-ISCR-Hearing-Decisions/2016-and-Prior-ISCR-Hearing-Decisions-4/FileId/130942/
08-07904,appeal,true_duplicate_deleted,byte-identical full_text; discarded source_url: https://doha.ogc.osd.mil/Industrial-Security-Program/Industrial-Security-Clearance-Decisions/ISCR-Hearing-Decisions/Archived-ISCR-Hearing-Decisions/2016-and-Prior-ISCR-Hearing-Decisions-4/FileId/130938/
08-07988,appeal,true_duplicate_deleted,byte-identical full_text; discarded source_url: https://doha.ogc.osd.mil/Industrial-Security-Program/Industrial-Security-Clearance-Decisions/ISCR-Hearing-Decisions/Archived-ISCR-Hearing-Decisions/2016-and-Prior-ISCR-Hearing-Decisions-4/FileId/130947/
08-07998,appeal,true_duplicate_deleted,byte-identical full_text; discarded source_url: https://doha.ogc.osd.mil/Industrial-Security-Program/Industrial-Security-Clearance-Decisions/ISCR-Hearing-Decisions/Archived-ISCR-Hearing-Decisions/2016-and-Prior-ISCR-Hearing-Decisions-4/FileId/130948/
08-08012,appeal,true_duplicate_deleted,byte-identical full_text; discarded source_url: https://doha.ogc.osd.mil/Industrial-Security-Program/Industrial-Security-Clearance-Decisions/ISCR-Hearing-Decisions/Archived-ISCR-Hearing-Decisions/2016-and-Prior-ISCR-Hearing-Decisions-4/FileId/130954/
08-08085,appeal,true_duplicate_deleted,byte-identical full_text; discarded source_url: https://doha.ogc.osd.mil/Industrial-Security-Program/Industrial-Security-Clearance-Decisions/ISCR-Hearing-Decisions/Archived-ISCR-Hearing-Decisions/2016-and-Prior-ISCR-Hearing-Decisions-4/FileId/130969/
08-08154,appeal,true_duplicate_deleted,byte-identical full_text; discarded source_url: https://doha.ogc.osd.mil/Industrial-Security-Program/Industrial-Security-Clearance-Decisions/ISCR-Hearing-Decisions/Archived-ISCR-Hearing-Decisions/2016-and-Prior-ISCR-Hearing-Decisions-4/FileId/130978/
08-08190,appeal,true_duplicate_deleted,byte-identical full_text; discarded source_url: https://doha.ogc.osd.mil/Industrial-Security-Program/Industrial-Security-Clearance-Decisions/ISCR-Hearing-Decisions/Archived-ISCR-Hearing-Decisions/2016-and-Prior-ISCR-Hearing-Decisions-4/FileId/130986/
08-08332,appeal,true_duplicate_deleted,byte-identical full_text; discarded source_url: https://doha.ogc.osd.mil/Industrial-Security-Program/Industrial-Security-Clearance-Decisions/ISCR-Hearing-Decisions/Archived-ISCR-Hearing-Decisions/2016-and-Prior-ISCR-Hearing-Decisions-4/FileId/130998/
08-08257,appeal,true_duplicate_deleted,byte-identical full_text; discarded source_url: https://doha.ogc.osd.mil/Industrial-Security-Program/Industrial-Security-Clearance-Decisions/ISCR-Hearing-Decisions/Archived-ISCR-Hearing-Decisions/2016-and-Prior-ISCR-Hearing-Decisions-4/FileId/130993/
08-08373,appeal,true_duplicate_deleted,byte-identical full_text; discarded source_url: https://doha.ogc.osd.mil/Industrial-Security-Program/Industrial-Security-Clearance-Decisions/ISCR-Hearing-Decisions/Archived-ISCR-Hearing-Decisions/2016-and-Prior-ISCR-Hearing-Decisions-4/FileId/131006/
08-08380,appeal,true_duplicate_deleted,byte-identical full_text; discarded source_url: https://doha.ogc.osd.mil/Industrial-Security-Program/Industrial-Security-Clearance-Decisions/ISCR-Hearing-Decisions/Archived-ISCR-Hearing-Decisions/2016-and-Prior-ISCR-Hearing-Decisions-4/FileId/131010/
08-08440,appeal,true_duplicate_deleted,byte-identical full_text; discarded source_url: https://doha.ogc.osd.mil/Industrial-Security-Program/Industrial-Security-Clearance-Decisions/ISCR-Hearing-Decisions/Archived-ISCR-Hearing-Decisions/2016-and-Prior-ISCR-Hearing-Decisions-4/FileId/131024/
08-08579,appeal,true_duplicate_deleted,byte-identical full_text; discarded source_url: https://doha.ogc.osd.mil/Industrial-Security-Program/Industrial-Security-Clearance-Decisions/ISCR-Hearing-Decisions/Archived-ISCR-Hearing-Decisions/2016-and-Prior-ISCR-Hearing-Decisions-4/FileId/131045/
08-08606,appeal,true_duplicate_deleted,byte-identical full_text; discarded source_url: https://doha.ogc.osd.mil/Industrial-Security-Program/Industrial-Security-Clearance-Decisions/ISCR-Hearing-Decisions/Archived-ISCR-Hearing-Decisions/2016-and-Prior-ISCR-Hearing-Decisions-4/FileId/131053/
08-08649,appeal,true_duplicate_deleted,byte-identical full_text; discarded source_url: https://doha.ogc.osd.mil/Industrial-Security-Program/Industrial-Security-Clearance-Decisions/ISCR-Hearing-Decisions/Archived-ISCR-Hearing-Decisions/2016-and-Prior-ISCR-Hearing-Decisions-4/FileId/131064/
08-08679,appeal,true_duplicate_deleted,byte-identical full_text; discarded source_url: https://doha.ogc.osd.mil/Industrial-Security-Program/Industrial-Security-Clearance-Decisions/ISCR-Hearing-Decisions/Archived-ISCR-Hearing-Decisions/2016-and-Prior-ISCR-Hearing-Decisions-4/FileId/131072/
08-08702,appeal,true_duplicate_deleted,byte-identical full_text; discarded source_url: https://doha.ogc.osd.mil/Industrial-Security-Program/Industrial-Security-Clearance-Decisions/ISCR-Hearing-Decisions/Archived-ISCR-Hearing-Decisions/2016-and-Prior-ISCR-Hearing-Decisions-4/FileId/131082/
08-08721,appeal,true_duplicate_deleted,byte-identical full_text; discarded source_url: https://doha.ogc.osd.mil/Industrial-Security-Program/Industrial-Security-Clearance-Decisions/ISCR-Hearing-Decisions/Archived-ISCR-Hearing-Decisions/2016-and-Prior-ISCR-Hearing-Decisions-4/FileId/131088/
08-08713,appeal,true_duplicate_deleted,byte-identical full_text; discarded source_url: https://doha.ogc.osd.mil/Industrial-Security-Program/Industrial-Security-Clearance-Decisions/ISCR-Hearing-Decisions/Archived-ISCR-Hearing-Decisions/2016-and-Prior-ISCR-Hearing-Decisions-4/FileId/131083/
08-08724,appeal,true_duplicate_deleted,byte-identical full_text; discarded source_url: https://doha.ogc.osd.mil/Industrial-Security-Program/Industrial-Security-Clearance-Decisions/ISCR-Hearing-Decisions/Archived-ISCR-Hearing-Decisions/2016-and-Prior-ISCR-Hearing-Decisions-4/FileId/131089/
08-08761,appeal,true_duplicate_deleted,byte-identical full_text; discarded source_url: https://doha.ogc.osd.mil/Industrial-Security-Program/Industrial-Security-Clearance-Decisions/ISCR-Hearing-Decisions/Archived-ISCR-Hearing-Decisions/2016-and-Prior-ISCR-Hearing-Decisions-4/FileId/131103/
08-08812,appeal,true_duplicate_deleted,byte-identical full_text; discarded source_url: https://doha.ogc.osd.mil/Industrial-Security-Program/Industrial-Security-Clearance-Decisions/ISCR-Hearing-Decisions/Archived-ISCR-Hearing-Decisions/2016-and-Prior-ISCR-Hearing-Decisions-4/FileId/131106/
08-08814,appeal,true_duplicate_deleted,byte-identical full_text; discarded source_url: https://doha.ogc.osd.mil/Industrial-Security-Program/Industrial-Security-Clearance-Decisions/ISCR-Hearing-Decisions/Archived-ISCR-Hearing-Decisions/2016-and-Prior-ISCR-Hearing-Decisions-4/FileId/131107/
08-08823,appeal,true_duplicate_deleted,byte-identical full_text; discarded source_url: https://doha.ogc.osd.mil/Industrial-Security-Program/Industrial-Security-Clearance-Decisions/ISCR-Hearing-Decisions/Archived-ISCR-Hearing-Decisions/2016-and-Prior-ISCR-Hearing-Decisions-4/FileId/131111/
08-08831,appeal,true_duplicate_deleted,byte-identical full_text; discarded source_url: https://doha.ogc.osd.mil/Industrial-Security-Program/Industrial-Security-Clearance-Decisions/ISCR-Hearing-Decisions/Archived-ISCR-Hearing-Decisions/2016-and-Prior-ISCR-Hearing-Decisions-4/FileId/131114/
08-08860,appeal,true_duplicate_deleted,byte-identical full_text; discarded source_url: https://doha.ogc.osd.mil/Industrial-Security-Program/Industrial-Security-Clearance-Decisions/ISCR-Hearing-Decisions/Archived-ISCR-Hearing-Decisions/2016-and-Prior-ISCR-Hearing-Decisions-4/FileId/131119/
08-08901,appeal,true_duplicate_deleted,byte-identical full_text; discarded source_url: https://doha.ogc.osd.mil/Industrial-Security-Program/Industrial-Security-Clearance-Decisions/ISCR-Hearing-Decisions/Archived-ISCR-Hearing-Decisions/2016-and-Prior-ISCR-Hearing-Decisions-4/FileId/131124/
08-08908,appeal,true_duplicate_deleted,byte-identical full_text; discarded source_url: https://doha.ogc.osd.mil/Industrial-Security-Program/Industrial-Security-Clearance-Decisions/ISCR-Hearing-Decisions/Archived-ISCR-Hearing-Decisions/2016-and-Prior-ISCR-Hearing-Decisions-4/FileId/131128/
08-08944,appeal,true_duplicate_deleted,byte-identical full_text; discarded source_url: https://doha.ogc.osd.mil/Industrial-Security-Program/Industrial-Security-Clearance-Decisions/ISCR-Hearing-Decisions/Archived-ISCR-Hearing-Decisions/2016-and-Prior-ISCR-Hearing-Decisions-4/FileId/131134/
08-09051,appeal,true_duplicate_deleted,byte-identical full_text; discarded source_url: https://doha.ogc.osd.mil/Industrial-Security-Program/Industrial-Security-Clearance-Decisions/ISCR-Hearing-Decisions/Archived-ISCR-Hearing-Decisions/2016-and-Prior-ISCR-Hearing-Decisions-4/FileId/131159/
08-09052,appeal,true_duplicate_deleted,byte-identical full_text; discarded source_url: https://doha.ogc.osd.mil/Industrial-Security-Program/Industrial-Security-Clearance-Decisions/ISCR-Hearing-Decisions/Archived-ISCR-Hearing-Decisions/2016-and-Prior-ISCR-Hearing-Decisions-4/FileId/131161/
08-09058,appeal,true_duplicate_deleted,byte-identical full_text; discarded source_url: https://doha.ogc.osd.mil/Industrial-Security-Program/Industrial-Security-Clearance-Decisions/ISCR-Hearing-Decisions/Archived-ISCR-Hearing-Decisions/2016-and-Prior-ISCR-Hearing-Decisions-4/FileId/131164/
08-09097,appeal,true_duplicate_deleted,byte-identical full_text; discarded source_url: https://doha.ogc.osd.mil/Industrial-Security-Program/Industrial-Security-Clearance-Decisions/ISCR-Hearing-Decisions/Archived-ISCR-Hearing-Decisions/2016-and-Prior-ISCR-Hearing-Decisions-4/FileId/131173/
08-09111,appeal,true_duplicate_deleted,byte-identical full_text; discarded source_url: https://doha.ogc.osd.mil/Industrial-Security-Program/Industrial-Security-Clearance-Decisions/ISCR-Hearing-Decisions/Archived-ISCR-Hearing-Decisions/2016-and-Prior-ISCR-Hearing-Decisions-4/FileId/131177/
08-09163,appeal,true_duplicate_deleted,byte-identical full_text; discarded source_url: https://doha.ogc.osd.mil/Industrial-Security-Program/Industrial-Security-Clearance-Decisions/ISCR-Hearing-Decisions/Archived-ISCR-Hearing-Decisions/2016-and-Prior-ISCR-Hearing-Decisions-4/FileId/131184/
08-09232,appeal,true_duplicate_deleted,byte-identical full_text; discarded source_url: https://doha.ogc.osd.mil/Industrial-Security-Program/Industrial-Security-Clearance-Decisions/ISCR-Hearing-Decisions/Archived-ISCR-Hearing-Decisions/2016-and-Prior-ISCR-Hearing-Decisions-4/FileId/131200/
08-09211,appeal,true_duplicate_deleted,byte-identical full_text; discarded source_url: https://doha.ogc.osd.mil/Industrial-Security-Program/Industrial-Security-Clearance-Decisions/ISCR-Hearing-Decisions/Archived-ISCR-Hearing-Decisions/2016-and-Prior-ISCR-Hearing-Decisions-4/FileId/131195/
08-09251,appeal,true_duplicate_deleted,byte-identical full_text; discarded source_url: https://doha.ogc.osd.mil/Industrial-Security-Program/Industrial-Security-Clearance-Decisions/ISCR-Hearing-Decisions/Archived-ISCR-Hearing-Decisions/2016-and-Prior-ISCR-Hearing-Decisions-4/FileId/131205/
08-09236,appeal,true_duplicate_deleted,byte-identical full_text; discarded source_url: https://doha.ogc.osd.mil/Industrial-Security-Program/Industrial-Security-Clearance-Decisions/ISCR-Hearing-Decisions/Archived-ISCR-Hearing-Decisions/2016-and-Prior-ISCR-Hearing-Decisions-4/FileId/131201/
08-09337,appeal,true_duplicate_deleted,byte-identical full_text; discarded source_url: https://doha.ogc.osd.mil/Industrial-Security-Program/Industrial-Security-Clearance-Decisions/ISCR-Hearing-Decisions/Archived-ISCR-Hearing-Decisions/2016-and-Prior-ISCR-Hearing-Decisions-4/FileId/131222/
08-09338,appeal,true_duplicate_deleted,byte-identical full_text; discarded source_url: https://doha.ogc.osd.mil/Industrial-Security-Program/Industrial-Security-Clearance-Decisions/ISCR-Hearing-Decisions/Archived-ISCR-Hearing-Decisions/2016-and-Prior-ISCR-Hearing-Decisions-4/FileId/131224/
08-09346,appeal,true_duplicate_deleted,byte-identical full_text; discarded source_url: https://doha.ogc.osd.mil/Industrial-Security-Program/Industrial-Security-Clearance-Decisions/ISCR-Hearing-Decisions/Archived-ISCR-Hearing-Decisions/2016-and-Prior-ISCR-Hearing-Decisions-4/FileId/131225/
08-09362,appeal,true_duplicate_deleted,byte-identical full_text; discarded source_url: https://doha.ogc.osd.mil/Industrial-Security-Program/Industrial-Security-Clearance-Decisions/ISCR-Hearing-Decisions/Archived-ISCR-Hearing-Decisions/2016-and-Prior-ISCR-Hearing-Decisions-4/FileId/131228/
08-09400,appeal,true_duplicate_deleted,byte-identical full_text; discarded source_url: https://doha.ogc.osd.mil/Industrial-Security-Program/Industrial-Security-Clearance-Decisions/ISCR-Hearing-Decisions/Archived-ISCR-Hearing-Decisions/2016-and-Prior-ISCR-Hearing-Decisions-4/FileId/131240/
08-09406,appeal,true_duplicate_deleted,byte-identical full_text; discarded source_url: https://doha.ogc.osd.mil/Industrial-Security-Program/Industrial-Security-Clearance-Decisions/ISCR-Hearing-Decisions/Archived-ISCR-Hearing-Decisions/2016-and-Prior-ISCR-Hearing-Decisions-4/FileId/131242/
08-09480,appeal,true_duplicate_deleted,byte-identical full_text; discarded source_url: https://doha.ogc.osd.mil/Industrial-Security-Program/Industrial-Security-Clearance-Decisions/ISCR-Hearing-Decisions/Archived-ISCR-Hearing-Decisions/2016-and-Prior-ISCR-Hearing-Decisions-4/FileId/131252/
08-09592,appeal,true_duplicate_deleted,byte-identical full_text; discarded source_url: https://doha.ogc.osd.mil/Industrial-Security-Program/Industrial-Security-Clearance-Decisions/ISCR-Hearing-Decisions/Archived-ISCR-Hearing-Decisions/2016-and-Prior-ISCR-Hearing-Decisions-4/FileId/130148/
08-09511,appeal,true_duplicate_deleted,byte-identical full_text; discarded source_url: https://doha.ogc.osd.mil/Industrial-Security-Program/Industrial-Security-Clearance-Decisions/ISCR-Hearing-Decisions/Archived-ISCR-Hearing-Decisions/2016-and-Prior-ISCR-Hearing-Decisions-4/FileId/130183/
08-09569,appeal,true_duplicate_deleted,byte-identical full_text; discarded source_url: https://doha.ogc.osd.mil/Industrial-Security-Program/Industrial-Security-Clearance-Decisions/ISCR-Hearing-Decisions/Archived-ISCR-Hearing-Decisions/2016-and-Prior-ISCR-Hearing-Decisions-4/FileId/130141/
08-09616,appeal,true_duplicate_deleted,byte-identical full_text; discarded source_url: https://doha.ogc.osd.mil/Industrial-Security-Program/Industrial-Security-Clearance-Decisions/ISCR-Hearing-Decisions/Archived-ISCR-Hearing-Decisions/2016-and-Prior-ISCR-Hearing-Decisions-4/FileId/130154/
08-09626,appeal,true_duplicate_deleted,byte-identical full_text; discarded source_url: https://doha.ogc.osd.mil/Industrial-Security-Program/Industrial-Security-Clearance-Decisions/ISCR-Hearing-Decisions/Archived-ISCR-Hearing-Decisions/2016-and-Prior-ISCR-Hearing-Decisions-5/FileId/131264/
08-09661,appeal,true_duplicate_deleted,byte-identical full_text; discarded source_url: https://doha.ogc.osd.mil/Industrial-Security-Program/Industrial-Security-Clearance-Decisions/ISCR-Hearing-Decisions/Archived-ISCR-Hearing-Decisions/2016-and-Prior-ISCR-Hearing-Decisions-5/FileId/131273/
08-09698,appeal,true_duplicate_deleted,byte-identical full_text; discarded source_url: https://doha.ogc.osd.mil/Industrial-Security-Program/Industrial-Security-Clearance-Decisions/ISCR-Hearing-Decisions/Archived-ISCR-Hearing-Decisions/2016-and-Prior-ISCR-Hearing-Decisions-5/FileId/131279/
08-09704,appeal,true_duplicate_deleted,byte-identical full_text; discarded source_url: https://doha.ogc.osd.mil/Industrial-Security-Program/Industrial-Security-Clearance-Decisions/ISCR-Hearing-Decisions/Archived-ISCR-Hearing-Decisions/2016-and-Prior-ISCR-Hearing-Decisions-5/FileId/131282/
08-09757,appeal,true_duplicate_deleted,byte-identical full_text; discarded source_url: https://doha.ogc.osd.mil/Industrial-Security-Program/Industrial-Security-Clearance-Decisions/ISCR-Hearing-Decisions/Archived-ISCR-Hearing-Decisions/2016-and-Prior-ISCR-Hearing-Decisions-5/FileId/131291/
08-09776,appeal,true_duplicate_deleted,byte-identical full_text; discarded source_url: https://doha.ogc.osd.mil/Industrial-Security-Program/Industrial-Security-Clearance-Decisions/ISCR-Hearing-Decisions/Archived-ISCR-Hearing-Decisions/2016-and-Prior-ISCR-Hearing-Decisions-5/FileId/131294/
08-09824,appeal,true_duplicate_deleted,byte-identical full_text; discarded source_url: https://doha.ogc.osd.mil/Industrial-Security-Program/Industrial-Security-Clearance-Decisions/ISCR-Hearing-Decisions/Archived-ISCR-Hearing-Decisions/2016-and-Prior-ISCR-Hearing-Decisions-5/FileId/131306/
08-09808,appeal,true_duplicate_deleted,byte-identical full_text; discarded source_url: https://doha.ogc.osd.mil/Industrial-Security-Program/Industrial-Security-Clearance-Decisions/ISCR-Hearing-Decisions/Archived-ISCR-Hearing-Decisions/2016-and-Prior-ISCR-Hearing-Decisions-5/FileId/131307/
08-09898,appeal,true_duplicate_deleted,byte-identical full_text; discarded source_url: https://doha.ogc.osd.mil/Industrial-Security-Program/Industrial-Security-Clearance-Decisions/ISCR-Hearing-Decisions/Archived-ISCR-Hearing-Decisions/2016-and-Prior-ISCR-Hearing-Decisions-5/FileId/131318/
08-09899,appeal,true_duplicate_deleted,byte-identical full_text; discarded source_url: https://doha.ogc.osd.mil/Industrial-Security-Program/Industrial-Security-Clearance-Decisions/ISCR-Hearing-Decisions/Archived-ISCR-Hearing-Decisions/2016-and-Prior-ISCR-Hearing-Decisions-5/FileId/131319/
08-09918,appeal,true_duplicate_deleted,byte-identical full_text; discarded source_url: https://doha.ogc.osd.mil/Industrial-Security-Program/Industrial-Security-Clearance-Decisions/ISCR-Hearing-Decisions/Archived-ISCR-Hearing-Decisions/2016-and-Prior-ISCR-Hearing-Decisions-5/FileId/131325/
08-09986,appeal,true_duplicate_deleted,byte-identical full_text; discarded source_url: https://doha.ogc.osd.mil/Industrial-Security-Program/Industrial-Security-Clearance-Decisions/ISCR-Hearing-Decisions/Archived-ISCR-Hearing-Decisions/2016-and-Prior-ISCR-Hearing-Decisions-5/FileId/131338/
08-10008,appeal,true_duplicate_deleted,byte-identical full_text; discarded source_url: https://doha.ogc.osd.mil/Industrial-Security-Program/Industrial-Security-Clearance-Decisions/ISCR-Hearing-Decisions/Archived-ISCR-Hearing-Decisions/2016-and-Prior-ISCR-Hearing-Decisions-5/FileId/131343/
08-10011,appeal,true_duplicate_deleted,byte-identical full_text; discarded source_url: https://doha.ogc.osd.mil/Industrial-Security-Program/Industrial-Security-Clearance-Decisions/ISCR-Hearing-Decisions/Archived-ISCR-Hearing-Decisions/2016-and-Prior-ISCR-Hearing-Decisions-5/FileId/131344/
08-10012,appeal,true_duplicate_deleted,byte-identical full_text; discarded source_url: https://doha.ogc.osd.mil/Industrial-Security-Program/Industrial-Security-Clearance-Decisions/ISCR-Hearing-Decisions/Archived-ISCR-Hearing-Decisions/2016-and-Prior-ISCR-Hearing-Decisions-5/FileId/131347/
08-10025,appeal,true_duplicate_deleted,byte-identical full_text; discarded source_url: https://doha.ogc.osd.mil/Industrial-Security-Program/Industrial-Security-Clearance-Decisions/ISCR-Hearing-Decisions/Archived-ISCR-Hearing-Decisions/2016-and-Prior-ISCR-Hearing-Decisions-5/FileId/131351/
08-10079,appeal,true_duplicate_deleted,byte-identical full_text; discarded source_url: https://doha.ogc.osd.mil/Industrial-Security-Program/Industrial-Security-Clearance-Decisions/ISCR-Hearing-Decisions/Archived-ISCR-Hearing-Decisions/2016-and-Prior-ISCR-Hearing-Decisions-5/FileId/131362/
08-10088,appeal,true_duplicate_deleted,byte-identical full_text; discarded source_url: https://doha.ogc.osd.mil/Industrial-Security-Program/Industrial-Security-Clearance-Decisions/ISCR-Hearing-Decisions/Archived-ISCR-Hearing-Decisions/2016-and-Prior-ISCR-Hearing-Decisions-5/FileId/131365/
08-10098,appeal,true_duplicate_deleted,byte-identical full_text; discarded source_url: https://doha.ogc.osd.mil/Industrial-Security-Program/Industrial-Security-Clearance-Decisions/ISCR-Hearing-Decisions/Archived-ISCR-Hearing-Decisions/2016-and-Prior-ISCR-Hearing-Decisions-5/FileId/131368/
08-10099,appeal,true_duplicate_deleted,byte-identical full_text; discarded source_url: https://doha.ogc.osd.mil/Industrial-Security-Program/Industrial-Security-Clearance-Decisions/ISCR-Hearing-Decisions/Archived-ISCR-Hearing-Decisions/2016-and-Prior-ISCR-Hearing-Decisions-5/FileId/131370/
08-10170,appeal,true_duplicate_deleted,byte-identical full_text; discarded source_url: https://doha.ogc.osd.mil/Industrial-Security-Program/Industrial-Security-Clearance-Decisions/ISCR-Hearing-Decisions/Archived-ISCR-Hearing-Decisions/2016-and-Prior-ISCR-Hearing-Decisions-5/FileId/131379/
08-10124,appeal,true_duplicate_deleted,byte-identical full_text; discarded source_url: https://doha.ogc.osd.mil/Industrial-Security-Program/Industrial-Security-Clearance-Decisions/ISCR-Hearing-Decisions/Archived-ISCR-Hearing-Decisions/2016-and-Prior-ISCR-Hearing-Decisions-5/FileId/131374/
08-10204,appeal,true_duplicate_deleted,byte-identical full_text; discarded source_url: https://doha.ogc.osd.mil/Industrial-Security-Program/Industrial-Security-Clearance-Decisions/ISCR-Hearing-Decisions/Archived-ISCR-Hearing-Decisions/2016-and-Prior-ISCR-Hearing-Decisions-5/FileId/131386/
08-10221,appeal,true_duplicate_deleted,byte-identical full_text; discarded source_url: https://doha.ogc.osd.mil/Industrial-Security-Program/Industrial-Security-Clearance-Decisions/ISCR-Hearing-Decisions/Archived-ISCR-Hearing-Decisions/2016-and-Prior-ISCR-Hearing-Decisions-5/FileId/131395/
08-10225,appeal,true_duplicate_deleted,byte-identical full_text; discarded source_url: https://doha.ogc.osd.mil/Industrial-Security-Program/Industrial-Security-Clearance-Decisions/ISCR-Hearing-Decisions/Archived-ISCR-Hearing-Decisions/2016-and-Prior-ISCR-Hearing-Decisions-5/FileId/131398/
08-10238,appeal,true_duplicate_deleted,byte-identical full_text; discarded source_url: https://doha.ogc.osd.mil/Industrial-Security-Program/Industrial-Security-Clearance-Decisions/ISCR-Hearing-Decisions/Archived-ISCR-Hearing-Decisions/2016-and-Prior-ISCR-Hearing-Decisions-5/FileId/131401/
08-10274,appeal,true_duplicate_deleted,byte-identical full_text; discarded source_url: https://doha.ogc.osd.mil/Industrial-Security-Program/Industrial-Security-Clearance-Decisions/ISCR-Hearing-Decisions/Archived-ISCR-Hearing-Decisions/2016-and-Prior-ISCR-Hearing-Decisions-5/FileId/131407/
08-10491,appeal,true_duplicate_deleted,byte-identical full_text; discarded source_url: https://doha.ogc.osd.mil/Industrial-Security-Program/Industrial-Security-Clearance-Decisions/ISCR-Hearing-Decisions/Archived-ISCR-Hearing-Decisions/2016-and-Prior-ISCR-Hearing-Decisions-5/FileId/131431/
08-10613,appeal,true_duplicate_deleted,byte-identical full_text; discarded source_url: https://doha.ogc.osd.mil/Industrial-Security-Program/Industrial-Security-Clearance-Decisions/ISCR-Hearing-Decisions/Archived-ISCR-Hearing-Decisions/2016-and-Prior-ISCR-Hearing-Decisions-5/FileId/131458/
08-10644,appeal,true_duplicate_deleted,byte-identical full_text; discarded source_url: https://doha.ogc.osd.mil/Industrial-Security-Program/Industrial-Security-Clearance-Decisions/ISCR-Hearing-Decisions/Archived-ISCR-Hearing-Decisions/2016-and-Prior-ISCR-Hearing-Decisions-5/FileId/131457/
08-10897,appeal,true_duplicate_deleted,byte-identical full_text; discarded source_url: https://doha.ogc.osd.mil/Industrial-Security-Program/Industrial-Security-Clearance-Decisions/ISCR-Hearing-Decisions/Archived-ISCR-Hearing-Decisions/2016-and-Prior-ISCR-Hearing-Decisions-5/FileId/131491/
08-10829,appeal,true_duplicate_deleted,byte-identical full_text; discarded source_url: https://doha.ogc.osd.mil/Industrial-Security-Program/Industrial-Security-Clearance-Decisions/ISCR-Hearing-Decisions/Archived-ISCR-Hearing-Decisions/2016-and-Prior-ISCR-Hearing-Decisions-5/FileId/131485/
08-10936,appeal,true_duplicate_deleted,byte-identical full_text; discarded source_url: https://doha.ogc.osd.mil/Industrial-Security-Program/Industrial-Security-Clearance-Decisions/ISCR-Hearing-Decisions/Archived-ISCR-Hearing-Decisions/2016-and-Prior-ISCR-Hearing-Decisions-5/FileId/131493/
08-11034,appeal,true_duplicate_deleted,byte-identical full_text; discarded source_url: https://doha.ogc.osd.mil/Industrial-Security-Program/Industrial-Security-Clearance-Decisions/ISCR-Hearing-Decisions/Archived-ISCR-Hearing-Decisions/2016-and-Prior-ISCR-Hearing-Decisions-5/FileId/131508/
08-11083,appeal,true_duplicate_deleted,byte-identical full_text; discarded source_url: https://doha.ogc.osd.mil/Industrial-Security-Program/Industrial-Security-Clearance-Decisions/ISCR-Hearing-Decisions/Archived-ISCR-Hearing-Decisions/2016-and-Prior-ISCR-Hearing-Decisions-5/FileId/131513/
08-11135,appeal,true_duplicate_deleted,byte-identical full_text; discarded source_url: https://doha.ogc.osd.mil/Industrial-Security-Program/Industrial-Security-Clearance-Decisions/ISCR-Hearing-Decisions/Archived-ISCR-Hearing-Decisions/2016-and-Prior-ISCR-Hearing-Decisions-5/FileId/131517/
08-11136,appeal,true_duplicate_deleted,byte-identical full_text; discarded source_url: https://doha.ogc.osd.mil/Industrial-Security-Program/Industrial-Security-Clearance-Decisions/ISCR-Hearing-Decisions/Archived-ISCR-Hearing-Decisions/2016-and-Prior-ISCR-Hearing-Decisions-5/FileId/131521/
08-11152,appeal,true_duplicate_deleted,byte-identical full_text; discarded source_url: https://doha.ogc.osd.mil/Industrial-Security-Program/Industrial-Security-Clearance-Decisions/ISCR-Hearing-Decisions/Archived-ISCR-Hearing-Decisions/2016-and-Prior-ISCR-Hearing-Decisions-5/FileId/131525/
08-11194,appeal,true_duplicate_deleted,byte-identical full_text; discarded source_url: https://doha.ogc.osd.mil/Industrial-Security-Program/Industrial-Security-Clearance-Decisions/ISCR-Hearing-Decisions/Archived-ISCR-Hearing-Decisions/2016-and-Prior-ISCR-Hearing-Decisions-5/FileId/131534/
08-11258,appeal,true_duplicate_deleted,byte-identical full_text; discarded source_url: https://doha.ogc.osd.mil/Industrial-Security-Program/Industrial-Security-Clearance-Decisions/ISCR-Hearing-Decisions/Archived-ISCR-Hearing-Decisions/2016-and-Prior-ISCR-Hearing-Decisions-5/FileId/131547/
08-11325,appeal,true_duplicate_deleted,byte-identical full_text; discarded source_url: https://doha.ogc.osd.mil/Industrial-Security-Program/Industrial-Security-Clearance-Decisions/ISCR-Hearing-Decisions/Archived-ISCR-Hearing-Decisions/2016-and-Prior-ISCR-Hearing-Decisions-5/FileId/131560/
08-11322,appeal,true_duplicate_deleted,byte-identical full_text; discarded source_url: https://doha.ogc.osd.mil/Industrial-Security-Program/Industrial-Security-Clearance-Decisions/ISCR-Hearing-Decisions/Archived-ISCR-Hearing-Decisions/2016-and-Prior-ISCR-Hearing-Decisions-5/FileId/131554/
08-11222,appeal,true_duplicate_deleted,byte-identical full_text; discarded source_url: https://doha.ogc.osd.mil/Industrial-Security-Program/Industrial-Security-Clearance-Decisions/ISCR-Hearing-Decisions/Archived-ISCR-Hearing-Decisions/2016-and-Prior-ISCR-Hearing-Decisions-5/FileId/131539/
08-11345,appeal,true_duplicate_deleted,byte-identical full_text; discarded source_url: https://doha.ogc.osd.mil/Industrial-Security-Program/Industrial-Security-Clearance-Decisions/ISCR-Hearing-Decisions/Archived-ISCR-Hearing-Decisions/2016-and-Prior-ISCR-Hearing-Decisions-5/FileId/131561/
08-11458,appeal,true_duplicate_deleted,byte-identical full_text; discarded source_url: https://doha.ogc.osd.mil/Industrial-Security-Program/Industrial-Security-Clearance-Decisions/ISCR-Hearing-Decisions/Archived-ISCR-Hearing-Decisions/2016-and-Prior-ISCR-Hearing-Decisions-5/FileId/131579/
08-11526,appeal,true_duplicate_deleted,byte-identical full_text; discarded source_url: https://doha.ogc.osd.mil/Industrial-Security-Program/Industrial-Security-Clearance-Decisions/ISCR-Hearing-Decisions/Archived-ISCR-Hearing-Decisions/2016-and-Prior-ISCR-Hearing-Decisions-5/FileId/131590/
08-11509,appeal,true_duplicate_deleted,byte-identical full_text; discarded source_url: https://doha.ogc.osd.mil/Industrial-Security-Program/Industrial-Security-Clearance-Decisions/ISCR-Hearing-Decisions/Archived-ISCR-Hearing-Decisions/2016-and-Prior-ISCR-Hearing-Decisions-5/FileId/131587/
08-11531,appeal,true_duplicate_deleted,byte-identical full_text; discarded source_url: https://doha.ogc.osd.mil/Industrial-Security-Program/Industrial-Security-Clearance-Decisions/ISCR-Hearing-Decisions/Archived-ISCR-Hearing-Decisions/2016-and-Prior-ISCR-Hearing-Decisions-5/FileId/131594/
08-11596,appeal,true_duplicate_deleted,byte-identical full_text; discarded source_url: https://doha.ogc.osd.mil/Industrial-Security-Program/Industrial-Security-Clearance-Decisions/ISCR-Hearing-Decisions/Archived-ISCR-Hearing-Decisions/2016-and-Prior-ISCR-Hearing-Decisions-5/FileId/131615/
08-11564,appeal,true_duplicate_deleted,byte-identical full_text; discarded source_url: https://doha.ogc.osd.mil/Industrial-Security-Program/Industrial-Security-Clearance-Decisions/ISCR-Hearing-Decisions/Archived-ISCR-Hearing-Decisions/2016-and-Prior-ISCR-Hearing-Decisions-5/FileId/131604/
08-11735,appeal,true_duplicate_deleted,byte-identical full_text; discarded source_url: https://doha.ogc.osd.mil/Industrial-Security-Program/Industrial-Security-Clearance-Decisions/ISCR-Hearing-Decisions/Archived-ISCR-Hearing-Decisions/2016-and-Prior-ISCR-Hearing-Decisions-5/FileId/131633/
08-11645,appeal,true_duplicate_deleted,byte-identical full_text; discarded source_url: https://doha.ogc.osd.mil/Industrial-Security-Program/Industrial-Security-Clearance-Decisions/ISCR-Hearing-Decisions/Archived-ISCR-Hearing-Decisions/2016-and-Prior-ISCR-Hearing-Decisions-5/FileId/131623/
08-11699,appeal,true_duplicate_deleted,byte-identical full_text; discarded source_url: https://doha.ogc.osd.mil/Industrial-Security-Program/Industrial-Security-Clearance-Decisions/ISCR-Hearing-Decisions/Archived-ISCR-Hearing-Decisions/2016-and-Prior-ISCR-Hearing-Decisions-5/FileId/131628/
08-11782,appeal,true_duplicate_deleted,byte-identical full_text; discarded source_url: https://doha.ogc.osd.mil/Industrial-Security-Program/Industrial-Security-Clearance-Decisions/ISCR-Hearing-Decisions/Archived-ISCR-Hearing-Decisions/2016-and-Prior-ISCR-Hearing-Decisions-5/FileId/131644/
08-11788,appeal,true_duplicate_deleted,byte-identical full_text; discarded source_url: https://doha.ogc.osd.mil/Industrial-Security-Program/Industrial-Security-Clearance-Decisions/ISCR-Hearing-Decisions/Archived-ISCR-Hearing-Decisions/2016-and-Prior-ISCR-Hearing-Decisions-5/FileId/131649/
08-11944,appeal,true_duplicate_deleted,byte-identical full_text; discarded source_url: https://doha.ogc.osd.mil/Industrial-Security-Program/Industrial-Security-Clearance-Decisions/ISCR-Hearing-Decisions/Archived-ISCR-Hearing-Decisions/2016-and-Prior-ISCR-Hearing-Decisions-5/FileId/131676/
08-11888,appeal,true_duplicate_deleted,byte-identical full_text; discarded source_url: https://doha.ogc.osd.mil/Industrial-Security-Program/Industrial-Security-Clearance-Decisions/ISCR-Hearing-Decisions/Archived-ISCR-Hearing-Decisions/2016-and-Prior-ISCR-Hearing-Decisions-5/FileId/131667/
08-11940,appeal,true_duplicate_deleted,byte-identical full_text; discarded source_url: https://doha.ogc.osd.mil/Industrial-Security-Program/Industrial-Security-Clearance-Decisions/ISCR-Hearing-Decisions/Archived-ISCR-Hearing-Decisions/2016-and-Prior-ISCR-Hearing-Decisions-5/FileId/131674/
08-11969,appeal,true_duplicate_deleted,byte-identical full_text; discarded source_url: https://doha.ogc.osd.mil/Industrial-Security-Program/Industrial-Security-Clearance-Decisions/ISCR-Hearing-Decisions/Archived-ISCR-Hearing-Decisions/2016-and-Prior-ISCR-Hearing-Decisions-5/FileId/131685/
08-11983,appeal,true_duplicate_deleted,byte-identical full_text; discarded source_url: https://doha.ogc.osd.mil/Industrial-Security-Program/Industrial-Security-Clearance-Decisions/ISCR-Hearing-Decisions/Archived-ISCR-Hearing-Decisions/2016-and-Prior-ISCR-Hearing-Decisions-5/FileId/131689/
08-11995,appeal,true_duplicate_deleted,byte-identical full_text; discarded source_url: https://doha.ogc.osd.mil/Industrial-Security-Program/Industrial-Security-Clearance-Decisions/ISCR-Hearing-Decisions/Archived-ISCR-Hearing-Decisions/2016-and-Prior-ISCR-Hearing-Decisions-5/FileId/131691/
08-12061,appeal,true_duplicate_deleted,byte-identical full_text; discarded source_url: https://doha.ogc.osd.mil/Industrial-Security-Program/Industrial-Security-Clearance-Decisions/ISCR-Hearing-Decisions/Archived-ISCR-Hearing-Decisions/2016-and-Prior-ISCR-Hearing-Decisions-5/FileId/131702/
08-12058,appeal,true_duplicate_deleted,byte-identical full_text; discarded source_url: https://doha.ogc.osd.mil/Industrial-Security-Program/Industrial-Security-Clearance-Decisions/ISCR-Hearing-Decisions/Archived-ISCR-Hearing-Decisions/2016-and-Prior-ISCR-Hearing-Decisions-5/FileId/131698/
08-12167,appeal,true_duplicate_deleted,byte-identical full_text; discarded source_url: https://doha.ogc.osd.mil/Industrial-Security-Program/Industrial-Security-Clearance-Decisions/ISCR-Hearing-Decisions/Archived-ISCR-Hearing-Decisions/2016-and-Prior-ISCR-Hearing-Decisions-5/FileId/131714/
08-12184,appeal,true_duplicate_deleted,byte-identical full_text; discarded source_url: https://doha.ogc.osd.mil/Industrial-Security-Program/Industrial-Security-Clearance-Decisions/ISCR-Hearing-Decisions/Archived-ISCR-Hearing-Decisions/2016-and-Prior-ISCR-Hearing-Decisions-5/FileId/131720/
09-00233,appeal,true_duplicate_deleted,byte-identical full_text; discarded source_url: https://doha.ogc.osd.mil/Industrial-Security-Program/Industrial-Security-Clearance-Decisions/ISCR-Hearing-Decisions/Archived-ISCR-Hearing-Decisions/2016-and-Prior-ISCR-Hearing-Decisions-5/FileId/131757/
09-00206,appeal,true_duplicate_deleted,byte-identical full_text; discarded source_url: https://doha.ogc.osd.mil/Industrial-Security-Program/Industrial-Security-Clearance-Decisions/ISCR-Hearing-Decisions/Archived-ISCR-Hearing-Decisions/2016-and-Prior-ISCR-Hearing-Decisions-5/FileId/131749/
09-00033,appeal,true_duplicate_deleted,byte-identical full_text; discarded source_url: https://doha.ogc.osd.mil/Industrial-Security-Program/Industrial-Security-Clearance-Decisions/ISCR-Hearing-Decisions/Archived-ISCR-Hearing-Decisions/2016-and-Prior-ISCR-Hearing-Decisions-5/FileId/131725/
09-00266,appeal,true_duplicate_deleted,byte-identical full_text; discarded source_url: https://doha.ogc.osd.mil/Industrial-Security-Program/Industrial-Security-Clearance-Decisions/ISCR-Hearing-Decisions/Archived-ISCR-Hearing-Decisions/2016-and-Prior-ISCR-Hearing-Decisions-5/FileId/131767/
09-00274,appeal,true_duplicate_deleted,byte-identical full_text; discarded source_url: https://doha.ogc.osd.mil/Industrial-Security-Program/Industrial-Security-Clearance-Decisions/ISCR-Hearing-Decisions/Archived-ISCR-Hearing-Decisions/2016-and-Prior-ISCR-Hearing-Decisions-5/FileId/131769/
09-00306,appeal,true_duplicate_deleted,byte-identical full_text; discarded source_url: https://doha.ogc.osd.mil/Industrial-Security-Program/Industrial-Security-Clearance-Decisions/ISCR-Hearing-Decisions/Archived-ISCR-Hearing-Decisions/2016-and-Prior-ISCR-Hearing-Decisions-5/FileId/131776/
09-00395,appeal,true_duplicate_deleted,byte-identical full_text; discarded source_url: https://doha.ogc.osd.mil/Industrial-Security-Program/Industrial-Security-Clearance-Decisions/ISCR-Hearing-Decisions/Archived-ISCR-Hearing-Decisions/2016-and-Prior-ISCR-Hearing-Decisions-5/FileId/131790/
09-00431,appeal,true_duplicate_deleted,byte-identical full_text; discarded source_url: https://doha.ogc.osd.mil/Industrial-Security-Program/Industrial-Security-Clearance-Decisions/ISCR-Hearing-Decisions/Archived-ISCR-Hearing-Decisions/2016-and-Prior-ISCR-Hearing-Decisions-5/FileId/131796/
09-00447,appeal,true_duplicate_deleted,byte-identical full_text; discarded source_url: https://doha.ogc.osd.mil/Industrial-Security-Program/Industrial-Security-Clearance-Decisions/ISCR-Hearing-Decisions/Archived-ISCR-Hearing-Decisions/2016-and-Prior-ISCR-Hearing-Decisions-5/FileId/131799/
09-00505,appeal,true_duplicate_deleted,byte-identical full_text; discarded source_url: https://doha.ogc.osd.mil/Industrial-Security-Program/Industrial-Security-Clearance-Decisions/ISCR-Hearing-Decisions/Archived-ISCR-Hearing-Decisions/2016-and-Prior-ISCR-Hearing-Decisions-5/FileId/131810/
09-00525,appeal,true_duplicate_deleted,byte-identical full_text; discarded source_url: https://doha.ogc.osd.mil/Industrial-Security-Program/Industrial-Security-Clearance-Decisions/ISCR-Hearing-Decisions/Archived-ISCR-Hearing-Decisions/2016-and-Prior-ISCR-Hearing-Decisions-5/FileId/131816/
09-00568,appeal,true_duplicate_deleted,byte-identical full_text; discarded source_url: https://doha.ogc.osd.mil/Industrial-Security-Program/Industrial-Security-Clearance-Decisions/ISCR-Hearing-Decisions/Archived-ISCR-Hearing-Decisions/2016-and-Prior-ISCR-Hearing-Decisions-5/FileId/131824/
09-00620,appeal,true_duplicate_deleted,byte-identical full_text; discarded source_url: https://doha.ogc.osd.mil/Industrial-Security-Program/Industrial-Security-Clearance-Decisions/ISCR-Hearing-Decisions/Archived-ISCR-Hearing-Decisions/2016-and-Prior-ISCR-Hearing-Decisions-5/FileId/131828/
09-00651,appeal,true_duplicate_deleted,byte-identical full_text; discarded source_url: https://doha.ogc.osd.mil/Industrial-Security-Program/Industrial-Security-Clearance-Decisions/ISCR-Hearing-Decisions/Archived-ISCR-Hearing-Decisions/2016-and-Prior-ISCR-Hearing-Decisions-5/FileId/131840/
09-00629,appeal,true_duplicate_deleted,byte-identical full_text; discarded source_url: https://doha.ogc.osd.mil/Industrial-Security-Program/Industrial-Security-Clearance-Decisions/ISCR-Hearing-Decisions/Archived-ISCR-Hearing-Decisions/2016-and-Prior-ISCR-Hearing-Decisions-5/FileId/131834/
09-00776,appeal,true_duplicate_deleted,byte-identical full_text; discarded source_url: https://doha.ogc.osd.mil/Industrial-Security-Program/Industrial-Security-Clearance-Decisions/ISCR-Hearing-Decisions/Archived-ISCR-Hearing-Decisions/2016-and-Prior-ISCR-Hearing-Decisions-5/FileId/131853/
09-00798,appeal,true_duplicate_deleted,byte-identical full_text; discarded source_url: https://doha.ogc.osd.mil/Industrial-Security-Program/Industrial-Security-Clearance-Decisions/ISCR-Hearing-Decisions/Archived-ISCR-Hearing-Decisions/2016-and-Prior-ISCR-Hearing-Decisions-5/FileId/131860/
09-00955,appeal,true_duplicate_deleted,byte-identical full_text; discarded source_url: https://doha.ogc.osd.mil/Industrial-Security-Program/Industrial-Security-Clearance-Decisions/ISCR-Hearing-Decisions/Archived-ISCR-Hearing-Decisions/2016-and-Prior-ISCR-Hearing-Decisions-5/FileId/131877/
09-00963,appeal,true_duplicate_deleted,byte-identical full_text; discarded source_url: https://doha.ogc.osd.mil/Industrial-Security-Program/Industrial-Security-Clearance-Decisions/ISCR-Hearing-Decisions/Archived-ISCR-Hearing-Decisions/2016-and-Prior-ISCR-Hearing-Decisions-5/FileId/131883/
09-01015,appeal,true_duplicate_deleted,byte-identical full_text; discarded source_url: https://doha.ogc.osd.mil/Industrial-Security-Program/Industrial-Security-Clearance-Decisions/ISCR-Hearing-Decisions/Archived-ISCR-Hearing-Decisions/2016-and-Prior-ISCR-Hearing-Decisions-5/FileId/131895/
09-01074,appeal,true_duplicate_deleted,byte-identical full_text; discarded source_url: https://doha.ogc.osd.mil/Industrial-Security-Program/Industrial-Security-Clearance-Decisions/ISCR-Hearing-Decisions/Archived-ISCR-Hearing-Decisions/2016-and-Prior-ISCR-Hearing-Decisions-5/FileId/131907/
09-01280,appeal,true_duplicate_deleted,byte-identical full_text; discarded source_url: https://doha.ogc.osd.mil/Industrial-Security-Program/Industrial-Security-Clearance-Decisions/ISCR-Hearing-Decisions/Archived-ISCR-Hearing-Decisions/2016-and-Prior-ISCR-Hearing-Decisions-5/FileId/131937/
09-01175,appeal,true_duplicate_deleted,byte-identical full_text; discarded source_url: https://doha.ogc.osd.mil/Industrial-Security-Program/Industrial-Security-Clearance-Decisions/ISCR-Hearing-Decisions/Archived-ISCR-Hearing-Decisions/2016-and-Prior-ISCR-Hearing-Decisions-5/FileId/131925/
09-01309,appeal,true_duplicate_deleted,byte-identical full_text; discarded source_url: https://doha.ogc.osd.mil/Industrial-Security-Program/Industrial-Security-Clearance-Decisions/ISCR-Hearing-Decisions/Archived-ISCR-Hearing-Decisions/2016-and-Prior-ISCR-Hearing-Decisions-5/FileId/131946/
09-01321,appeal,true_duplicate_deleted,byte-identical full_text; discarded source_url: https://doha.ogc.osd.mil/Industrial-Security-Program/Industrial-Security-Clearance-Decisions/ISCR-Hearing-Decisions/Archived-ISCR-Hearing-Decisions/2016-and-Prior-ISCR-Hearing-Decisions-5/FileId/131949/
09-01331,appeal,true_duplicate_deleted,byte-identical full_text; discarded source_url: https://doha.ogc.osd.mil/Industrial-Security-Program/Industrial-Security-Clearance-Decisions/ISCR-Hearing-Decisions/Archived-ISCR-Hearing-Decisions/2016-and-Prior-ISCR-Hearing-Decisions-5/FileId/131950/
09-01368,appeal,true_duplicate_deleted,byte-identical full_text; discarded source_url: https://doha.ogc.osd.mil/Industrial-Security-Program/Industrial-Security-Clearance-Decisions/ISCR-Hearing-Decisions/Archived-ISCR-Hearing-Decisions/2016-and-Prior-ISCR-Hearing-Decisions-5/FileId/131956/
09-01387,appeal,true_duplicate_deleted,byte-identical full_text; discarded source_url: https://doha.ogc.osd.mil/Industrial-Security-Program/Industrial-Security-Clearance-Decisions/ISCR-Hearing-Decisions/Archived-ISCR-Hearing-Decisions/2016-and-Prior-ISCR-Hearing-Decisions-5/FileId/131962/
09-01425,appeal,true_duplicate_deleted,byte-identical full_text; discarded source_url: https://doha.ogc.osd.mil/Industrial-Security-Program/Industrial-Security-Clearance-Decisions/ISCR-Hearing-Decisions/Archived-ISCR-Hearing-Decisions/2016-and-Prior-ISCR-Hearing-Decisions-5/FileId/131971/
09-01515,appeal,true_duplicate_deleted,byte-identical full_text; discarded source_url: https://doha.ogc.osd.mil/Industrial-Security-Program/Industrial-Security-Clearance-Decisions/ISCR-Hearing-Decisions/Archived-ISCR-Hearing-Decisions/2016-and-Prior-ISCR-Hearing-Decisions-5/FileId/131980/
09-01520,appeal,true_duplicate_deleted,byte-identical full_text; discarded source_url: https://doha.ogc.osd.mil/Industrial-Security-Program/Industrial-Security-Clearance-Decisions/ISCR-Hearing-Decisions/Archived-ISCR-Hearing-Decisions/2016-and-Prior-ISCR-Hearing-Decisions-5/FileId/131986/
09-01595,appeal,true_duplicate_deleted,byte-identical full_text; discarded source_url: https://doha.ogc.osd.mil/Industrial-Security-Program/Industrial-Security-Clearance-Decisions/ISCR-Hearing-Decisions/Archived-ISCR-Hearing-Decisions/2016-and-Prior-ISCR-Hearing-Decisions-5/FileId/132000/
09-02926,appeal,true_duplicate_deleted,byte-identical full_text; discarded source_url: https://doha.ogc.osd.mil/Industrial-Security-Program/Industrial-Security-Clearance-Decisions/ISCR-Hearing-Decisions/Archived-ISCR-Hearing-Decisions/2016-and-Prior-ISCR-Hearing-Decisions-5/FileId/132244/
09-03010,appeal,true_duplicate_deleted,byte-identical full_text; discarded source_url: https://doha.ogc.osd.mil/Industrial-Security-Program/Industrial-Security-Clearance-Decisions/ISCR-Hearing-Decisions/Archived-ISCR-Hearing-Decisions/2016-and-Prior-ISCR-Hearing-Decisions-5/FileId/132261/
09-02960,appeal,true_duplicate_deleted,byte-identical full_text; discarded source_url: https://doha.ogc.osd.mil/Industrial-Security-Program/Industrial-Security-Clearance-Decisions/ISCR-Hearing-Decisions/Archived-ISCR-Hearing-Decisions/2016-and-Prior-ISCR-Hearing-Decisions-5/FileId/132253/
09-03114,appeal,true_duplicate_deleted,byte-identical full_text; discarded source_url: https://doha.ogc.osd.mil/Industrial-Security-Program/Industrial-Security-Clearance-Decisions/ISCR-Hearing-Decisions/Archived-ISCR-Hearing-Decisions/2016-and-Prior-ISCR-Hearing-Decisions-5/FileId/132284/
09-03233,appeal,true_duplicate_deleted,byte-identical full_text; discarded source_url: https://doha.ogc.osd.mil/Industrial-Security-Program/Industrial-Security-Clearance-Decisions/ISCR-Hearing-Decisions/Archived-ISCR-Hearing-Decisions/2016-and-Prior-ISCR-Hearing-Decisions-5/FileId/132297/
09-03236,appeal,true_duplicate_deleted,byte-identical full_text; discarded source_url: https://doha.ogc.osd.mil/Industrial-Security-Program/Industrial-Security-Clearance-Decisions/ISCR-Hearing-Decisions/Archived-ISCR-Hearing-Decisions/2016-and-Prior-ISCR-Hearing-Decisions-5/FileId/132298/
09-03251,appeal,true_duplicate_deleted,byte-identical full_text; discarded source_url: https://doha.ogc.osd.mil/Industrial-Security-Program/Industrial-Security-Clearance-Decisions/ISCR-Hearing-Decisions/Archived-ISCR-Hearing-Decisions/2016-and-Prior-ISCR-Hearing-Decisions-5/FileId/132303/
09-03253,appeal,true_duplicate_deleted,byte-identical full_text; discarded source_url: https://doha.ogc.osd.mil/Industrial-Security-Program/Industrial-Security-Clearance-Decisions/ISCR-Hearing-Decisions/Archived-ISCR-Hearing-Decisions/2016-and-Prior-ISCR-Hearing-Decisions-5/FileId/132302/
09-03370,appeal,true_duplicate_deleted,byte-identical full_text; discarded source_url: https://doha.ogc.osd.mil/Industrial-Security-Program/Industrial-Security-Clearance-Decisions/ISCR-Hearing-Decisions/Archived-ISCR-Hearing-Decisions/2016-and-Prior-ISCR-Hearing-Decisions-5/FileId/132317/
09-03448,appeal,true_duplicate_deleted,byte-identical full_text; discarded source_url: https://doha.ogc.osd.mil/Industrial-Security-Program/Industrial-Security-Clearance-Decisions/ISCR-Hearing-Decisions/Archived-ISCR-Hearing-Decisions/2016-and-Prior-ISCR-Hearing-Decisions-5/FileId/132335/
09-03427,appeal,true_duplicate_deleted,byte-identical full_text; discarded source_url: https://doha.ogc.osd.mil/Industrial-Security-Program/Industrial-Security-Clearance-Decisions/ISCR-Hearing-Decisions/Archived-ISCR-Hearing-Decisions/2016-and-Prior-ISCR-Hearing-Decisions-5/FileId/132332/
09-03616,appeal,true_duplicate_deleted,byte-identical full_text; discarded source_url: https://doha.ogc.osd.mil/Industrial-Security-Program/Industrial-Security-Clearance-Decisions/ISCR-Hearing-Decisions/Archived-ISCR-Hearing-Decisions/2016-and-Prior-ISCR-Hearing-Decisions-5/FileId/132366/
09-03480,appeal,true_duplicate_deleted,byte-identical full_text; discarded source_url: https://doha.ogc.osd.mil/Industrial-Security-Program/Industrial-Security-Clearance-Decisions/ISCR-Hearing-Decisions/Archived-ISCR-Hearing-Decisions/2016-and-Prior-ISCR-Hearing-Decisions-5/FileId/132343/
09-03621,appeal,true_duplicate_deleted,byte-identical full_text; discarded source_url: https://doha.ogc.osd.mil/Industrial-Security-Program/Industrial-Security-Clearance-Decisions/ISCR-Hearing-Decisions/Archived-ISCR-Hearing-Decisions/2016-and-Prior-ISCR-Hearing-Decisions-5/FileId/132367/
09-03696,appeal,true_duplicate_deleted,byte-identical full_text; discarded source_url: https://doha.ogc.osd.mil/Industrial-Security-Program/Industrial-Security-Clearance-Decisions/ISCR-Hearing-Decisions/Archived-ISCR-Hearing-Decisions/2016-and-Prior-ISCR-Hearing-Decisions-5/FileId/131259/
09-03760,appeal,true_duplicate_deleted,byte-identical full_text; discarded source_url: https://doha.ogc.osd.mil/Industrial-Security-Program/Industrial-Security-Clearance-Decisions/ISCR-Hearing-Decisions/Archived-ISCR-Hearing-Decisions/2016-and-Prior-ISCR-Hearing-Decisions-6/FileId/132393/
09-03724,appeal,true_duplicate_deleted,byte-identical full_text; discarded source_url: https://doha.ogc.osd.mil/Industrial-Security-Program/Industrial-Security-Clearance-Decisions/ISCR-Hearing-Decisions/Archived-ISCR-Hearing-Decisions/2016-and-Prior-ISCR-Hearing-Decisions-6/FileId/132383/
09-03764,appeal,true_duplicate_deleted,byte-identical full_text; discarded source_url: https://doha.ogc.osd.mil/Industrial-Security-Program/Industrial-Security-Clearance-Decisions/ISCR-Hearing-Decisions/Archived-ISCR-Hearing-Decisions/2016-and-Prior-ISCR-Hearing-Decisions-6/FileId/132396/
09-03765,appeal,true_duplicate_deleted,byte-identical full_text; discarded source_url: https://doha.ogc.osd.mil/Industrial-Security-Program/Industrial-Security-Clearance-Decisions/ISCR-Hearing-Decisions/Archived-ISCR-Hearing-Decisions/2016-and-Prior-ISCR-Hearing-Decisions-6/FileId/132395/
09-03766,appeal,true_duplicate_deleted,byte-identical full_text; discarded source_url: https://doha.ogc.osd.mil/Industrial-Security-Program/Industrial-Security-Clearance-Decisions/ISCR-Hearing-Decisions/Archived-ISCR-Hearing-Decisions/2016-and-Prior-ISCR-Hearing-Decisions-6/FileId/132402/
09-03785,appeal,true_duplicate_deleted,byte-identical full_text; discarded source_url: https://doha.ogc.osd.mil/Industrial-Security-Program/Industrial-Security-Clearance-Decisions/ISCR-Hearing-Decisions/Archived-ISCR-Hearing-Decisions/2016-and-Prior-ISCR-Hearing-Decisions-6/FileId/132407/
09-03983,appeal,true_duplicate_deleted,byte-identical full_text; discarded source_url: https://doha.ogc.osd.mil/Industrial-Security-Program/Industrial-Security-Clearance-Decisions/ISCR-Hearing-Decisions/Archived-ISCR-Hearing-Decisions/2016-and-Prior-ISCR-Hearing-Decisions-6/FileId/132436/
09-04036,appeal,true_duplicate_deleted,byte-identical full_text; discarded source_url: https://doha.ogc.osd.mil/Industrial-Security-Program/Industrial-Security-Clearance-Decisions/ISCR-Hearing-Decisions/Archived-ISCR-Hearing-Decisions/2016-and-Prior-ISCR-Hearing-Decisions-6/FileId/132443/
09-04090,appeal,true_duplicate_deleted,byte-identical full_text; discarded source_url: https://doha.ogc.osd.mil/Industrial-Security-Program/Industrial-Security-Clearance-Decisions/ISCR-Hearing-Decisions/Archived-ISCR-Hearing-Decisions/2016-and-Prior-ISCR-Hearing-Decisions-6/FileId/132455/
09-04094,appeal,true_duplicate_deleted,byte-identical full_text; discarded source_url: https://doha.ogc.osd.mil/Industrial-Security-Program/Industrial-Security-Clearance-Decisions/ISCR-Hearing-Decisions/Archived-ISCR-Hearing-Decisions/2016-and-Prior-ISCR-Hearing-Decisions-6/FileId/132460/
09-04216,appeal,true_duplicate_deleted,byte-identical full_text; discarded source_url: https://doha.ogc.osd.mil/Industrial-Security-Program/Industrial-Security-Clearance-Decisions/ISCR-Hearing-Decisions/Archived-ISCR-Hearing-Decisions/2016-and-Prior-ISCR-Hearing-Decisions-6/FileId/132474/
09-04144,appeal,true_duplicate_deleted,byte-identical full_text; discarded source_url: https://doha.ogc.osd.mil/Industrial-Security-Program/Industrial-Security-Clearance-Decisions/ISCR-Hearing-Decisions/Archived-ISCR-Hearing-Decisions/2016-and-Prior-ISCR-Hearing-Decisions-6/FileId/132462/
09-04229,appeal,true_duplicate_deleted,byte-identical full_text; discarded source_url: https://doha.ogc.osd.mil/Industrial-Security-Program/Industrial-Security-Clearance-Decisions/ISCR-Hearing-Decisions/Archived-ISCR-Hearing-Decisions/2016-and-Prior-ISCR-Hearing-Decisions-6/FileId/132480/
09-04275,appeal,true_duplicate_deleted,byte-identical full_text; discarded source_url: https://doha.ogc.osd.mil/Industrial-Security-Program/Industrial-Security-Clearance-Decisions/ISCR-Hearing-Decisions/Archived-ISCR-Hearing-Decisions/2016-and-Prior-ISCR-Hearing-Decisions-6/FileId/132490/
09-04354,appeal,true_duplicate_deleted,byte-identical full_text; discarded source_url: https://doha.ogc.osd.mil/Industrial-Security-Program/Industrial-Security-Clearance-Decisions/ISCR-Hearing-Decisions/Archived-ISCR-Hearing-Decisions/2016-and-Prior-ISCR-Hearing-Decisions-6/FileId/132502/
09-04380,appeal,true_duplicate_deleted,byte-identical full_text; discarded source_url: https://doha.ogc.osd.mil/Industrial-Security-Program/Industrial-Security-Clearance-Decisions/ISCR-Hearing-Decisions/Archived-ISCR-Hearing-Decisions/2016-and-Prior-ISCR-Hearing-Decisions-6/FileId/132508/
09-04388,appeal,true_duplicate_deleted,byte-identical full_text; discarded source_url: https://doha.ogc.osd.mil/Industrial-Security-Program/Industrial-Security-Clearance-Decisions/ISCR-Hearing-Decisions/Archived-ISCR-Hearing-Decisions/2016-and-Prior-ISCR-Hearing-Decisions-6/FileId/132510/
09-04601,appeal,true_duplicate_deleted,byte-identical full_text; discarded source_url: https://doha.ogc.osd.mil/Industrial-Security-Program/Industrial-Security-Clearance-Decisions/ISCR-Hearing-Decisions/Archived-ISCR-Hearing-Decisions/2016-and-Prior-ISCR-Hearing-Decisions-6/FileId/132545/
09-04608,appeal,true_duplicate_deleted,byte-identical full_text; discarded source_url: https://doha.ogc.osd.mil/Industrial-Security-Program/Industrial-Security-Clearance-Decisions/ISCR-Hearing-Decisions/Archived-ISCR-Hearing-Decisions/2016-and-Prior-ISCR-Hearing-Decisions-6/FileId/132551/
09-04696,appeal,true_duplicate_deleted,byte-identical full_text; discarded source_url: https://doha.ogc.osd.mil/Industrial-Security-Program/Industrial-Security-Clearance-Decisions/ISCR-Hearing-Decisions/Archived-ISCR-Hearing-Decisions/2016-and-Prior-ISCR-Hearing-Decisions-6/FileId/132569/
09-04745,appeal,true_duplicate_deleted,byte-identical full_text; discarded source_url: https://doha.ogc.osd.mil/Industrial-Security-Program/Industrial-Security-Clearance-Decisions/ISCR-Hearing-Decisions/Archived-ISCR-Hearing-Decisions/2016-and-Prior-ISCR-Hearing-Decisions-6/FileId/132572/
09-04748,appeal,true_duplicate_deleted,byte-identical full_text; discarded source_url: https://doha.ogc.osd.mil/Industrial-Security-Program/Industrial-Security-Clearance-Decisions/ISCR-Hearing-Decisions/Archived-ISCR-Hearing-Decisions/2016-and-Prior-ISCR-Hearing-Decisions-6/FileId/132578/
09-04905,appeal,true_duplicate_deleted,byte-identical full_text; discarded source_url: https://doha.ogc.osd.mil/Industrial-Security-Program/Industrial-Security-Clearance-Decisions/ISCR-Hearing-Decisions/Archived-ISCR-Hearing-Decisions/2016-and-Prior-ISCR-Hearing-Decisions-6/FileId/132595/
09-04933,appeal,true_duplicate_deleted,byte-identical full_text; discarded source_url: https://doha.ogc.osd.mil/Industrial-Security-Program/Industrial-Security-Clearance-Decisions/ISCR-Hearing-Decisions/Archived-ISCR-Hearing-Decisions/2016-and-Prior-ISCR-Hearing-Decisions-6/FileId/132598/
09-05176,appeal,true_duplicate_deleted,byte-identical full_text; discarded source_url: https://doha.ogc.osd.mil/Industrial-Security-Program/Industrial-Security-Clearance-Decisions/ISCR-Hearing-Decisions/Archived-ISCR-Hearing-Decisions/2016-and-Prior-ISCR-Hearing-Decisions-6/FileId/132641/
09-05390,appeal,true_duplicate_deleted,byte-identical full_text; discarded source_url: https://doha.ogc.osd.mil/Industrial-Security-Program/Industrial-Security-Clearance-Decisions/ISCR-Hearing-Decisions/Archived-ISCR-Hearing-Decisions/2016-and-Prior-ISCR-Hearing-Decisions-6/FileId/132682/
09-05252,appeal,true_duplicate_deleted,byte-identical full_text; discarded source_url: https://doha.ogc.osd.mil/Industrial-Security-Program/Industrial-Security-Clearance-Decisions/ISCR-Hearing-Decisions/Archived-ISCR-Hearing-Decisions/2016-and-Prior-ISCR-Hearing-Decisions-6/FileId/132655/
09-05399,appeal,true_duplicate_deleted,byte-identical full_text; discarded source_url: https://doha.ogc.osd.mil/Industrial-Security-Program/Industrial-Security-Clearance-Decisions/ISCR-Hearing-Decisions/Archived-ISCR-Hearing-Decisions/2016-and-Prior-ISCR-Hearing-Decisions-6/FileId/132688/
09-05264,appeal,true_duplicate_deleted,byte-identical full_text; discarded source_url: https://doha.ogc.osd.mil/Industrial-Security-Program/Industrial-Security-Clearance-Decisions/ISCR-Hearing-Decisions/Archived-ISCR-Hearing-Decisions/2016-and-Prior-ISCR-Hearing-Decisions-6/FileId/132661/
09-05398,appeal,true_duplicate_deleted,byte-identical full_text; discarded source_url: https://doha.ogc.osd.mil/Industrial-Security-Program/Industrial-Security-Clearance-Decisions/ISCR-Hearing-Decisions/Archived-ISCR-Hearing-Decisions/2016-and-Prior-ISCR-Hearing-Decisions-6/FileId/132684/
09-05485,appeal,true_duplicate_deleted,byte-identical full_text; discarded source_url: https://doha.ogc.osd.mil/Industrial-Security-Program/Industrial-Security-Clearance-Decisions/ISCR-Hearing-Decisions/Archived-ISCR-Hearing-Decisions/2016-and-Prior-ISCR-Hearing-Decisions-6/FileId/132699/
09-05486,appeal,true_duplicate_deleted,byte-identical full_text; discarded source_url: https://doha.ogc.osd.mil/Industrial-Security-Program/Industrial-Security-Clearance-Decisions/ISCR-Hearing-Decisions/Archived-ISCR-Hearing-Decisions/2016-and-Prior-ISCR-Hearing-Decisions-6/FileId/132702/
09-05554,appeal,true_duplicate_deleted,byte-identical full_text; discarded source_url: https://doha.ogc.osd.mil/Industrial-Security-Program/Industrial-Security-Clearance-Decisions/ISCR-Hearing-Decisions/Archived-ISCR-Hearing-Decisions/2016-and-Prior-ISCR-Hearing-Decisions-6/FileId/132722/
09-05556,appeal,true_duplicate_deleted,byte-identical full_text; discarded source_url: https://doha.ogc.osd.mil/Industrial-Security-Program/Industrial-Security-Clearance-Decisions/ISCR-Hearing-Decisions/Archived-ISCR-Hearing-Decisions/2016-and-Prior-ISCR-Hearing-Decisions-6/FileId/132723/
09-05617,appeal,true_duplicate_deleted,byte-identical full_text; discarded source_url: https://doha.ogc.osd.mil/Industrial-Security-Program/Industrial-Security-Clearance-Decisions/ISCR-Hearing-Decisions/Archived-ISCR-Hearing-Decisions/2016-and-Prior-ISCR-Hearing-Decisions-6/FileId/132734/
09-05700,appeal,true_duplicate_deleted,byte-identical full_text; discarded source_url: https://doha.ogc.osd.mil/Industrial-Security-Program/Industrial-Security-Clearance-Decisions/ISCR-Hearing-Decisions/Archived-ISCR-Hearing-Decisions/2016-and-Prior-ISCR-Hearing-Decisions-6/FileId/132748/
09-05812,appeal,true_duplicate_deleted,byte-identical full_text; discarded source_url: https://doha.ogc.osd.mil/Industrial-Security-Program/Industrial-Security-Clearance-Decisions/ISCR-Hearing-Decisions/Archived-ISCR-Hearing-Decisions/2016-and-Prior-ISCR-Hearing-Decisions-6/FileId/132765/
09-05655,appeal,true_duplicate_deleted,byte-identical full_text; discarded source_url: https://doha.ogc.osd.mil/Industrial-Security-Program/Industrial-Security-Clearance-Decisions/ISCR-Hearing-Decisions/Archived-ISCR-Hearing-Decisions/2016-and-Prior-ISCR-Hearing-Decisions-6/FileId/132740/
09-05830,appeal,true_duplicate_deleted,byte-identical full_text; discarded source_url: https://doha.ogc.osd.mil/Industrial-Security-Program/Industrial-Security-Clearance-Decisions/ISCR-Hearing-Decisions/Archived-ISCR-Hearing-Decisions/2016-and-Prior-ISCR-Hearing-Decisions-6/FileId/132768/
09-05833,appeal,true_duplicate_deleted,byte-identical full_text; discarded source_url: https://doha.ogc.osd.mil/Industrial-Security-Program/Industrial-Security-Clearance-Decisions/ISCR-Hearing-Decisions/Archived-ISCR-Hearing-Decisions/2016-and-Prior-ISCR-Hearing-Decisions-6/FileId/132772/
09-05854,appeal,true_duplicate_deleted,byte-identical full_text; discarded source_url: https://doha.ogc.osd.mil/Industrial-Security-Program/Industrial-Security-Clearance-Decisions/ISCR-Hearing-Decisions/Archived-ISCR-Hearing-Decisions/2016-and-Prior-ISCR-Hearing-Decisions-6/FileId/132777/
09-05893,appeal,true_duplicate_deleted,byte-identical full_text; discarded source_url: https://doha.ogc.osd.mil/Industrial-Security-Program/Industrial-Security-Clearance-Decisions/ISCR-Hearing-Decisions/Archived-ISCR-Hearing-Decisions/2016-and-Prior-ISCR-Hearing-Decisions-6/FileId/132778/
09-05963,appeal,true_duplicate_deleted,byte-identical full_text; discarded source_url: https://doha.ogc.osd.mil/Industrial-Security-Program/Industrial-Security-Clearance-Decisions/ISCR-Hearing-Decisions/Archived-ISCR-Hearing-Decisions/2016-and-Prior-ISCR-Hearing-Decisions-6/FileId/132789/
09-05995,appeal,true_duplicate_deleted,byte-identical full_text; discarded source_url: https://doha.ogc.osd.mil/Industrial-Security-Program/Industrial-Security-Clearance-Decisions/ISCR-Hearing-Decisions/Archived-ISCR-Hearing-Decisions/2016-and-Prior-ISCR-Hearing-Decisions-6/FileId/132795/
09-06026,appeal,true_duplicate_deleted,byte-identical full_text; discarded source_url: https://doha.ogc.osd.mil/Industrial-Security-Program/Industrial-Security-Clearance-Decisions/ISCR-Hearing-Decisions/Archived-ISCR-Hearing-Decisions/2016-and-Prior-ISCR-Hearing-Decisions-6/FileId/132802/
09-06067,appeal,true_duplicate_deleted,byte-identical full_text; discarded source_url: https://doha.ogc.osd.mil/Industrial-Security-Program/Industrial-Security-Clearance-Decisions/ISCR-Hearing-Decisions/Archived-ISCR-Hearing-Decisions/2016-and-Prior-ISCR-Hearing-Decisions-6/FileId/132809/
09-06091,appeal,true_duplicate_deleted,byte-identical full_text; discarded source_url: https://doha.ogc.osd.mil/Industrial-Security-Program/Industrial-Security-Clearance-Decisions/ISCR-Hearing-Decisions/Archived-ISCR-Hearing-Decisions/2016-and-Prior-ISCR-Hearing-Decisions-6/FileId/132815/
09-06180,appeal,true_duplicate_deleted,byte-identical full_text; discarded source_url: https://doha.ogc.osd.mil/Industrial-Security-Program/Industrial-Security-Clearance-Decisions/ISCR-Hearing-Decisions/Archived-ISCR-Hearing-Decisions/2016-and-Prior-ISCR-Hearing-Decisions-6/FileId/132826/
09-06190,appeal,true_duplicate_deleted,byte-identical full_text; discarded source_url: https://doha.ogc.osd.mil/Industrial-Security-Program/Industrial-Security-Clearance-Decisions/ISCR-Hearing-Decisions/Archived-ISCR-Hearing-Decisions/2016-and-Prior-ISCR-Hearing-Decisions-6/FileId/132829/
09-06218,appeal,true_duplicate_deleted,byte-identical full_text; discarded source_url: https://doha.ogc.osd.mil/Industrial-Security-Program/Industrial-Security-Clearance-Decisions/ISCR-Hearing-Decisions/Archived-ISCR-Hearing-Decisions/2016-and-Prior-ISCR-Hearing-Decisions-6/FileId/132836/
09-06306,appeal,true_duplicate_deleted,byte-identical full_text; discarded source_url: https://doha.ogc.osd.mil/Industrial-Security-Program/Industrial-Security-Clearance-Decisions/ISCR-Hearing-Decisions/Archived-ISCR-Hearing-Decisions/2016-and-Prior-ISCR-Hearing-Decisions-6/FileId/132854/
09-06289,appeal,true_duplicate_deleted,byte-identical full_text; discarded source_url: https://doha.ogc.osd.mil/Industrial-Security-Program/Industrial-Security-Clearance-Decisions/ISCR-Hearing-Decisions/Archived-ISCR-Hearing-Decisions/2016-and-Prior-ISCR-Hearing-Decisions-6/FileId/132849/
09-06224,appeal,true_duplicate_deleted,byte-identical full_text; discarded source_url: https://doha.ogc.osd.mil/Industrial-Security-Program/Industrial-Security-Clearance-Decisions/ISCR-Hearing-Decisions/Archived-ISCR-Hearing-Decisions/2016-and-Prior-ISCR-Hearing-Decisions-6/FileId/132839/
09-06401,appeal,true_duplicate_deleted,byte-identical full_text; discarded source_url: https://doha.ogc.osd.mil/Industrial-Security-Program/Industrial-Security-Clearance-Decisions/ISCR-Hearing-Decisions/Archived-ISCR-Hearing-Decisions/2016-and-Prior-ISCR-Hearing-Decisions-6/FileId/132874/
09-06260,appeal,true_duplicate_deleted,byte-identical full_text; discarded source_url: https://doha.ogc.osd.mil/Industrial-Security-Program/Industrial-Security-Clearance-Decisions/ISCR-Hearing-Decisions/Archived-ISCR-Hearing-Decisions/2016-and-Prior-ISCR-Hearing-Decisions-6/FileId/132843/
09-06536,appeal,true_duplicate_deleted,byte-identical full_text; discarded source_url: https://doha.ogc.osd.mil/Industrial-Security-Program/Industrial-Security-Clearance-Decisions/ISCR-Hearing-Decisions/Archived-ISCR-Hearing-Decisions/2016-and-Prior-ISCR-Hearing-Decisions-6/FileId/132895/
09-06436,appeal,true_duplicate_deleted,byte-identical full_text; discarded source_url: https://doha.ogc.osd.mil/Industrial-Security-Program/Industrial-Security-Clearance-Decisions/ISCR-Hearing-Decisions/Archived-ISCR-Hearing-Decisions/2016-and-Prior-ISCR-Hearing-Decisions-6/FileId/132877/
09-06406,appeal,true_duplicate_deleted,byte-identical full_text; discarded source_url: https://doha.ogc.osd.mil/Industrial-Security-Program/Industrial-Security-Clearance-Decisions/ISCR-Hearing-Decisions/Archived-ISCR-Hearing-Decisions/2016-and-Prior-ISCR-Hearing-Decisions-6/FileId/132876/
09-06457,appeal,true_duplicate_deleted,byte-identical full_text; discarded source_url: https://doha.ogc.osd.mil/Industrial-Security-Program/Industrial-Security-Clearance-Decisions/ISCR-Hearing-Decisions/Archived-ISCR-Hearing-Decisions/2016-and-Prior-ISCR-Hearing-Decisions-6/FileId/132885/
09-06540,appeal,true_duplicate_deleted,byte-identical full_text; discarded source_url: https://doha.ogc.osd.mil/Industrial-Security-Program/Industrial-Security-Clearance-Decisions/ISCR-Hearing-Decisions/Archived-ISCR-Hearing-Decisions/2016-and-Prior-ISCR-Hearing-Decisions-6/FileId/132900/
09-06545,appeal,true_duplicate_deleted,byte-identical full_text; discarded source_url: https://doha.ogc.osd.mil/Industrial-Security-Program/Industrial-Security-Clearance-Decisions/ISCR-Hearing-Decisions/Archived-ISCR-Hearing-Decisions/2016-and-Prior-ISCR-Hearing-Decisions-6/FileId/132902/
09-06602,appeal,true_duplicate_deleted,byte-identical full_text; discarded source_url: https://doha.ogc.osd.mil/Industrial-Security-Program/Industrial-Security-Clearance-Decisions/ISCR-Hearing-Decisions/Archived-ISCR-Hearing-Decisions/2016-and-Prior-ISCR-Hearing-Decisions-6/FileId/132917/
09-06567,appeal,true_duplicate_deleted,byte-identical full_text; discarded source_url: https://doha.ogc.osd.mil/Industrial-Security-Program/Industrial-Security-Clearance-Decisions/ISCR-Hearing-Decisions/Archived-ISCR-Hearing-Decisions/2016-and-Prior-ISCR-Hearing-Decisions-6/FileId/132912/
09-06672,appeal,true_duplicate_deleted,byte-identical full_text; discarded source_url: https://doha.ogc.osd.mil/Industrial-Security-Program/Industrial-Security-Clearance-Decisions/ISCR-Hearing-Decisions/Archived-ISCR-Hearing-Decisions/2016-and-Prior-ISCR-Hearing-Decisions-6/FileId/132924/
09-06691,appeal,true_duplicate_deleted,byte-identical full_text; discarded source_url: https://doha.ogc.osd.mil/Industrial-Security-Program/Industrial-Security-Clearance-Decisions/ISCR-Hearing-Decisions/Archived-ISCR-Hearing-Decisions/2016-and-Prior-ISCR-Hearing-Decisions-6/FileId/132933/
09-06770,appeal,true_duplicate_deleted,byte-identical full_text; discarded source_url: https://doha.ogc.osd.mil/Industrial-Security-Program/Industrial-Security-Clearance-Decisions/ISCR-Hearing-Decisions/Archived-ISCR-Hearing-Decisions/2016-and-Prior-ISCR-Hearing-Decisions-6/FileId/132947/
09-06771,appeal,true_duplicate_deleted,byte-identical full_text; discarded source_url: https://doha.ogc.osd.mil/Industrial-Security-Program/Industrial-Security-Clearance-Decisions/ISCR-Hearing-Decisions/Archived-ISCR-Hearing-Decisions/2016-and-Prior-ISCR-Hearing-Decisions-6/FileId/132953/
09-06775,appeal,true_duplicate_deleted,byte-identical full_text; discarded source_url: https://doha.ogc.osd.mil/Industrial-Security-Program/Industrial-Security-Clearance-Decisions/ISCR-Hearing-Decisions/Archived-ISCR-Hearing-Decisions/2016-and-Prior-ISCR-Hearing-Decisions-6/FileId/132954/
09-06831,appeal,true_duplicate_deleted,byte-identical full_text; discarded source_url: https://doha.ogc.osd.mil/Industrial-Security-Program/Industrial-Security-Clearance-Decisions/ISCR-Hearing-Decisions/Archived-ISCR-Hearing-Decisions/2016-and-Prior-ISCR-Hearing-Decisions-6/FileId/132960/
09-06837,appeal,true_duplicate_deleted,byte-identical full_text; discarded source_url: https://doha.ogc.osd.mil/Industrial-Security-Program/Industrial-Security-Clearance-Decisions/ISCR-Hearing-Decisions/Archived-ISCR-Hearing-Decisions/2016-and-Prior-ISCR-Hearing-Decisions-6/FileId/132967/
09-06930,appeal,true_duplicate_deleted,byte-identical full_text; discarded source_url: https://doha.ogc.osd.mil/Industrial-Security-Program/Industrial-Security-Clearance-Decisions/ISCR-Hearing-Decisions/Archived-ISCR-Hearing-Decisions/2016-and-Prior-ISCR-Hearing-Decisions-6/FileId/132975/
09-06986,appeal,true_duplicate_deleted,byte-identical full_text; discarded source_url: https://doha.ogc.osd.mil/Industrial-Security-Program/Industrial-Security-Clearance-Decisions/ISCR-Hearing-Decisions/Archived-ISCR-Hearing-Decisions/2016-and-Prior-ISCR-Hearing-Decisions-6/FileId/132988/
09-06992,appeal,true_duplicate_deleted,byte-identical full_text; discarded source_url: https://doha.ogc.osd.mil/Industrial-Security-Program/Industrial-Security-Clearance-Decisions/ISCR-Hearing-Decisions/Archived-ISCR-Hearing-Decisions/2016-and-Prior-ISCR-Hearing-Decisions-6/FileId/132991/
09-07012,appeal,true_duplicate_deleted,byte-identical full_text; discarded source_url: https://doha.ogc.osd.mil/Industrial-Security-Program/Industrial-Security-Clearance-Decisions/ISCR-Hearing-Decisions/Archived-ISCR-Hearing-Decisions/2016-and-Prior-ISCR-Hearing-Decisions-6/FileId/132997/
09-07064,appeal,true_duplicate_deleted,byte-identical full_text; discarded source_url: https://doha.ogc.osd.mil/Industrial-Security-Program/Industrial-Security-Clearance-Decisions/ISCR-Hearing-Decisions/Archived-ISCR-Hearing-Decisions/2016-and-Prior-ISCR-Hearing-Decisions-6/FileId/133003/
09-07066,appeal,true_duplicate_deleted,byte-identical full_text; discarded source_url: https://doha.ogc.osd.mil/Industrial-Security-Program/Industrial-Security-Clearance-Decisions/ISCR-Hearing-Decisions/Archived-ISCR-Hearing-Decisions/2016-and-Prior-ISCR-Hearing-Decisions-6/FileId/133006/
09-07084,appeal,true_duplicate_deleted,byte-identical full_text; discarded source_url: https://doha.ogc.osd.mil/Industrial-Security-Program/Industrial-Security-Clearance-Decisions/ISCR-Hearing-Decisions/Archived-ISCR-Hearing-Decisions/2016-and-Prior-ISCR-Hearing-Decisions-6/FileId/133013/
09-07072,appeal,true_duplicate_deleted,byte-identical full_text; discarded source_url: https://doha.ogc.osd.mil/Industrial-Security-Program/Industrial-Security-Clearance-Decisions/ISCR-Hearing-Decisions/Archived-ISCR-Hearing-Decisions/2016-and-Prior-ISCR-Hearing-Decisions-6/FileId/133008/
09-07091,appeal,true_duplicate_deleted,byte-identical full_text; discarded source_url: https://doha.ogc.osd.mil/Industrial-Security-Program/Industrial-Security-Clearance-Decisions/ISCR-Hearing-Decisions/Archived-ISCR-Hearing-Decisions/2016-and-Prior-ISCR-Hearing-Decisions-6/FileId/133015/
09-07139,appeal,true_duplicate_deleted,byte-identical full_text; discarded source_url: https://doha.ogc.osd.mil/Industrial-Security-Program/Industrial-Security-Clearance-Decisions/ISCR-Hearing-Decisions/Archived-ISCR-Hearing-Decisions/2016-and-Prior-ISCR-Hearing-Decisions-6/FileId/133027/
09-07151,appeal,true_duplicate_deleted,byte-identical full_text; discarded source_url: https://doha.ogc.osd.mil/Industrial-Security-Program/Industrial-Security-Clearance-Decisions/ISCR-Hearing-Decisions/Archived-ISCR-Hearing-Decisions/2016-and-Prior-ISCR-Hearing-Decisions-6/FileId/133030/
09-07229,appeal,true_duplicate_deleted,byte-identical full_text; discarded source_url: https://doha.ogc.osd.mil/Industrial-Security-Program/Industrial-Security-Clearance-Decisions/ISCR-Hearing-Decisions/Archived-ISCR-Hearing-Decisions/2016-and-Prior-ISCR-Hearing-Decisions-6/FileId/133049/
09-07219,appeal,true_duplicate_deleted,byte-identical full_text; discarded source_url: https://doha.ogc.osd.mil/Industrial-Security-Program/Industrial-Security-Clearance-Decisions/ISCR-Hearing-Decisions/Archived-ISCR-Hearing-Decisions/2016-and-Prior-ISCR-Hearing-Decisions-6/FileId/133048/
09-07254,appeal,true_duplicate_deleted,byte-identical full_text; discarded source_url: https://doha.ogc.osd.mil/Industrial-Security-Program/Industrial-Security-Clearance-Decisions/ISCR-Hearing-Decisions/Archived-ISCR-Hearing-Decisions/2016-and-Prior-ISCR-Hearing-Decisions-6/FileId/133056/
09-07395,appeal,true_duplicate_deleted,byte-identical full_text; discarded source_url: https://doha.ogc.osd.mil/Industrial-Security-Program/Industrial-Security-Clearance-Decisions/ISCR-Hearing-Decisions/Archived-ISCR-Hearing-Decisions/2016-and-Prior-ISCR-Hearing-Decisions-6/FileId/133068/
09-07424,appeal,true_duplicate_deleted,byte-identical full_text; discarded source_url: https://doha.ogc.osd.mil/Industrial-Security-Program/Industrial-Security-Clearance-Decisions/ISCR-Hearing-Decisions/Archived-ISCR-Hearing-Decisions/2016-and-Prior-ISCR-Hearing-Decisions-6/FileId/133074/
09-07440,appeal,true_duplicate_deleted,byte-identical full_text; discarded source_url: https://doha.ogc.osd.mil/Industrial-Security-Program/Industrial-Security-Clearance-Decisions/ISCR-Hearing-Decisions/Archived-ISCR-Hearing-Decisions/2016-and-Prior-ISCR-Hearing-Decisions-6/FileId/133075/
09-07456,appeal,true_duplicate_deleted,byte-identical full_text; discarded source_url: https://doha.ogc.osd.mil/Industrial-Security-Program/Industrial-Security-Clearance-Decisions/ISCR-Hearing-Decisions/Archived-ISCR-Hearing-Decisions/2016-and-Prior-ISCR-Hearing-Decisions-6/FileId/133081/
09-07472,appeal,true_duplicate_deleted,byte-identical full_text; discarded source_url: https://doha.ogc.osd.mil/Industrial-Security-Program/Industrial-Security-Clearance-Decisions/ISCR-Hearing-Decisions/Archived-ISCR-Hearing-Decisions/2016-and-Prior-ISCR-Hearing-Decisions-6/FileId/133086/
09-07478,appeal,true_duplicate_deleted,byte-identical full_text; discarded source_url: https://doha.ogc.osd.mil/Industrial-Security-Program/Industrial-Security-Clearance-Decisions/ISCR-Hearing-Decisions/Archived-ISCR-Hearing-Decisions/2016-and-Prior-ISCR-Hearing-Decisions-6/FileId/133087/
09-07511,appeal,true_duplicate_deleted,byte-identical full_text; discarded source_url: https://doha.ogc.osd.mil/Industrial-Security-Program/Industrial-Security-Clearance-Decisions/ISCR-Hearing-Decisions/Archived-ISCR-Hearing-Decisions/2016-and-Prior-ISCR-Hearing-Decisions-6/FileId/133092/
09-07551,appeal,true_duplicate_deleted,byte-identical full_text; discarded source_url: https://doha.ogc.osd.mil/Industrial-Security-Program/Industrial-Security-Clearance-Decisions/ISCR-Hearing-Decisions/Archived-ISCR-Hearing-Decisions/2016-and-Prior-ISCR-Hearing-Decisions-6/FileId/133098/
09-07563,appeal,true_duplicate_deleted,byte-identical full_text; discarded source_url: https://doha.ogc.osd.mil/Industrial-Security-Program/Industrial-Security-Clearance-Decisions/ISCR-Hearing-Decisions/Archived-ISCR-Hearing-Decisions/2016-and-Prior-ISCR-Hearing-Decisions-6/FileId/133099/
09-07565,appeal,true_duplicate_deleted,byte-identical full_text; discarded source_url: https://doha.ogc.osd.mil/Industrial-Security-Program/Industrial-Security-Clearance-Decisions/ISCR-Hearing-Decisions/Archived-ISCR-Hearing-Decisions/2016-and-Prior-ISCR-Hearing-Decisions-6/FileId/133104/
09-07597,appeal,true_duplicate_deleted,byte-identical full_text; discarded source_url: https://doha.ogc.osd.mil/Industrial-Security-Program/Industrial-Security-Clearance-Decisions/ISCR-Hearing-Decisions/Archived-ISCR-Hearing-Decisions/2016-and-Prior-ISCR-Hearing-Decisions-6/FileId/133110/
09-07647,appeal,true_duplicate_deleted,byte-identical full_text; discarded source_url: https://doha.ogc.osd.mil/Industrial-Security-Program/Industrial-Security-Clearance-Decisions/ISCR-Hearing-Decisions/Archived-ISCR-Hearing-Decisions/2016-and-Prior-ISCR-Hearing-Decisions-6/FileId/133116/
09-07652,appeal,true_duplicate_deleted,byte-identical full_text; discarded source_url: https://doha.ogc.osd.mil/Industrial-Security-Program/Industrial-Security-Clearance-Decisions/ISCR-Hearing-Decisions/Archived-ISCR-Hearing-Decisions/2016-and-Prior-ISCR-Hearing-Decisions-6/FileId/133117/
09-07683,appeal,true_duplicate_deleted,byte-identical full_text; discarded source_url: https://doha.ogc.osd.mil/Industrial-Security-Program/Industrial-Security-Clearance-Decisions/ISCR-Hearing-Decisions/Archived-ISCR-Hearing-Decisions/2016-and-Prior-ISCR-Hearing-Decisions-6/FileId/133123/
09-07714,appeal,true_duplicate_deleted,byte-identical full_text; discarded source_url: https://doha.ogc.osd.mil/Industrial-Security-Program/Industrial-Security-Clearance-Decisions/ISCR-Hearing-Decisions/Archived-ISCR-Hearing-Decisions/2016-and-Prior-ISCR-Hearing-Decisions-6/FileId/133129/
09-07741,appeal,true_duplicate_deleted,byte-identical full_text; discarded source_url: https://doha.ogc.osd.mil/Industrial-Security-Program/Industrial-Security-Clearance-Decisions/ISCR-Hearing-Decisions/Archived-ISCR-Hearing-Decisions/2016-and-Prior-ISCR-Hearing-Decisions-6/FileId/133133/
09-07754,appeal,true_duplicate_deleted,byte-identical full_text; discarded source_url: https://doha.ogc.osd.mil/Industrial-Security-Program/Industrial-Security-Clearance-Decisions/ISCR-Hearing-Decisions/Archived-ISCR-Hearing-Decisions/2016-and-Prior-ISCR-Hearing-Decisions-6/FileId/133136/
09-07789,appeal,true_duplicate_deleted,byte-identical full_text; discarded source_url: https://doha.ogc.osd.mil/Industrial-Security-Program/Industrial-Security-Clearance-Decisions/ISCR-Hearing-Decisions/Archived-ISCR-Hearing-Decisions/2016-and-Prior-ISCR-Hearing-Decisions-6/FileId/133142/
09-07792,appeal,true_duplicate_deleted,byte-identical full_text; discarded source_url: https://doha.ogc.osd.mil/Industrial-Security-Program/Industrial-Security-Clearance-Decisions/ISCR-Hearing-Decisions/Archived-ISCR-Hearing-Decisions/2016-and-Prior-ISCR-Hearing-Decisions-6/FileId/133145/
09-07853,appeal,true_duplicate_deleted,byte-identical full_text; discarded source_url: https://doha.ogc.osd.mil/Industrial-Security-Program/Industrial-Security-Clearance-Decisions/ISCR-Hearing-Decisions/Archived-ISCR-Hearing-Decisions/2016-and-Prior-ISCR-Hearing-Decisions-6/FileId/133157/
09-07916,appeal,true_duplicate_deleted,byte-identical full_text; discarded source_url: https://doha.ogc.osd.mil/Industrial-Security-Program/Industrial-Security-Clearance-Decisions/ISCR-Hearing-Decisions/Archived-ISCR-Hearing-Decisions/2016-and-Prior-ISCR-Hearing-Decisions-6/FileId/133167/
09-08023,appeal,true_duplicate_deleted,byte-identical full_text; discarded source_url: https://doha.ogc.osd.mil/Industrial-Security-Program/Industrial-Security-Clearance-Decisions/ISCR-Hearing-Decisions/Archived-ISCR-Hearing-Decisions/2016-and-Prior-ISCR-Hearing-Decisions-6/FileId/133185/
09-08099,appeal,true_duplicate_deleted,byte-identical full_text; discarded source_url: https://doha.ogc.osd.mil/Industrial-Security-Program/Industrial-Security-Clearance-Decisions/ISCR-Hearing-Decisions/Archived-ISCR-Hearing-Decisions/2016-and-Prior-ISCR-Hearing-Decisions-6/FileId/133200/
09-08083,appeal,true_duplicate_deleted,byte-identical full_text; discarded source_url: https://doha.ogc.osd.mil/Industrial-Security-Program/Industrial-Security-Clearance-Decisions/ISCR-Hearing-Decisions/Archived-ISCR-Hearing-Decisions/2016-and-Prior-ISCR-Hearing-Decisions-6/FileId/133192/
09-08108,appeal,true_duplicate_deleted,byte-identical full_text; discarded source_url: https://doha.ogc.osd.mil/Industrial-Security-Program/Industrial-Security-Clearance-Decisions/ISCR-Hearing-Decisions/Archived-ISCR-Hearing-Decisions/2016-and-Prior-ISCR-Hearing-Decisions-6/FileId/133204/
09-08244,appeal,true_duplicate_deleted,byte-identical full_text; discarded source_url: https://doha.ogc.osd.mil/Industrial-Security-Program/Industrial-Security-Clearance-Decisions/ISCR-Hearing-Decisions/Archived-ISCR-Hearing-Decisions/2016-and-Prior-ISCR-Hearing-Decisions-6/FileId/133223/
09-08295,appeal,true_duplicate_deleted,byte-identical full_text; discarded source_url: https://doha.ogc.osd.mil/Industrial-Security-Program/Industrial-Security-Clearance-Decisions/ISCR-Hearing-Decisions/Archived-ISCR-Hearing-Decisions/2016-and-Prior-ISCR-Hearing-Decisions-6/FileId/133235/
09-08142,appeal,true_duplicate_deleted,byte-identical full_text; discarded source_url: https://doha.ogc.osd.mil/Industrial-Security-Program/Industrial-Security-Clearance-Decisions/ISCR-Hearing-Decisions/Archived-ISCR-Hearing-Decisions/2016-and-Prior-ISCR-Hearing-Decisions-6/FileId/133210/
09-08248,appeal,true_duplicate_deleted,byte-identical full_text; discarded source_url: https://doha.ogc.osd.mil/Industrial-Security-Program/Industrial-Security-Clearance-Decisions/ISCR-Hearing-Decisions/Archived-ISCR-Hearing-Decisions/2016-and-Prior-ISCR-Hearing-Decisions-6/FileId/133224/
09-08394,appeal,true_duplicate_deleted,byte-identical full_text; discarded source_url: https://doha.ogc.osd.mil/Industrial-Security-Program/Industrial-Security-Clearance-Decisions/ISCR-Hearing-Decisions/Archived-ISCR-Hearing-Decisions/2016-and-Prior-ISCR-Hearing-Decisions-6/FileId/133259/
09-08405,appeal,true_duplicate_deleted,byte-identical full_text; discarded source_url: https://doha.ogc.osd.mil/Industrial-Security-Program/Industrial-Security-Clearance-Decisions/ISCR-Hearing-Decisions/Archived-ISCR-Hearing-Decisions/2016-and-Prior-ISCR-Hearing-Decisions-6/FileId/133261/
09-08430,appeal,true_duplicate_deleted,byte-identical full_text; discarded source_url: https://doha.ogc.osd.mil/Industrial-Security-Program/Industrial-Security-Clearance-Decisions/ISCR-Hearing-Decisions/Archived-ISCR-Hearing-Decisions/2016-and-Prior-ISCR-Hearing-Decisions-6/FileId/133270/
09-08417,appeal,true_duplicate_deleted,byte-identical full_text; discarded source_url: https://doha.ogc.osd.mil/Industrial-Security-Program/Industrial-Security-Clearance-Decisions/ISCR-Hearing-Decisions/Archived-ISCR-Hearing-Decisions/2016-and-Prior-ISCR-Hearing-Decisions-6/FileId/133265/
09-08462,appeal,true_duplicate_deleted,byte-identical full_text; discarded source_url: https://doha.ogc.osd.mil/Industrial-Security-Program/Industrial-Security-Clearance-Decisions/ISCR-Hearing-Decisions/Archived-ISCR-Hearing-Decisions/2016-and-Prior-ISCR-Hearing-Decisions-6/FileId/133275/
09-08505,appeal,true_duplicate_deleted,byte-identical full_text; discarded source_url: https://doha.ogc.osd.mil/Industrial-Security-Program/Industrial-Security-Clearance-Decisions/ISCR-Hearing-Decisions/Archived-ISCR-Hearing-Decisions/2016-and-Prior-ISCR-Hearing-Decisions-6/FileId/133287/
09-08533,appeal,true_duplicate_deleted,byte-identical full_text; discarded source_url: https://doha.ogc.osd.mil/Industrial-Security-Program/Industrial-Security-Clearance-Decisions/ISCR-Hearing-Decisions/Archived-ISCR-Hearing-Decisions/2016-and-Prior-ISCR-Hearing-Decisions-6/FileId/133290/
09-08550,appeal,true_duplicate_deleted,byte-identical full_text; discarded source_url: https://doha.ogc.osd.mil/Industrial-Security-Program/Industrial-Security-Clearance-Decisions/ISCR-Hearing-Decisions/Archived-ISCR-Hearing-Decisions/2016-and-Prior-ISCR-Hearing-Decisions-6/FileId/133294/
09-7105,appeal,true_duplicate_deleted,byte-identical full_text; discarded source_url: https://doha.ogc.osd.mil/Industrial-Security-Program/Industrial-Security-Clearance-Decisions/ISCR-Hearing-Decisions/Archived-ISCR-Hearing-Decisions/2016-and-Prior-ISCR-Hearing-Decisions-6/FileId/133018/
10-00036,appeal,true_duplicate_deleted,byte-identical full_text; discarded source_url: https://doha.ogc.osd.mil/Industrial-Security-Program/Industrial-Security-Clearance-Decisions/ISCR-Hearing-Decisions/Archived-ISCR-Hearing-Decisions/2016-and-Prior-ISCR-Hearing-Decisions-6/FileId/133324/
10-00046,appeal,true_duplicate_deleted,byte-identical full_text; discarded source_url: https://doha.ogc.osd.mil/Industrial-Security-Program/Industrial-Security-Clearance-Decisions/ISCR-Hearing-Decisions/Archived-ISCR-Hearing-Decisions/2016-and-Prior-ISCR-Hearing-Decisions-6/FileId/133329/
10-00065,appeal,true_duplicate_deleted,byte-identical full_text; discarded source_url: https://doha.ogc.osd.mil/Industrial-Security-Program/Industrial-Security-Clearance-Decisions/ISCR-Hearing-Decisions/Archived-ISCR-Hearing-Decisions/2016-and-Prior-ISCR-Hearing-Decisions-6/FileId/133334/
10-00141,appeal,true_duplicate_deleted,byte-identical full_text; discarded source_url: https://doha.ogc.osd.mil/Industrial-Security-Program/Industrial-Security-Clearance-Decisions/ISCR-Hearing-Decisions/Archived-ISCR-Hearing-Decisions/2016-and-Prior-ISCR-Hearing-Decisions-6/FileId/133352/
10-00133,appeal,true_duplicate_deleted,byte-identical full_text; discarded source_url: https://doha.ogc.osd.mil/Industrial-Security-Program/Industrial-Security-Clearance-Decisions/ISCR-Hearing-Decisions/Archived-ISCR-Hearing-Decisions/2016-and-Prior-ISCR-Hearing-Decisions-6/FileId/133347/
10-00272,appeal,true_duplicate_deleted,byte-identical full_text; discarded source_url: https://doha.ogc.osd.mil/Industrial-Security-Program/Industrial-Security-Clearance-Decisions/ISCR-Hearing-Decisions/Archived-ISCR-Hearing-Decisions/2016-and-Prior-ISCR-Hearing-Decisions-6/FileId/133372/
10-00218,appeal,true_duplicate_deleted,byte-identical full_text; discarded source_url: https://doha.ogc.osd.mil/Industrial-Security-Program/Industrial-Security-Clearance-Decisions/ISCR-Hearing-Decisions/Archived-ISCR-Hearing-Decisions/2016-and-Prior-ISCR-Hearing-Decisions-6/FileId/133363/
10-00194,appeal,true_duplicate_deleted,byte-identical full_text; discarded source_url: https://doha.ogc.osd.mil/Industrial-Security-Program/Industrial-Security-Clearance-Decisions/ISCR-Hearing-Decisions/Archived-ISCR-Hearing-Decisions/2016-and-Prior-ISCR-Hearing-Decisions-6/FileId/133358/
10-00354,appeal,true_duplicate_deleted,byte-identical full_text; discarded source_url: https://doha.ogc.osd.mil/Industrial-Security-Program/Industrial-Security-Clearance-Decisions/ISCR-Hearing-Decisions/Archived-ISCR-Hearing-Decisions/2016-and-Prior-ISCR-Hearing-Decisions-6/FileId/133390/
10-00278,appeal,true_duplicate_deleted,byte-identical full_text; discarded source_url: https://doha.ogc.osd.mil/Industrial-Security-Program/Industrial-Security-Clearance-Decisions/ISCR-Hearing-Decisions/Archived-ISCR-Hearing-Decisions/2016-and-Prior-ISCR-Hearing-Decisions-6/FileId/133373/
10-00362,appeal,true_duplicate_deleted,byte-identical full_text; discarded source_url: https://doha.ogc.osd.mil/Industrial-Security-Program/Industrial-Security-Clearance-Decisions/ISCR-Hearing-Decisions/Archived-ISCR-Hearing-Decisions/2016-and-Prior-ISCR-Hearing-Decisions-6/FileId/133394/
10-00824,appeal,true_duplicate_deleted,byte-identical full_text; discarded source_url: https://doha.ogc.osd.mil/Industrial-Security-Program/Industrial-Security-Clearance-Decisions/ISCR-Hearing-Decisions/Archived-ISCR-Hearing-Decisions/2016-and-Prior-ISCR-Hearing-Decisions-6/FileId/133463/
10-00827,appeal,true_duplicate_deleted,byte-identical full_text; discarded source_url: https://doha.ogc.osd.mil/Industrial-Security-Program/Industrial-Security-Clearance-Decisions/ISCR-Hearing-Decisions/Archived-ISCR-Hearing-Decisions/2016-and-Prior-ISCR-Hearing-Decisions-6/FileId/133466/
10-00860,appeal,true_duplicate_deleted,byte-identical full_text; discarded source_url: https://doha.ogc.osd.mil/Industrial-Security-Program/Industrial-Security-Clearance-Decisions/ISCR-Hearing-Decisions/Archived-ISCR-Hearing-Decisions/2016-and-Prior-ISCR-Hearing-Decisions-6/FileId/133473/
10-00898,appeal,true_duplicate_deleted,byte-identical full_text; discarded source_url: https://doha.ogc.osd.mil/Industrial-Security-Program/Industrial-Security-Clearance-Decisions/ISCR-Hearing-Decisions/Archived-ISCR-Hearing-Decisions/2016-and-Prior-ISCR-Hearing-Decisions-6/FileId/133478/
10-00922,appeal,true_duplicate_deleted,byte-identical full_text; discarded source_url: https://doha.ogc.osd.mil/Industrial-Security-Program/Industrial-Security-Clearance-Decisions/ISCR-Hearing-Decisions/Archived-ISCR-Hearing-Decisions/2016-and-Prior-ISCR-Hearing-Decisions-6/FileId/133484/
10-00925,appeal,true_duplicate_deleted,byte-identical full_text; discarded source_url: https://doha.ogc.osd.mil/Industrial-Security-Program/Industrial-Security-Clearance-Decisions/ISCR-Hearing-Decisions/Archived-ISCR-Hearing-Decisions/2016-and-Prior-ISCR-Hearing-Decisions-6/FileId/133486/
10-0278,appeal,true_duplicate_deleted,byte-identical full_text; discarded source_url: https://doha.ogc.osd.mil/Industrial-Security-Program/Industrial-Security-Clearance-Decisions/ISCR-Hearing-Decisions/Archived-ISCR-Hearing-Decisions/2016-and-Prior-ISCR-Hearing-Decisions-6/FileId/133376/
10-00983,appeal,true_duplicate_deleted,byte-identical full_text; discarded source_url: https://doha.ogc.osd.mil/Industrial-Security-Program/Industrial-Security-Clearance-Decisions/ISCR-Hearing-Decisions/Archived-ISCR-Hearing-Decisions/2016-and-Prior-ISCR-Hearing-Decisions-7/FileId/133504/
10-01021,appeal,true_duplicate_deleted,byte-identical full_text; discarded source_url: https://doha.ogc.osd.mil/Industrial-Security-Program/Industrial-Security-Clearance-Decisions/ISCR-Hearing-Decisions/Archived-ISCR-Hearing-Decisions/2016-and-Prior-ISCR-Hearing-Decisions-7/FileId/133511/
10-01024,appeal,true_duplicate_deleted,byte-identical full_text; discarded source_url: https://doha.ogc.osd.mil/Industrial-Security-Program/Industrial-Security-Clearance-Decisions/ISCR-Hearing-Decisions/Archived-ISCR-Hearing-Decisions/2016-and-Prior-ISCR-Hearing-Decisions-7/FileId/133515/
10-01100,appeal,true_duplicate_deleted,byte-identical full_text; discarded source_url: https://doha.ogc.osd.mil/Industrial-Security-Program/Industrial-Security-Clearance-Decisions/ISCR-Hearing-Decisions/Archived-ISCR-Hearing-Decisions/2016-and-Prior-ISCR-Hearing-Decisions-7/FileId/133520/
10-01168,appeal,true_duplicate_deleted,byte-identical full_text; discarded source_url: https://doha.ogc.osd.mil/Industrial-Security-Program/Industrial-Security-Clearance-Decisions/ISCR-Hearing-Decisions/Archived-ISCR-Hearing-Decisions/2016-and-Prior-ISCR-Hearing-Decisions-7/FileId/133527/
10-01169,appeal,true_duplicate_deleted,byte-identical full_text; discarded source_url: https://doha.ogc.osd.mil/Industrial-Security-Program/Industrial-Security-Clearance-Decisions/ISCR-Hearing-Decisions/Archived-ISCR-Hearing-Decisions/2016-and-Prior-ISCR-Hearing-Decisions-7/FileId/133529/
10-01188,appeal,true_duplicate_deleted,byte-identical full_text; discarded source_url: https://doha.ogc.osd.mil/Industrial-Security-Program/Industrial-Security-Clearance-Decisions/ISCR-Hearing-Decisions/Archived-ISCR-Hearing-Decisions/2016-and-Prior-ISCR-Hearing-Decisions-7/FileId/133533/
10-01209,appeal,true_duplicate_deleted,byte-identical full_text; discarded source_url: https://doha.ogc.osd.mil/Industrial-Security-Program/Industrial-Security-Clearance-Decisions/ISCR-Hearing-Decisions/Archived-ISCR-Hearing-Decisions/2016-and-Prior-ISCR-Hearing-Decisions-7/FileId/133539/
10-01273,appeal,true_duplicate_deleted,byte-identical full_text; discarded source_url: https://doha.ogc.osd.mil/Industrial-Security-Program/Industrial-Security-Clearance-Decisions/ISCR-Hearing-Decisions/Archived-ISCR-Hearing-Decisions/2016-and-Prior-ISCR-Hearing-Decisions-7/FileId/133558/
10-01275,appeal,true_duplicate_deleted,byte-identical full_text; discarded source_url: https://doha.ogc.osd.mil/Industrial-Security-Program/Industrial-Security-Clearance-Decisions/ISCR-Hearing-Decisions/Archived-ISCR-Hearing-Decisions/2016-and-Prior-ISCR-Hearing-Decisions-7/FileId/133560/
10-01355,appeal,true_duplicate_deleted,byte-identical full_text; discarded source_url: https://doha.ogc.osd.mil/Industrial-Security-Program/Industrial-Security-Clearance-Decisions/ISCR-Hearing-Decisions/Archived-ISCR-Hearing-Decisions/2016-and-Prior-ISCR-Hearing-Decisions-7/FileId/133571/
10-01517,appeal,true_duplicate_deleted,byte-identical full_text; discarded source_url: https://doha.ogc.osd.mil/Industrial-Security-Program/Industrial-Security-Clearance-Decisions/ISCR-Hearing-Decisions/Archived-ISCR-Hearing-Decisions/2016-and-Prior-ISCR-Hearing-Decisions-7/FileId/133592/
10-01400,appeal,true_duplicate_deleted,byte-identical full_text; discarded source_url: https://doha.ogc.osd.mil/Industrial-Security-Program/Industrial-Security-Clearance-Decisions/ISCR-Hearing-Decisions/Archived-ISCR-Hearing-Decisions/2016-and-Prior-ISCR-Hearing-Decisions-7/FileId/133579/
10-01673,appeal,true_duplicate_deleted,byte-identical full_text; discarded source_url: https://doha.ogc.osd.mil/Industrial-Security-Program/Industrial-Security-Clearance-Decisions/ISCR-Hearing-Decisions/Archived-ISCR-Hearing-Decisions/2016-and-Prior-ISCR-Hearing-Decisions-7/FileId/133615/
10-01678,appeal,true_duplicate_deleted,byte-identical full_text; discarded source_url: https://doha.ogc.osd.mil/Industrial-Security-Program/Industrial-Security-Clearance-Decisions/ISCR-Hearing-Decisions/Archived-ISCR-Hearing-Decisions/2016-and-Prior-ISCR-Hearing-Decisions-7/FileId/133621/
10-01727,appeal,true_duplicate_deleted,byte-identical full_text; discarded source_url: https://doha.ogc.osd.mil/Industrial-Security-Program/Industrial-Security-Clearance-Decisions/ISCR-Hearing-Decisions/Archived-ISCR-Hearing-Decisions/2016-and-Prior-ISCR-Hearing-Decisions-7/FileId/133627/
10-01814,appeal,true_duplicate_deleted,byte-identical full_text; discarded source_url: https://doha.ogc.osd.mil/Industrial-Security-Program/Industrial-Security-Clearance-Decisions/ISCR-Hearing-Decisions/Archived-ISCR-Hearing-Decisions/2016-and-Prior-ISCR-Hearing-Decisions-7/FileId/133645/
10-01756,appeal,true_duplicate_deleted,byte-identical full_text; discarded source_url: https://doha.ogc.osd.mil/Industrial-Security-Program/Industrial-Security-Clearance-Decisions/ISCR-Hearing-Decisions/Archived-ISCR-Hearing-Decisions/2016-and-Prior-ISCR-Hearing-Decisions-7/FileId/133634/
10-01846,appeal,true_duplicate_deleted,byte-identical full_text; discarded source_url: https://doha.ogc.osd.mil/Industrial-Security-Program/Industrial-Security-Clearance-Decisions/ISCR-Hearing-Decisions/Archived-ISCR-Hearing-Decisions/2016-and-Prior-ISCR-Hearing-Decisions-7/FileId/133651/
10-01978,appeal,true_duplicate_deleted,byte-identical full_text; discarded source_url: https://doha.ogc.osd.mil/Industrial-Security-Program/Industrial-Security-Clearance-Decisions/ISCR-Hearing-Decisions/Archived-ISCR-Hearing-Decisions/2016-and-Prior-ISCR-Hearing-Decisions-7/FileId/133669/
10-02010,appeal,true_duplicate_deleted,byte-identical full_text; discarded source_url: https://doha.ogc.osd.mil/Industrial-Security-Program/Industrial-Security-Clearance-Decisions/ISCR-Hearing-Decisions/Archived-ISCR-Hearing-Decisions/2016-and-Prior-ISCR-Hearing-Decisions-7/FileId/133675/
10-02168,appeal,true_duplicate_deleted,byte-identical full_text; discarded source_url: https://doha.ogc.osd.mil/Industrial-Security-Program/Industrial-Security-Clearance-Decisions/ISCR-Hearing-Decisions/Archived-ISCR-Hearing-Decisions/2016-and-Prior-ISCR-Hearing-Decisions-7/FileId/133697/
10-02011,appeal,true_duplicate_deleted,byte-identical full_text; discarded source_url: https://doha.ogc.osd.mil/Industrial-Security-Program/Industrial-Security-Clearance-Decisions/ISCR-Hearing-Decisions/Archived-ISCR-Hearing-Decisions/2016-and-Prior-ISCR-Hearing-Decisions-7/FileId/133681/
10-02170,appeal,true_duplicate_deleted,byte-identical full_text; discarded source_url: https://doha.ogc.osd.mil/Industrial-Security-Program/Industrial-Security-Clearance-Decisions/ISCR-Hearing-Decisions/Archived-ISCR-Hearing-Decisions/2016-and-Prior-ISCR-Hearing-Decisions-7/FileId/133700/
10-02330,appeal,true_duplicate_deleted,byte-identical full_text; discarded source_url: https://doha.ogc.osd.mil/Industrial-Security-Program/Industrial-Security-Clearance-Decisions/ISCR-Hearing-Decisions/Archived-ISCR-Hearing-Decisions/2016-and-Prior-ISCR-Hearing-Decisions-7/FileId/133715/
10-02364,appeal,true_duplicate_deleted,byte-identical full_text; discarded source_url: https://doha.ogc.osd.mil/Industrial-Security-Program/Industrial-Security-Clearance-Decisions/ISCR-Hearing-Decisions/Archived-ISCR-Hearing-Decisions/2016-and-Prior-ISCR-Hearing-Decisions-7/FileId/133724/
10-02475,appeal,true_duplicate_deleted,byte-identical full_text; discarded source_url: https://doha.ogc.osd.mil/Industrial-Security-Program/Industrial-Security-Clearance-Decisions/ISCR-Hearing-Decisions/Archived-ISCR-Hearing-Decisions/2016-and-Prior-ISCR-Hearing-Decisions-7/FileId/133731/
10-02576,appeal,true_duplicate_deleted,byte-identical full_text; discarded source_url: https://doha.ogc.osd.mil/Industrial-Security-Program/Industrial-Security-Clearance-Decisions/ISCR-Hearing-Decisions/Archived-ISCR-Hearing-Decisions/2016-and-Prior-ISCR-Hearing-Decisions-7/FileId/133744/
10-02422,appeal,true_duplicate_deleted,byte-identical full_text; discarded source_url: https://doha.ogc.osd.mil/Industrial-Security-Program/Industrial-Security-Clearance-Decisions/ISCR-Hearing-Decisions/Archived-ISCR-Hearing-Decisions/2016-and-Prior-ISCR-Hearing-Decisions-7/FileId/133723/
10-02649,appeal,true_duplicate_deleted,byte-identical full_text; discarded source_url: https://doha.ogc.osd.mil/Industrial-Security-Program/Industrial-Security-Clearance-Decisions/ISCR-Hearing-Decisions/Archived-ISCR-Hearing-Decisions/2016-and-Prior-ISCR-Hearing-Decisions-7/FileId/133755/
10-02660,appeal,true_duplicate_deleted,byte-identical full_text; discarded source_url: https://doha.ogc.osd.mil/Industrial-Security-Program/Industrial-Security-Clearance-Decisions/ISCR-Hearing-Decisions/Archived-ISCR-Hearing-Decisions/2016-and-Prior-ISCR-Hearing-Decisions-7/FileId/133756/
10-02766,appeal,true_duplicate_deleted,byte-identical full_text; discarded source_url: https://doha.ogc.osd.mil/Industrial-Security-Program/Industrial-Security-Clearance-Decisions/ISCR-Hearing-Decisions/Archived-ISCR-Hearing-Decisions/2016-and-Prior-ISCR-Hearing-Decisions-7/FileId/133768/
10-02671,appeal,true_duplicate_deleted,byte-identical full_text; discarded source_url: https://doha.ogc.osd.mil/Industrial-Security-Program/Industrial-Security-Clearance-Decisions/ISCR-Hearing-Decisions/Archived-ISCR-Hearing-Decisions/2016-and-Prior-ISCR-Hearing-Decisions-7/FileId/133757/
10-02819,appeal,true_duplicate_deleted,byte-identical full_text; discarded source_url: https://doha.ogc.osd.mil/Industrial-Security-Program/Industrial-Security-Clearance-Decisions/ISCR-Hearing-Decisions/Archived-ISCR-Hearing-Decisions/2016-and-Prior-ISCR-Hearing-Decisions-7/FileId/133775/
10-02803,appeal,true_duplicate_deleted,byte-identical full_text; discarded source_url: https://doha.ogc.osd.mil/Industrial-Security-Program/Industrial-Security-Clearance-Decisions/ISCR-Hearing-Decisions/Archived-ISCR-Hearing-Decisions/2016-and-Prior-ISCR-Hearing-Decisions-7/FileId/133774/
10-02902,appeal,true_duplicate_deleted,byte-identical full_text; discarded source_url: https://doha.ogc.osd.mil/Industrial-Security-Program/Industrial-Security-Clearance-Decisions/ISCR-Hearing-Decisions/Archived-ISCR-Hearing-Decisions/2016-and-Prior-ISCR-Hearing-Decisions-7/FileId/133789/
10-02955,appeal,true_duplicate_deleted,byte-identical full_text; discarded source_url: https://doha.ogc.osd.mil/Industrial-Security-Program/Industrial-Security-Clearance-Decisions/ISCR-Hearing-Decisions/Archived-ISCR-Hearing-Decisions/2016-and-Prior-ISCR-Hearing-Decisions-7/FileId/133801/
10-02904,appeal,true_duplicate_deleted,byte-identical full_text; discarded source_url: https://doha.ogc.osd.mil/Industrial-Security-Program/Industrial-Security-Clearance-Decisions/ISCR-Hearing-Decisions/Archived-ISCR-Hearing-Decisions/2016-and-Prior-ISCR-Hearing-Decisions-7/FileId/133791/
10-02982,appeal,true_duplicate_deleted,byte-identical full_text; discarded source_url: https://doha.ogc.osd.mil/Industrial-Security-Program/Industrial-Security-Clearance-Decisions/ISCR-Hearing-Decisions/Archived-ISCR-Hearing-Decisions/2016-and-Prior-ISCR-Hearing-Decisions-7/FileId/133805/
10-03020,appeal,true_duplicate_deleted,byte-identical full_text; discarded source_url: https://doha.ogc.osd.mil/Industrial-Security-Program/Industrial-Security-Clearance-Decisions/ISCR-Hearing-Decisions/Archived-ISCR-Hearing-Decisions/2016-and-Prior-ISCR-Hearing-Decisions-7/FileId/133814/
10-03125,appeal,true_duplicate_deleted,byte-identical full_text; discarded source_url: https://doha.ogc.osd.mil/Industrial-Security-Program/Industrial-Security-Clearance-Decisions/ISCR-Hearing-Decisions/Archived-ISCR-Hearing-Decisions/2016-and-Prior-ISCR-Hearing-Decisions-7/FileId/133826/
10-03232,appeal,true_duplicate_deleted,byte-identical full_text; discarded source_url: https://doha.ogc.osd.mil/Industrial-Security-Program/Industrial-Security-Clearance-Decisions/ISCR-Hearing-Decisions/Archived-ISCR-Hearing-Decisions/2016-and-Prior-ISCR-Hearing-Decisions-7/FileId/133836/
10-03301,appeal,true_duplicate_deleted,byte-identical full_text; discarded source_url: https://doha.ogc.osd.mil/Industrial-Security-Program/Industrial-Security-Clearance-Decisions/ISCR-Hearing-Decisions/Archived-ISCR-Hearing-Decisions/2016-and-Prior-ISCR-Hearing-Decisions-7/FileId/133851/
10-03291,appeal,true_duplicate_deleted,byte-identical full_text; discarded source_url: https://doha.ogc.osd.mil/Industrial-Security-Program/Industrial-Security-Clearance-Decisions/ISCR-Hearing-Decisions/Archived-ISCR-Hearing-Decisions/2016-and-Prior-ISCR-Hearing-Decisions-7/FileId/133845/
10-03329,appeal,true_duplicate_deleted,byte-identical full_text; discarded source_url: https://doha.ogc.osd.mil/Industrial-Security-Program/Industrial-Security-Clearance-Decisions/ISCR-Hearing-Decisions/Archived-ISCR-Hearing-Decisions/2016-and-Prior-ISCR-Hearing-Decisions-7/FileId/133852/
10-03380,appeal,true_duplicate_deleted,byte-identical full_text; discarded source_url: https://doha.ogc.osd.mil/Industrial-Security-Program/Industrial-Security-Clearance-Decisions/ISCR-Hearing-Decisions/Archived-ISCR-Hearing-Decisions/2016-and-Prior-ISCR-Hearing-Decisions-7/FileId/133857/
10-03443,appeal,true_duplicate_deleted,byte-identical full_text; discarded source_url: https://doha.ogc.osd.mil/Industrial-Security-Program/Industrial-Security-Clearance-Decisions/ISCR-Hearing-Decisions/Archived-ISCR-Hearing-Decisions/2016-and-Prior-ISCR-Hearing-Decisions-7/FileId/133870/
10-03426,appeal,true_duplicate_deleted,byte-identical full_text; discarded source_url: https://doha.ogc.osd.mil/Industrial-Security-Program/Industrial-Security-Clearance-Decisions/ISCR-Hearing-Decisions/Archived-ISCR-Hearing-Decisions/2016-and-Prior-ISCR-Hearing-Decisions-7/FileId/133865/
10-03430,appeal,true_duplicate_deleted,byte-identical full_text; discarded source_url: https://doha.ogc.osd.mil/Industrial-Security-Program/Industrial-Security-Clearance-Decisions/ISCR-Hearing-Decisions/Archived-ISCR-Hearing-Decisions/2016-and-Prior-ISCR-Hearing-Decisions-7/FileId/133869/
10-03578,appeal,true_duplicate_deleted,byte-identical full_text; discarded source_url: https://doha.ogc.osd.mil/Industrial-Security-Program/Industrial-Security-Clearance-Decisions/ISCR-Hearing-Decisions/Archived-ISCR-Hearing-Decisions/2016-and-Prior-ISCR-Hearing-Decisions-7/FileId/133887/
10-03598,appeal,true_duplicate_deleted,byte-identical full_text; discarded source_url: https://doha.ogc.osd.mil/Industrial-Security-Program/Industrial-Security-Clearance-Decisions/ISCR-Hearing-Decisions/Archived-ISCR-Hearing-Decisions/2016-and-Prior-ISCR-Hearing-Decisions-7/FileId/133889/
10-03646,appeal,true_duplicate_deleted,byte-identical full_text; discarded source_url: https://doha.ogc.osd.mil/Industrial-Security-Program/Industrial-Security-Clearance-Decisions/ISCR-Hearing-Decisions/Archived-ISCR-Hearing-Decisions/2016-and-Prior-ISCR-Hearing-Decisions-7/FileId/133899/
10-03693,appeal,true_duplicate_deleted,byte-identical full_text; discarded source_url: https://doha.ogc.osd.mil/Industrial-Security-Program/Industrial-Security-Clearance-Decisions/ISCR-Hearing-Decisions/Archived-ISCR-Hearing-Decisions/2016-and-Prior-ISCR-Hearing-Decisions-7/FileId/133907/
10-03668,appeal,true_duplicate_deleted,byte-identical full_text; discarded source_url: https://doha.ogc.osd.mil/Industrial-Security-Program/Industrial-Security-Clearance-Decisions/ISCR-Hearing-Decisions/Archived-ISCR-Hearing-Decisions/2016-and-Prior-ISCR-Hearing-Decisions-7/FileId/133902/
10-03656,appeal,true_duplicate_deleted,byte-identical full_text; discarded source_url: https://doha.ogc.osd.mil/Industrial-Security-Program/Industrial-Security-Clearance-Decisions/ISCR-Hearing-Decisions/Archived-ISCR-Hearing-Decisions/2016-and-Prior-ISCR-Hearing-Decisions-7/FileId/133900/
10-03701,appeal,true_duplicate_deleted,byte-identical full_text; discarded source_url: https://doha.ogc.osd.mil/Industrial-Security-Program/Industrial-Security-Clearance-Decisions/ISCR-Hearing-Decisions/Archived-ISCR-Hearing-Decisions/2016-and-Prior-ISCR-Hearing-Decisions-7/FileId/133910/
10-03757,appeal,true_duplicate_deleted,byte-identical full_text; discarded source_url: https://doha.ogc.osd.mil/Industrial-Security-Program/Industrial-Security-Clearance-Decisions/ISCR-Hearing-Decisions/Archived-ISCR-Hearing-Decisions/2016-and-Prior-ISCR-Hearing-Decisions-7/FileId/133925/
10-03743,appeal,true_duplicate_deleted,byte-identical full_text; discarded source_url: https://doha.ogc.osd.mil/Industrial-Security-Program/Industrial-Security-Clearance-Decisions/ISCR-Hearing-Decisions/Archived-ISCR-Hearing-Decisions/2016-and-Prior-ISCR-Hearing-Decisions-7/FileId/133923/
10-03732,appeal,true_duplicate_deleted,byte-identical full_text; discarded source_url: https://doha.ogc.osd.mil/Industrial-Security-Program/Industrial-Security-Clearance-Decisions/ISCR-Hearing-Decisions/Archived-ISCR-Hearing-Decisions/2016-and-Prior-ISCR-Hearing-Decisions-7/FileId/133921/
10-03886,appeal,true_duplicate_deleted,byte-identical full_text; discarded source_url: https://doha.ogc.osd.mil/Industrial-Security-Program/Industrial-Security-Clearance-Decisions/ISCR-Hearing-Decisions/Archived-ISCR-Hearing-Decisions/2016-and-Prior-ISCR-Hearing-Decisions-7/FileId/133934/
10-03898,appeal,true_duplicate_deleted,byte-identical full_text; discarded source_url: https://doha.ogc.osd.mil/Industrial-Security-Program/Industrial-Security-Clearance-Decisions/ISCR-Hearing-Decisions/Archived-ISCR-Hearing-Decisions/2016-and-Prior-ISCR-Hearing-Decisions-7/FileId/133939/
10-04042,appeal,true_duplicate_deleted,byte-identical full_text; discarded source_url: https://doha.ogc.osd.mil/Industrial-Security-Program/Industrial-Security-Clearance-Decisions/ISCR-Hearing-Decisions/Archived-ISCR-Hearing-Decisions/2016-and-Prior-ISCR-Hearing-Decisions-7/FileId/133958/
10-04054,appeal,true_duplicate_deleted,byte-identical full_text; discarded source_url: https://doha.ogc.osd.mil/Industrial-Security-Program/Industrial-Security-Clearance-Decisions/ISCR-Hearing-Decisions/Archived-ISCR-Hearing-Decisions/2016-and-Prior-ISCR-Hearing-Decisions-7/FileId/133963/
10-04136,appeal,true_duplicate_deleted,byte-identical full_text; discarded source_url: https://doha.ogc.osd.mil/Industrial-Security-Program/Industrial-Security-Clearance-Decisions/ISCR-Hearing-Decisions/Archived-ISCR-Hearing-Decisions/2016-and-Prior-ISCR-Hearing-Decisions-7/FileId/133971/
10-04144,appeal,true_duplicate_deleted,byte-identical full_text; discarded source_url: https://doha.ogc.osd.mil/Industrial-Security-Program/Industrial-Security-Clearance-Decisions/ISCR-Hearing-Decisions/Archived-ISCR-Hearing-Decisions/2016-and-Prior-ISCR-Hearing-Decisions-7/FileId/133975/
10-04182,appeal,true_duplicate_deleted,byte-identical full_text; discarded source_url: https://doha.ogc.osd.mil/Industrial-Security-Program/Industrial-Security-Clearance-Decisions/ISCR-Hearing-Decisions/Archived-ISCR-Hearing-Decisions/2016-and-Prior-ISCR-Hearing-Decisions-7/FileId/133981/
10-04330,appeal,true_duplicate_deleted,byte-identical full_text; discarded source_url: https://doha.ogc.osd.mil/Industrial-Security-Program/Industrial-Security-Clearance-Decisions/ISCR-Hearing-Decisions/Archived-ISCR-Hearing-Decisions/2016-and-Prior-ISCR-Hearing-Decisions-7/FileId/133993/
10-04413,appeal,true_duplicate_deleted,byte-identical full_text; discarded source_url: https://doha.ogc.osd.mil/Industrial-Security-Program/Industrial-Security-Clearance-Decisions/ISCR-Hearing-Decisions/Archived-ISCR-Hearing-Decisions/2016-and-Prior-ISCR-Hearing-Decisions-7/FileId/134010/
10-04405,appeal,true_duplicate_deleted,byte-identical full_text; discarded source_url: https://doha.ogc.osd.mil/Industrial-Security-Program/Industrial-Security-Clearance-Decisions/ISCR-Hearing-Decisions/Archived-ISCR-Hearing-Decisions/2016-and-Prior-ISCR-Hearing-Decisions-7/FileId/134004/
10-04539,appeal,true_duplicate_deleted,byte-identical full_text; discarded source_url: https://doha.ogc.osd.mil/Industrial-Security-Program/Industrial-Security-Clearance-Decisions/ISCR-Hearing-Decisions/Archived-ISCR-Hearing-Decisions/2016-and-Prior-ISCR-Hearing-Decisions-7/FileId/134027/
10-04562,appeal,true_duplicate_deleted,byte-identical full_text; discarded source_url: https://doha.ogc.osd.mil/Industrial-Security-Program/Industrial-Security-Clearance-Decisions/ISCR-Hearing-Decisions/Archived-ISCR-Hearing-Decisions/2016-and-Prior-ISCR-Hearing-Decisions-7/FileId/134029/
10-04596,appeal,true_duplicate_deleted,byte-identical full_text; discarded source_url: https://doha.ogc.osd.mil/Industrial-Security-Program/Industrial-Security-Clearance-Decisions/ISCR-Hearing-Decisions/Archived-ISCR-Hearing-Decisions/2016-and-Prior-ISCR-Hearing-Decisions-7/FileId/134035/
10-04633,appeal,true_duplicate_deleted,byte-identical full_text; discarded source_url: https://doha.ogc.osd.mil/Industrial-Security-Program/Industrial-Security-Clearance-Decisions/ISCR-Hearing-Decisions/Archived-ISCR-Hearing-Decisions/2016-and-Prior-ISCR-Hearing-Decisions-7/FileId/134040/
10-04641,appeal,true_duplicate_deleted,byte-identical full_text; discarded source_url: https://doha.ogc.osd.mil/Industrial-Security-Program/Industrial-Security-Clearance-Decisions/ISCR-Hearing-Decisions/Archived-ISCR-Hearing-Decisions/2016-and-Prior-ISCR-Hearing-Decisions-7/FileId/134044/
10-04741,appeal,true_duplicate_deleted,byte-identical full_text; discarded source_url: https://doha.ogc.osd.mil/Industrial-Security-Program/Industrial-Security-Clearance-Decisions/ISCR-Hearing-Decisions/Archived-ISCR-Hearing-Decisions/2016-and-Prior-ISCR-Hearing-Decisions-7/FileId/134055/
10-04808,appeal,true_duplicate_deleted,byte-identical full_text; discarded source_url: https://doha.ogc.osd.mil/Industrial-Security-Program/Industrial-Security-Clearance-Decisions/ISCR-Hearing-Decisions/Archived-ISCR-Hearing-Decisions/2016-and-Prior-ISCR-Hearing-Decisions-7/FileId/134067/
10-04821,appeal,true_duplicate_deleted,byte-identical full_text; discarded source_url: https://doha.ogc.osd.mil/Industrial-Security-Program/Industrial-Security-Clearance-Decisions/ISCR-Hearing-Decisions/Archived-ISCR-Hearing-Decisions/2016-and-Prior-ISCR-Hearing-Decisions-7/FileId/134072/
10-04911,appeal,true_duplicate_deleted,byte-identical full_text; discarded source_url: https://doha.ogc.osd.mil/Industrial-Security-Program/Industrial-Security-Clearance-Decisions/ISCR-Hearing-Decisions/Archived-ISCR-Hearing-Decisions/2016-and-Prior-ISCR-Hearing-Decisions-7/FileId/134077/
10-05039,appeal,true_duplicate_deleted,byte-identical full_text; discarded source_url: https://doha.ogc.osd.mil/Industrial-Security-Program/Industrial-Security-Clearance-Decisions/ISCR-Hearing-Decisions/Archived-ISCR-Hearing-Decisions/2016-and-Prior-ISCR-Hearing-Decisions-7/FileId/134093/
10-05120,appeal,true_duplicate_deleted,byte-identical full_text; discarded source_url: https://doha.ogc.osd.mil/Industrial-Security-Program/Industrial-Security-Clearance-Decisions/ISCR-Hearing-Decisions/Archived-ISCR-Hearing-Decisions/2016-and-Prior-ISCR-Hearing-Decisions-7/FileId/134100/
10-05277,appeal,true_duplicate_deleted,byte-identical full_text; discarded source_url: https://doha.ogc.osd.mil/Industrial-Security-Program/Industrial-Security-Clearance-Decisions/ISCR-Hearing-Decisions/Archived-ISCR-Hearing-Decisions/2016-and-Prior-ISCR-Hearing-Decisions-7/FileId/134108/
10-05281,appeal,true_duplicate_deleted,byte-identical full_text; discarded source_url: https://doha.ogc.osd.mil/Industrial-Security-Program/Industrial-Security-Clearance-Decisions/ISCR-Hearing-Decisions/Archived-ISCR-Hearing-Decisions/2016-and-Prior-ISCR-Hearing-Decisions-7/FileId/134109/
10-05329,appeal,true_duplicate_deleted,byte-identical full_text; discarded source_url: https://doha.ogc.osd.mil/Industrial-Security-Program/Industrial-Security-Clearance-Decisions/ISCR-Hearing-Decisions/Archived-ISCR-Hearing-Decisions/2016-and-Prior-ISCR-Hearing-Decisions-7/FileId/134116/
10-05738,appeal,true_duplicate_deleted,byte-identical full_text; discarded source_url: https://doha.ogc.osd.mil/Industrial-Security-Program/Industrial-Security-Clearance-Decisions/ISCR-Hearing-Decisions/Archived-ISCR-Hearing-Decisions/2016-and-Prior-ISCR-Hearing-Decisions-7/FileId/134163/
10-05860,appeal,true_duplicate_deleted,byte-identical full_text; discarded source_url: https://doha.ogc.osd.mil/Industrial-Security-Program/Industrial-Security-Clearance-Decisions/ISCR-Hearing-Decisions/Archived-ISCR-Hearing-Decisions/2016-and-Prior-ISCR-Hearing-Decisions-7/FileId/134175/
10-06089,appeal,true_duplicate_deleted,byte-identical full_text; discarded source_url: https://doha.ogc.osd.mil/Industrial-Security-Program/Industrial-Security-Clearance-Decisions/ISCR-Hearing-Decisions/Archived-ISCR-Hearing-Decisions/2016-and-Prior-ISCR-Hearing-Decisions-7/FileId/134203/
10-06100,appeal,true_duplicate_deleted,byte-identical full_text; discarded source_url: https://doha.ogc.osd.mil/Industrial-Security-Program/Industrial-Security-Clearance-Decisions/ISCR-Hearing-Decisions/Archived-ISCR-Hearing-Decisions/2016-and-Prior-ISCR-Hearing-Decisions-7/FileId/134207/
10-05756,appeal,true_duplicate_deleted,byte-identical full_text; discarded source_url: https://doha.ogc.osd.mil/Industrial-Security-Program/Industrial-Security-Clearance-Decisions/ISCR-Hearing-Decisions/Archived-ISCR-Hearing-Decisions/2016-and-Prior-ISCR-Hearing-Decisions-7/FileId/134169/
10-05894,appeal,true_duplicate_deleted,byte-identical full_text; discarded source_url: https://doha.ogc.osd.mil/Industrial-Security-Program/Industrial-Security-Clearance-Decisions/ISCR-Hearing-Decisions/Archived-ISCR-Hearing-Decisions/2016-and-Prior-ISCR-Hearing-Decisions-7/FileId/134178/
10-06195,appeal,true_duplicate_deleted,byte-identical full_text; discarded source_url: https://doha.ogc.osd.mil/Industrial-Security-Program/Industrial-Security-Clearance-Decisions/ISCR-Hearing-Decisions/Archived-ISCR-Hearing-Decisions/2016-and-Prior-ISCR-Hearing-Decisions-7/FileId/134217/
10-05750,appeal,true_duplicate_deleted,byte-identical full_text; discarded source_url: https://doha.ogc.osd.mil/Industrial-Security-Program/Industrial-Security-Clearance-Decisions/ISCR-Hearing-Decisions/Archived-ISCR-Hearing-Decisions/2016-and-Prior-ISCR-Hearing-Decisions-7/FileId/134167/
10-06391,appeal,true_duplicate_deleted,byte-identical full_text; discarded source_url: https://doha.ogc.osd.mil/Industrial-Security-Program/Industrial-Security-Clearance-Decisions/ISCR-Hearing-Decisions/Archived-ISCR-Hearing-Decisions/2016-and-Prior-ISCR-Hearing-Decisions-7/FileId/134240/
10-06437,appeal,true_duplicate_deleted,byte-identical full_text; discarded source_url: https://doha.ogc.osd.mil/Industrial-Security-Program/Industrial-Security-Clearance-Decisions/ISCR-Hearing-Decisions/Archived-ISCR-Hearing-Decisions/2016-and-Prior-ISCR-Hearing-Decisions-7/FileId/134241/
10-05909,appeal,true_duplicate_deleted,byte-identical full_text; discarded source_url: https://doha.ogc.osd.mil/Industrial-Security-Program/Industrial-Security-Clearance-Decisions/ISCR-Hearing-Decisions/Archived-ISCR-Hearing-Decisions/2016-and-Prior-ISCR-Hearing-Decisions-7/FileId/134182/
10-06480,appeal,true_duplicate_deleted,byte-identical full_text; discarded source_url: https://doha.ogc.osd.mil/Industrial-Security-Program/Industrial-Security-Clearance-Decisions/ISCR-Hearing-Decisions/Archived-ISCR-Hearing-Decisions/2016-and-Prior-ISCR-Hearing-Decisions-7/FileId/134252/
10-06512,appeal,true_duplicate_deleted,byte-identical full_text; discarded source_url: https://doha.ogc.osd.mil/Industrial-Security-Program/Industrial-Security-Clearance-Decisions/ISCR-Hearing-Decisions/Archived-ISCR-Hearing-Decisions/2016-and-Prior-ISCR-Hearing-Decisions-7/FileId/134254/
10-06672,appeal,true_duplicate_deleted,byte-identical full_text; discarded source_url: https://doha.ogc.osd.mil/Industrial-Security-Program/Industrial-Security-Clearance-Decisions/ISCR-Hearing-Decisions/Archived-ISCR-Hearing-Decisions/2016-and-Prior-ISCR-Hearing-Decisions-7/FileId/134272/
10-06703,appeal,true_duplicate_deleted,byte-identical full_text; discarded source_url: https://doha.ogc.osd.mil/Industrial-Security-Program/Industrial-Security-Clearance-Decisions/ISCR-Hearing-Decisions/Archived-ISCR-Hearing-Decisions/2016-and-Prior-ISCR-Hearing-Decisions-7/FileId/134278/
10-06763,appeal,true_duplicate_deleted,byte-identical full_text; discarded source_url: https://doha.ogc.osd.mil/Industrial-Security-Program/Industrial-Security-Clearance-Decisions/ISCR-Hearing-Decisions/Archived-ISCR-Hearing-Decisions/2016-and-Prior-ISCR-Hearing-Decisions-7/FileId/134286/
10-06791,appeal,true_duplicate_deleted,byte-identical full_text; discarded source_url: https://doha.ogc.osd.mil/Industrial-Security-Program/Industrial-Security-Clearance-Decisions/ISCR-Hearing-Decisions/Archived-ISCR-Hearing-Decisions/2016-and-Prior-ISCR-Hearing-Decisions-7/FileId/134292/
10-06824,appeal,true_duplicate_deleted,byte-identical full_text; discarded source_url: https://doha.ogc.osd.mil/Industrial-Security-Program/Industrial-Security-Clearance-Decisions/ISCR-Hearing-Decisions/Archived-ISCR-Hearing-Decisions/2016-and-Prior-ISCR-Hearing-Decisions-7/FileId/134296/
10-06943,appeal,true_duplicate_deleted,byte-identical full_text; discarded source_url: https://doha.ogc.osd.mil/Industrial-Security-Program/Industrial-Security-Clearance-Decisions/ISCR-Hearing-Decisions/Archived-ISCR-Hearing-Decisions/2016-and-Prior-ISCR-Hearing-Decisions-7/FileId/134305/
10-06975,appeal,true_duplicate_deleted,byte-identical full_text; discarded source_url: https://doha.ogc.osd.mil/Industrial-Security-Program/Industrial-Security-Clearance-Decisions/ISCR-Hearing-Decisions/Archived-ISCR-Hearing-Decisions/2016-and-Prior-ISCR-Hearing-Decisions-7/FileId/134308/
10-07016,appeal,true_duplicate_deleted,byte-identical full_text; discarded source_url: https://doha.ogc.osd.mil/Industrial-Security-Program/Industrial-Security-Clearance-Decisions/ISCR-Hearing-Decisions/Archived-ISCR-Hearing-Decisions/2016-and-Prior-ISCR-Hearing-Decisions-7/FileId/134317/
10-07047,appeal,true_duplicate_deleted,byte-identical full_text; discarded source_url: https://doha.ogc.osd.mil/Industrial-Security-Program/Industrial-Security-Clearance-Decisions/ISCR-Hearing-Decisions/Archived-ISCR-Hearing-Decisions/2016-and-Prior-ISCR-Hearing-Decisions-7/FileId/134318/
10-07070,appeal,true_duplicate_deleted,byte-identical full_text; discarded source_url: https://doha.ogc.osd.mil/Industrial-Security-Program/Industrial-Security-Clearance-Decisions/ISCR-Hearing-Decisions/Archived-ISCR-Hearing-Decisions/2016-and-Prior-ISCR-Hearing-Decisions-7/FileId/134321/
10-07080,appeal,true_duplicate_deleted,byte-identical full_text; discarded source_url: https://doha.ogc.osd.mil/Industrial-Security-Program/Industrial-Security-Clearance-Decisions/ISCR-Hearing-Decisions/Archived-ISCR-Hearing-Decisions/2016-and-Prior-ISCR-Hearing-Decisions-7/FileId/134324/
10-07104,appeal,true_duplicate_deleted,byte-identical full_text; discarded source_url: https://doha.ogc.osd.mil/Industrial-Security-Program/Industrial-Security-Clearance-Decisions/ISCR-Hearing-Decisions/Archived-ISCR-Hearing-Decisions/2016-and-Prior-ISCR-Hearing-Decisions-7/FileId/134330/
10-07127,appeal,true_duplicate_deleted,byte-identical full_text; discarded source_url: https://doha.ogc.osd.mil/Industrial-Security-Program/Industrial-Security-Clearance-Decisions/ISCR-Hearing-Decisions/Archived-ISCR-Hearing-Decisions/2016-and-Prior-ISCR-Hearing-Decisions-7/FileId/134335/
10-07310,appeal,true_duplicate_deleted,byte-identical full_text; discarded source_url: https://doha.ogc.osd.mil/Industrial-Security-Program/Industrial-Security-Clearance-Decisions/ISCR-Hearing-Decisions/Archived-ISCR-Hearing-Decisions/2016-and-Prior-ISCR-Hearing-Decisions-7/FileId/134352/
10-07312,appeal,true_duplicate_deleted,byte-identical full_text; discarded source_url: https://doha.ogc.osd.mil/Industrial-Security-Program/Industrial-Security-Clearance-Decisions/ISCR-Hearing-Decisions/Archived-ISCR-Hearing-Decisions/2016-and-Prior-ISCR-Hearing-Decisions-7/FileId/134355/
10-07318,appeal,true_duplicate_deleted,byte-identical full_text; discarded source_url: https://doha.ogc.osd.mil/Industrial-Security-Program/Industrial-Security-Clearance-Decisions/ISCR-Hearing-Decisions/Archived-ISCR-Hearing-Decisions/2016-and-Prior-ISCR-Hearing-Decisions-7/FileId/134356/
10-07393,appeal,true_duplicate_deleted,byte-identical full_text; discarded source_url: https://doha.ogc.osd.mil/Industrial-Security-Program/Industrial-Security-Clearance-Decisions/ISCR-Hearing-Decisions/Archived-ISCR-Hearing-Decisions/2016-and-Prior-ISCR-Hearing-Decisions-7/FileId/134364/
10-07382,appeal,true_duplicate_deleted,byte-identical full_text; discarded source_url: https://doha.ogc.osd.mil/Industrial-Security-Program/Industrial-Security-Clearance-Decisions/ISCR-Hearing-Decisions/Archived-ISCR-Hearing-Decisions/2016-and-Prior-ISCR-Hearing-Decisions-7/FileId/134362/
10-07436,appeal,true_duplicate_deleted,byte-identical full_text; discarded source_url: https://doha.ogc.osd.mil/Industrial-Security-Program/Industrial-Security-Clearance-Decisions/ISCR-Hearing-Decisions/Archived-ISCR-Hearing-Decisions/2016-and-Prior-ISCR-Hearing-Decisions-7/FileId/134373/
10-07602,appeal,true_duplicate_deleted,byte-identical full_text; discarded source_url: https://doha.ogc.osd.mil/Industrial-Security-Program/Industrial-Security-Clearance-Decisions/ISCR-Hearing-Decisions/Archived-ISCR-Hearing-Decisions/2016-and-Prior-ISCR-Hearing-Decisions-7/FileId/134389/
10-07695,appeal,true_duplicate_deleted,byte-identical full_text; discarded source_url: https://doha.ogc.osd.mil/Industrial-Security-Program/Industrial-Security-Clearance-Decisions/ISCR-Hearing-Decisions/Archived-ISCR-Hearing-Decisions/2016-and-Prior-ISCR-Hearing-Decisions-7/FileId/134399/
10-07725,appeal,true_duplicate_deleted,byte-identical full_text; discarded source_url: https://doha.ogc.osd.mil/Industrial-Security-Program/Industrial-Security-Clearance-Decisions/ISCR-Hearing-Decisions/Archived-ISCR-Hearing-Decisions/2016-and-Prior-ISCR-Hearing-Decisions-7/FileId/134402/
10-07794,appeal,true_duplicate_deleted,byte-identical full_text; discarded source_url: https://doha.ogc.osd.mil/Industrial-Security-Program/Industrial-Security-Clearance-Decisions/ISCR-Hearing-Decisions/Archived-ISCR-Hearing-Decisions/2016-and-Prior-ISCR-Hearing-Decisions-7/FileId/134409/
10-07881,appeal,true_duplicate_deleted,byte-identical full_text; discarded source_url: https://doha.ogc.osd.mil/Industrial-Security-Program/Industrial-Security-Clearance-Decisions/ISCR-Hearing-Decisions/Archived-ISCR-Hearing-Decisions/2016-and-Prior-ISCR-Hearing-Decisions-7/FileId/134414/
10-07892,appeal,true_duplicate_deleted,byte-identical full_text; discarded source_url: https://doha.ogc.osd.mil/Industrial-Security-Program/Industrial-Security-Clearance-Decisions/ISCR-Hearing-Decisions/Archived-ISCR-Hearing-Decisions/2016-and-Prior-ISCR-Hearing-Decisions-7/FileId/134420/
10-07893,appeal,true_duplicate_deleted,byte-identical full_text; discarded source_url: https://doha.ogc.osd.mil/Industrial-Security-Program/Industrial-Security-Clearance-Decisions/ISCR-Hearing-Decisions/Archived-ISCR-Hearing-Decisions/2016-and-Prior-ISCR-Hearing-Decisions-7/FileId/134421/
10-08192,appeal,true_duplicate_deleted,byte-identical full_text; discarded source_url: https://doha.ogc.osd.mil/Industrial-Security-Program/Industrial-Security-Clearance-Decisions/ISCR-Hearing-Decisions/Archived-ISCR-Hearing-Decisions/2016-and-Prior-ISCR-Hearing-Decisions-7/FileId/134448/
10-08257,appeal,true_duplicate_deleted,byte-identical full_text; discarded source_url: https://doha.ogc.osd.mil/Industrial-Security-Program/Industrial-Security-Clearance-Decisions/ISCR-Hearing-Decisions/Archived-ISCR-Hearing-Decisions/2016-and-Prior-ISCR-Hearing-Decisions-7/FileId/134458/
10-08308,appeal,true_duplicate_deleted,byte-identical full_text; discarded source_url: https://doha.ogc.osd.mil/Industrial-Security-Program/Industrial-Security-Clearance-Decisions/ISCR-Hearing-Decisions/Archived-ISCR-Hearing-Decisions/2016-and-Prior-ISCR-Hearing-Decisions-7/FileId/134463/
10-08390,appeal,true_duplicate_deleted,byte-identical full_text; discarded source_url: https://doha.ogc.osd.mil/Industrial-Security-Program/Industrial-Security-Clearance-Decisions/ISCR-Hearing-Decisions/Archived-ISCR-Hearing-Decisions/2016-and-Prior-ISCR-Hearing-Decisions-7/FileId/134469/
10-08508,appeal,true_duplicate_deleted,byte-identical full_text; discarded source_url: https://doha.ogc.osd.mil/Industrial-Security-Program/Industrial-Security-Clearance-Decisions/ISCR-Hearing-Decisions/Archived-ISCR-Hearing-Decisions/2016-and-Prior-ISCR-Hearing-Decisions-7/FileId/134483/
10-08705,appeal,true_duplicate_deleted,byte-identical full_text; discarded source_url: https://doha.ogc.osd.mil/Industrial-Security-Program/Industrial-Security-Clearance-Decisions/ISCR-Hearing-Decisions/Archived-ISCR-Hearing-Decisions/2016-and-Prior-ISCR-Hearing-Decisions-7/FileId/134501/
10-08604,appeal,true_duplicate_deleted,byte-identical full_text; discarded source_url: https://doha.ogc.osd.mil/Industrial-Security-Program/Industrial-Security-Clearance-Decisions/ISCR-Hearing-Decisions/Archived-ISCR-Hearing-Decisions/2016-and-Prior-ISCR-Hearing-Decisions-7/FileId/134495/
10-08550,appeal,true_duplicate_deleted,byte-identical full_text; discarded source_url: https://doha.ogc.osd.mil/Industrial-Security-Program/Industrial-Security-Clearance-Decisions/ISCR-Hearing-Decisions/Archived-ISCR-Hearing-Decisions/2016-and-Prior-ISCR-Hearing-Decisions-7/FileId/134489/
10-08560,appeal,true_duplicate_deleted,byte-identical full_text; discarded source_url: https://doha.ogc.osd.mil/Industrial-Security-Program/Industrial-Security-Clearance-Decisions/ISCR-Hearing-Decisions/Archived-ISCR-Hearing-Decisions/2016-and-Prior-ISCR-Hearing-Decisions-7/FileId/134493/
10-09035,appeal,true_duplicate_deleted,byte-identical full_text; discarded source_url: https://doha.ogc.osd.mil/Industrial-Security-Program/Industrial-Security-Clearance-Decisions/ISCR-Hearing-Decisions/Archived-ISCR-Hearing-Decisions/2016-and-Prior-ISCR-Hearing-Decisions-7/FileId/134521/
10-09119,appeal,true_duplicate_deleted,byte-identical full_text; discarded source_url: https://doha.ogc.osd.mil/Industrial-Security-Program/Industrial-Security-Clearance-Decisions/ISCR-Hearing-Decisions/Archived-ISCR-Hearing-Decisions/2016-and-Prior-ISCR-Hearing-Decisions-7/FileId/134543/
10-09072,appeal,true_duplicate_deleted,byte-identical full_text; discarded source_url: https://doha.ogc.osd.mil/Industrial-Security-Program/Industrial-Security-Clearance-Decisions/ISCR-Hearing-Decisions/Archived-ISCR-Hearing-Decisions/2016-and-Prior-ISCR-Hearing-Decisions-7/FileId/134535/
10-09256,appeal,true_duplicate_deleted,byte-identical full_text; discarded source_url: https://doha.ogc.osd.mil/Industrial-Security-Program/Industrial-Security-Clearance-Decisions/ISCR-Hearing-Decisions/Archived-ISCR-Hearing-Decisions/2016-and-Prior-ISCR-Hearing-Decisions-7/FileId/134561/
10-09281,appeal,true_duplicate_deleted,byte-identical full_text; discarded source_url: https://doha.ogc.osd.mil/Industrial-Security-Program/Industrial-Security-Clearance-Decisions/ISCR-Hearing-Decisions/Archived-ISCR-Hearing-Decisions/2016-and-Prior-ISCR-Hearing-Decisions-7/FileId/134563/
10-09329,appeal,true_duplicate_deleted,byte-identical full_text; discarded source_url: https://doha.ogc.osd.mil/Industrial-Security-Program/Industrial-Security-Clearance-Decisions/ISCR-Hearing-Decisions/Archived-ISCR-Hearing-Decisions/2016-and-Prior-ISCR-Hearing-Decisions-7/FileId/134567/
10-09349,appeal,true_duplicate_deleted,byte-identical full_text; discarded source_url: https://doha.ogc.osd.mil/Industrial-Security-Program/Industrial-Security-Clearance-Decisions/ISCR-Hearing-Decisions/Archived-ISCR-Hearing-Decisions/2016-and-Prior-ISCR-Hearing-Decisions-7/FileId/134575/
10-09433,appeal,true_duplicate_deleted,byte-identical full_text; discarded source_url: https://doha.ogc.osd.mil/Industrial-Security-Program/Industrial-Security-Clearance-Decisions/ISCR-Hearing-Decisions/Archived-ISCR-Hearing-Decisions/2016-and-Prior-ISCR-Hearing-Decisions-7/FileId/134584/
10-09478,appeal,true_duplicate_deleted,byte-identical full_text; discarded source_url: https://doha.ogc.osd.mil/Industrial-Security-Program/Industrial-Security-Clearance-Decisions/ISCR-Hearing-Decisions/Archived-ISCR-Hearing-Decisions/2016-and-Prior-ISCR-Hearing-Decisions-7/FileId/134586/
10-09511,appeal,true_duplicate_deleted,byte-identical full_text; discarded source_url: https://doha.ogc.osd.mil/Industrial-Security-Program/Industrial-Security-Clearance-Decisions/ISCR-Hearing-Decisions/Archived-ISCR-Hearing-Decisions/2016-and-Prior-ISCR-Hearing-Decisions-7/FileId/134592/
10-09595,appeal,true_duplicate_deleted,byte-identical full_text; discarded source_url: https://doha.ogc.osd.mil/Industrial-Security-Program/Industrial-Security-Clearance-Decisions/ISCR-Hearing-Decisions/Archived-ISCR-Hearing-Decisions/2016-and-Prior-ISCR-Hearing-Decisions-7/FileId/134606/
10-09748,appeal,true_duplicate_deleted,byte-identical full_text; discarded source_url: https://doha.ogc.osd.mil/Industrial-Security-Program/Industrial-Security-Clearance-Decisions/ISCR-Hearing-Decisions/Archived-ISCR-Hearing-Decisions/2016-and-Prior-ISCR-Hearing-Decisions-8/FileId/134632/
10-09936,appeal,true_duplicate_deleted,byte-identical full_text; discarded source_url: https://doha.ogc.osd.mil/Industrial-Security-Program/Industrial-Security-Clearance-Decisions/ISCR-Hearing-Decisions/Archived-ISCR-Hearing-Decisions/2016-and-Prior-ISCR-Hearing-Decisions-8/FileId/134628/
10-09986,appeal,true_duplicate_deleted,byte-identical full_text; discarded source_url: https://doha.ogc.osd.mil/Industrial-Security-Program/Industrial-Security-Clearance-Decisions/ISCR-Hearing-Decisions/Archived-ISCR-Hearing-Decisions/2016-and-Prior-ISCR-Hearing-Decisions-8/FileId/134637/
10-10045,appeal,true_duplicate_deleted,byte-identical full_text; discarded source_url: https://doha.ogc.osd.mil/Industrial-Security-Program/Industrial-Security-Clearance-Decisions/ISCR-Hearing-Decisions/Archived-ISCR-Hearing-Decisions/2016-and-Prior-ISCR-Hearing-Decisions-8/FileId/134642/
10-10087,appeal,true_duplicate_deleted,byte-identical full_text; discarded source_url: https://doha.ogc.osd.mil/Industrial-Security-Program/Industrial-Security-Clearance-Decisions/ISCR-Hearing-Decisions/Archived-ISCR-Hearing-Decisions/2016-and-Prior-ISCR-Hearing-Decisions-8/FileId/134653/
10-10068,appeal,true_duplicate_deleted,byte-identical full_text; discarded source_url: https://doha.ogc.osd.mil/Industrial-Security-Program/Industrial-Security-Clearance-Decisions/ISCR-Hearing-Decisions/Archived-ISCR-Hearing-Decisions/2016-and-Prior-ISCR-Hearing-Decisions-8/FileId/134645/
10-10307,appeal,true_duplicate_deleted,byte-identical full_text; discarded source_url: https://doha.ogc.osd.mil/Industrial-Security-Program/Industrial-Security-Clearance-Decisions/ISCR-Hearing-Decisions/Archived-ISCR-Hearing-Decisions/2016-and-Prior-ISCR-Hearing-Decisions-8/FileId/134669/
10-10482,appeal,true_duplicate_deleted,byte-identical full_text; discarded source_url: https://doha.ogc.osd.mil/Industrial-Security-Program/Industrial-Security-Clearance-Decisions/ISCR-Hearing-Decisions/Archived-ISCR-Hearing-Decisions/2016-and-Prior-ISCR-Hearing-Decisions-8/FileId/134695/
10-10612,appeal,true_duplicate_deleted,byte-identical full_text; discarded source_url: https://doha.ogc.osd.mil/Industrial-Security-Program/Industrial-Security-Clearance-Decisions/ISCR-Hearing-Decisions/Archived-ISCR-Hearing-Decisions/2016-and-Prior-ISCR-Hearing-Decisions-8/FileId/134707/
10-10821,appeal,true_duplicate_deleted,byte-identical full_text; discarded source_url: https://doha.ogc.osd.mil/Industrial-Security-Program/Industrial-Security-Clearance-Decisions/ISCR-Hearing-Decisions/Archived-ISCR-Hearing-Decisions/2016-and-Prior-ISCR-Hearing-Decisions-8/FileId/134730/
10-10994,appeal,true_duplicate_deleted,byte-identical full_text; discarded source_url: https://doha.ogc.osd.mil/Industrial-Security-Program/Industrial-Security-Clearance-Decisions/ISCR-Hearing-Decisions/Archived-ISCR-Hearing-Decisions/2016-and-Prior-ISCR-Hearing-Decisions-8/FileId/134749/
10-11076,appeal,true_duplicate_deleted,byte-identical full_text; discarded source_url: https://doha.ogc.osd.mil/Industrial-Security-Program/Industrial-Security-Clearance-Decisions/ISCR-Hearing-Decisions/Archived-ISCR-Hearing-Decisions/2016-and-Prior-ISCR-Hearing-Decisions-8/FileId/134757/
10-11083,appeal,true_duplicate_deleted,byte-identical full_text; discarded source_url: https://doha.ogc.osd.mil/Industrial-Security-Program/Industrial-Security-Clearance-Decisions/ISCR-Hearing-Decisions/Archived-ISCR-Hearing-Decisions/2016-and-Prior-ISCR-Hearing-Decisions-8/FileId/134761/
10-11132,appeal,true_duplicate_deleted,byte-identical full_text; discarded source_url: https://doha.ogc.osd.mil/Industrial-Security-Program/Industrial-Security-Clearance-Decisions/ISCR-Hearing-Decisions/Archived-ISCR-Hearing-Decisions/2016-and-Prior-ISCR-Hearing-Decisions-8/FileId/134767/
11-00046,appeal,true_duplicate_deleted,byte-identical full_text; discarded source_url: https://doha.ogc.osd.mil/Industrial-Security-Program/Industrial-Security-Clearance-Decisions/ISCR-Hearing-Decisions/Archived-ISCR-Hearing-Decisions/2016-and-Prior-ISCR-Hearing-Decisions-8/FileId/134790/
11-00074,appeal,true_duplicate_deleted,byte-identical full_text; discarded source_url: https://doha.ogc.osd.mil/Industrial-Security-Program/Industrial-Security-Clearance-Decisions/ISCR-Hearing-Decisions/Archived-ISCR-Hearing-Decisions/2016-and-Prior-ISCR-Hearing-Decisions-8/FileId/134798/
11-00110,appeal,true_duplicate_deleted,byte-identical full_text; discarded source_url: https://doha.ogc.osd.mil/Industrial-Security-Program/Industrial-Security-Clearance-Decisions/ISCR-Hearing-Decisions/Archived-ISCR-Hearing-Decisions/2016-and-Prior-ISCR-Hearing-Decisions-8/FileId/134800/
11-00125,appeal,true_duplicate_deleted,byte-identical full_text; discarded source_url: https://doha.ogc.osd.mil/Industrial-Security-Program/Industrial-Security-Clearance-Decisions/ISCR-Hearing-Decisions/Archived-ISCR-Hearing-Decisions/2016-and-Prior-ISCR-Hearing-Decisions-8/FileId/134802/
11-00180,appeal,true_duplicate_deleted,byte-identical full_text; discarded source_url: https://doha.ogc.osd.mil/Industrial-Security-Program/Industrial-Security-Clearance-Decisions/ISCR-Hearing-Decisions/Archived-ISCR-Hearing-Decisions/2016-and-Prior-ISCR-Hearing-Decisions-8/FileId/134812/
11-00193,appeal,true_duplicate_deleted,byte-identical full_text; discarded source_url: https://doha.ogc.osd.mil/Industrial-Security-Program/Industrial-Security-Clearance-Decisions/ISCR-Hearing-Decisions/Archived-ISCR-Hearing-Decisions/2016-and-Prior-ISCR-Hearing-Decisions-8/FileId/134821/
11-00281,appeal,true_duplicate_deleted,byte-identical full_text; discarded source_url: https://doha.ogc.osd.mil/Industrial-Security-Program/Industrial-Security-Clearance-Decisions/ISCR-Hearing-Decisions/Archived-ISCR-Hearing-Decisions/2016-and-Prior-ISCR-Hearing-Decisions-8/FileId/134834/
11-00391,appeal,true_duplicate_deleted,byte-identical full_text; discarded source_url: https://doha.ogc.osd.mil/Industrial-Security-Program/Industrial-Security-Clearance-Decisions/ISCR-Hearing-Decisions/Archived-ISCR-Hearing-Decisions/2016-and-Prior-ISCR-Hearing-Decisions-8/FileId/134842/
11-00416,appeal,true_duplicate_deleted,byte-identical full_text; discarded source_url: https://doha.ogc.osd.mil/Industrial-Security-Program/Industrial-Security-Clearance-Decisions/ISCR-Hearing-Decisions/Archived-ISCR-Hearing-Decisions/2016-and-Prior-ISCR-Hearing-Decisions-8/FileId/134850/
11-00455,appeal,true_duplicate_deleted,byte-identical full_text; discarded source_url: https://doha.ogc.osd.mil/Industrial-Security-Program/Industrial-Security-Clearance-Decisions/ISCR-Hearing-Decisions/Archived-ISCR-Hearing-Decisions/2016-and-Prior-ISCR-Hearing-Decisions-8/FileId/134860/
11-00421,appeal,true_duplicate_deleted,byte-identical full_text; discarded source_url: https://doha.ogc.osd.mil/Industrial-Security-Program/Industrial-Security-Clearance-Decisions/ISCR-Hearing-Decisions/Archived-ISCR-Hearing-Decisions/2016-and-Prior-ISCR-Hearing-Decisions-8/FileId/134853/
11-00533,appeal,true_duplicate_deleted,byte-identical full_text; discarded source_url: https://doha.ogc.osd.mil/Industrial-Security-Program/Industrial-Security-Clearance-Decisions/ISCR-Hearing-Decisions/Archived-ISCR-Hearing-Decisions/2016-and-Prior-ISCR-Hearing-Decisions-8/FileId/134868/
11-00541,appeal,true_duplicate_deleted,byte-identical full_text; discarded source_url: https://doha.ogc.osd.mil/Industrial-Security-Program/Industrial-Security-Clearance-Decisions/ISCR-Hearing-Decisions/Archived-ISCR-Hearing-Decisions/2016-and-Prior-ISCR-Hearing-Decisions-8/FileId/134871/
11-00542,appeal,true_duplicate_deleted,byte-identical full_text; discarded source_url: https://doha.ogc.osd.mil/Industrial-Security-Program/Industrial-Security-Clearance-Decisions/ISCR-Hearing-Decisions/Archived-ISCR-Hearing-Decisions/2016-and-Prior-ISCR-Hearing-Decisions-8/FileId/134872/
11-00771,appeal,true_duplicate_deleted,byte-identical full_text; discarded source_url: https://doha.ogc.osd.mil/Industrial-Security-Program/Industrial-Security-Clearance-Decisions/ISCR-Hearing-Decisions/Archived-ISCR-Hearing-Decisions/2016-and-Prior-ISCR-Hearing-Decisions-8/FileId/134896/
11-00786,appeal,true_duplicate_deleted,byte-identical full_text; discarded source_url: https://doha.ogc.osd.mil/Industrial-Security-Program/Industrial-Security-Clearance-Decisions/ISCR-Hearing-Decisions/Archived-ISCR-Hearing-Decisions/2016-and-Prior-ISCR-Hearing-Decisions-8/FileId/134900/
11-00801,appeal,true_duplicate_deleted,byte-identical full_text; discarded source_url: https://doha.ogc.osd.mil/Industrial-Security-Program/Industrial-Security-Clearance-Decisions/ISCR-Hearing-Decisions/Archived-ISCR-Hearing-Decisions/2016-and-Prior-ISCR-Hearing-Decisions-8/FileId/134901/
11-00970,appeal,true_duplicate_deleted,byte-identical full_text; discarded source_url: https://doha.ogc.osd.mil/Industrial-Security-Program/Industrial-Security-Clearance-Decisions/ISCR-Hearing-Decisions/Archived-ISCR-Hearing-Decisions/2016-and-Prior-ISCR-Hearing-Decisions-8/FileId/134911/
11-00982,appeal,true_duplicate_deleted,byte-identical full_text; discarded source_url: https://doha.ogc.osd.mil/Industrial-Security-Program/Industrial-Security-Clearance-Decisions/ISCR-Hearing-Decisions/Archived-ISCR-Hearing-Decisions/2016-and-Prior-ISCR-Hearing-Decisions-8/FileId/134916/
11-01027,appeal,true_duplicate_deleted,byte-identical full_text; discarded source_url: https://doha.ogc.osd.mil/Industrial-Security-Program/Industrial-Security-Clearance-Decisions/ISCR-Hearing-Decisions/Archived-ISCR-Hearing-Decisions/2016-and-Prior-ISCR-Hearing-Decisions-8/FileId/134922/
11-01085,appeal,true_duplicate_deleted,byte-identical full_text; discarded source_url: https://doha.ogc.osd.mil/Industrial-Security-Program/Industrial-Security-Clearance-Decisions/ISCR-Hearing-Decisions/Archived-ISCR-Hearing-Decisions/2016-and-Prior-ISCR-Hearing-Decisions-8/FileId/134933/
11-01259,appeal,true_duplicate_deleted,byte-identical full_text; discarded source_url: https://doha.ogc.osd.mil/Industrial-Security-Program/Industrial-Security-Clearance-Decisions/ISCR-Hearing-Decisions/Archived-ISCR-Hearing-Decisions/2016-and-Prior-ISCR-Hearing-Decisions-8/FileId/134942/
11-01355,appeal,true_duplicate_deleted,byte-identical full_text; discarded source_url: https://doha.ogc.osd.mil/Industrial-Security-Program/Industrial-Security-Clearance-Decisions/ISCR-Hearing-Decisions/Archived-ISCR-Hearing-Decisions/2016-and-Prior-ISCR-Hearing-Decisions-8/FileId/134955/
11-01380,appeal,true_duplicate_deleted,byte-identical full_text; discarded source_url: https://doha.ogc.osd.mil/Industrial-Security-Program/Industrial-Security-Clearance-Decisions/ISCR-Hearing-Decisions/Archived-ISCR-Hearing-Decisions/2016-and-Prior-ISCR-Hearing-Decisions-8/FileId/134958/
11-01393,appeal,true_duplicate_deleted,byte-identical full_text; discarded source_url: https://doha.ogc.osd.mil/Industrial-Security-Program/Industrial-Security-Clearance-Decisions/ISCR-Hearing-Decisions/Archived-ISCR-Hearing-Decisions/2016-and-Prior-ISCR-Hearing-Decisions-8/FileId/134961/
11-01455,appeal,true_duplicate_deleted,byte-identical full_text; discarded source_url: https://doha.ogc.osd.mil/Industrial-Security-Program/Industrial-Security-Clearance-Decisions/ISCR-Hearing-Decisions/Archived-ISCR-Hearing-Decisions/2016-and-Prior-ISCR-Hearing-Decisions-8/FileId/134966/
11-01470,appeal,true_duplicate_deleted,byte-identical full_text; discarded source_url: https://doha.ogc.osd.mil/Industrial-Security-Program/Industrial-Security-Clearance-Decisions/ISCR-Hearing-Decisions/Archived-ISCR-Hearing-Decisions/2016-and-Prior-ISCR-Hearing-Decisions-8/FileId/134971/
11-01618,appeal,true_duplicate_deleted,byte-identical full_text; discarded source_url: https://doha.ogc.osd.mil/Industrial-Security-Program/Industrial-Security-Clearance-Decisions/ISCR-Hearing-Decisions/Archived-ISCR-Hearing-Decisions/2016-and-Prior-ISCR-Hearing-Decisions-8/FileId/134988/
11-01888,appeal,true_duplicate_deleted,byte-identical full_text; discarded source_url: https://doha.ogc.osd.mil/Industrial-Security-Program/Industrial-Security-Clearance-Decisions/ISCR-Hearing-Decisions/Archived-ISCR-Hearing-Decisions/2016-and-Prior-ISCR-Hearing-Decisions-8/FileId/135010/
11-01920,appeal,true_duplicate_deleted,byte-identical full_text; discarded source_url: https://doha.ogc.osd.mil/Industrial-Security-Program/Industrial-Security-Clearance-Decisions/ISCR-Hearing-Decisions/Archived-ISCR-Hearing-Decisions/2016-and-Prior-ISCR-Hearing-Decisions-8/FileId/135016/
11-01671,appeal,true_duplicate_deleted,byte-identical full_text; discarded source_url: https://doha.ogc.osd.mil/Industrial-Security-Program/Industrial-Security-Clearance-Decisions/ISCR-Hearing-Decisions/Archived-ISCR-Hearing-Decisions/2016-and-Prior-ISCR-Hearing-Decisions-8/FileId/134994/
11-02087,appeal,true_duplicate_deleted,byte-identical full_text; discarded source_url: https://doha.ogc.osd.mil/Industrial-Security-Program/Industrial-Security-Clearance-Decisions/ISCR-Hearing-Decisions/Archived-ISCR-Hearing-Decisions/2016-and-Prior-ISCR-Hearing-Decisions-8/FileId/135038/
11-02234,appeal,true_duplicate_deleted,byte-identical full_text; discarded source_url: https://doha.ogc.osd.mil/Industrial-Security-Program/Industrial-Security-Clearance-Decisions/ISCR-Hearing-Decisions/Archived-ISCR-Hearing-Decisions/2016-and-Prior-ISCR-Hearing-Decisions-8/FileId/135052/
11-02253,appeal,true_duplicate_deleted,byte-identical full_text; discarded source_url: https://doha.ogc.osd.mil/Industrial-Security-Program/Industrial-Security-Clearance-Decisions/ISCR-Hearing-Decisions/Archived-ISCR-Hearing-Decisions/2016-and-Prior-ISCR-Hearing-Decisions-8/FileId/135054/
11-02320,appeal,true_duplicate_deleted,byte-identical full_text; discarded source_url: https://doha.ogc.osd.mil/Industrial-Security-Program/Industrial-Security-Clearance-Decisions/ISCR-Hearing-Decisions/Archived-ISCR-Hearing-Decisions/2016-and-Prior-ISCR-Hearing-Decisions-8/FileId/135061/
11-02311,appeal,true_duplicate_deleted,byte-identical full_text; discarded source_url: https://doha.ogc.osd.mil/Industrial-Security-Program/Industrial-Security-Clearance-Decisions/ISCR-Hearing-Decisions/Archived-ISCR-Hearing-Decisions/2016-and-Prior-ISCR-Hearing-Decisions-8/FileId/135059/
11-02441,appeal,true_duplicate_deleted,byte-identical full_text; discarded source_url: https://doha.ogc.osd.mil/Industrial-Security-Program/Industrial-Security-Clearance-Decisions/ISCR-Hearing-Decisions/Archived-ISCR-Hearing-Decisions/2016-and-Prior-ISCR-Hearing-Decisions-8/FileId/135071/
11-02476,appeal,true_duplicate_deleted,byte-identical full_text; discarded source_url: https://doha.ogc.osd.mil/Industrial-Security-Program/Industrial-Security-Clearance-Decisions/ISCR-Hearing-Decisions/Archived-ISCR-Hearing-Decisions/2016-and-Prior-ISCR-Hearing-Decisions-8/FileId/135074/
11-02512,appeal,true_duplicate_deleted,byte-identical full_text; discarded source_url: https://doha.ogc.osd.mil/Industrial-Security-Program/Industrial-Security-Clearance-Decisions/ISCR-Hearing-Decisions/Archived-ISCR-Hearing-Decisions/2016-and-Prior-ISCR-Hearing-Decisions-8/FileId/135081/
11-02842,appeal,true_duplicate_deleted,byte-identical full_text; discarded source_url: https://doha.ogc.osd.mil/Industrial-Security-Program/Industrial-Security-Clearance-Decisions/ISCR-Hearing-Decisions/Archived-ISCR-Hearing-Decisions/2016-and-Prior-ISCR-Hearing-Decisions-8/FileId/135112/
11-03025,appeal,true_duplicate_deleted,byte-identical full_text; discarded source_url: https://doha.ogc.osd.mil/Industrial-Security-Program/Industrial-Security-Clearance-Decisions/ISCR-Hearing-Decisions/Archived-ISCR-Hearing-Decisions/2016-and-Prior-ISCR-Hearing-Decisions-8/FileId/135129/
11-03253,appeal,true_duplicate_deleted,byte-identical full_text; discarded source_url: https://doha.ogc.osd.mil/Industrial-Security-Program/Industrial-Security-Clearance-Decisions/ISCR-Hearing-Decisions/Archived-ISCR-Hearing-Decisions/2016-and-Prior-ISCR-Hearing-Decisions-8/FileId/135162/
11-03294,appeal,true_duplicate_deleted,byte-identical full_text; discarded source_url: https://doha.ogc.osd.mil/Industrial-Security-Program/Industrial-Security-Clearance-Decisions/ISCR-Hearing-Decisions/Archived-ISCR-Hearing-Decisions/2016-and-Prior-ISCR-Hearing-Decisions-8/FileId/135173/
11-03302,appeal,true_duplicate_deleted,byte-identical full_text; discarded source_url: https://doha.ogc.osd.mil/Industrial-Security-Program/Industrial-Security-Clearance-Decisions/ISCR-Hearing-Decisions/Archived-ISCR-Hearing-Decisions/2016-and-Prior-ISCR-Hearing-Decisions-8/FileId/135177/
11-03402,appeal,true_duplicate_deleted,byte-identical full_text; discarded source_url: https://doha.ogc.osd.mil/Industrial-Security-Program/Industrial-Security-Clearance-Decisions/ISCR-Hearing-Decisions/Archived-ISCR-Hearing-Decisions/2016-and-Prior-ISCR-Hearing-Decisions-8/FileId/135187/
11-03403,appeal,true_duplicate_deleted,byte-identical full_text; discarded source_url: https://doha.ogc.osd.mil/Industrial-Security-Program/Industrial-Security-Clearance-Decisions/ISCR-Hearing-Decisions/Archived-ISCR-Hearing-Decisions/2016-and-Prior-ISCR-Hearing-Decisions-8/FileId/135191/
11-03433,appeal,true_duplicate_deleted,byte-identical full_text; discarded source_url: https://doha.ogc.osd.mil/Industrial-Security-Program/Industrial-Security-Clearance-Decisions/ISCR-Hearing-Decisions/Archived-ISCR-Hearing-Decisions/2016-and-Prior-ISCR-Hearing-Decisions-8/FileId/135197/
11-03452,appeal,true_duplicate_deleted,byte-identical full_text; discarded source_url: https://doha.ogc.osd.mil/Industrial-Security-Program/Industrial-Security-Clearance-Decisions/ISCR-Hearing-Decisions/Archived-ISCR-Hearing-Decisions/2016-and-Prior-ISCR-Hearing-Decisions-8/FileId/135203/
11-03476,appeal,true_duplicate_deleted,byte-identical full_text; discarded source_url: https://doha.ogc.osd.mil/Industrial-Security-Program/Industrial-Security-Clearance-Decisions/ISCR-Hearing-Decisions/Archived-ISCR-Hearing-Decisions/2016-and-Prior-ISCR-Hearing-Decisions-8/FileId/135204/
11-03500,appeal,true_duplicate_deleted,byte-identical full_text; discarded source_url: https://doha.ogc.osd.mil/Industrial-Security-Program/Industrial-Security-Clearance-Decisions/ISCR-Hearing-Decisions/Archived-ISCR-Hearing-Decisions/2016-and-Prior-ISCR-Hearing-Decisions-8/FileId/135209/
11-03755,appeal,true_duplicate_deleted,byte-identical full_text; discarded source_url: https://doha.ogc.osd.mil/Industrial-Security-Program/Industrial-Security-Clearance-Decisions/ISCR-Hearing-Decisions/Archived-ISCR-Hearing-Decisions/2016-and-Prior-ISCR-Hearing-Decisions-8/FileId/135230/
11-03623,appeal,true_duplicate_deleted,byte-identical full_text; discarded source_url: https://doha.ogc.osd.mil/Industrial-Security-Program/Industrial-Security-Clearance-Decisions/ISCR-Hearing-Decisions/Archived-ISCR-Hearing-Decisions/2016-and-Prior-ISCR-Hearing-Decisions-8/FileId/135221/
11-03909,appeal,true_duplicate_deleted,byte-identical full_text; discarded source_url: https://doha.ogc.osd.mil/Industrial-Security-Program/Industrial-Security-Clearance-Decisions/ISCR-Hearing-Decisions/Archived-ISCR-Hearing-Decisions/2016-and-Prior-ISCR-Hearing-Decisions-8/FileId/135243/
11-04085,appeal,true_duplicate_deleted,byte-identical full_text; discarded source_url: https://doha.ogc.osd.mil/Industrial-Security-Program/Industrial-Security-Clearance-Decisions/ISCR-Hearing-Decisions/Archived-ISCR-Hearing-Decisions/2016-and-Prior-ISCR-Hearing-Decisions-8/FileId/135256/
11-04088,appeal,true_duplicate_deleted,byte-identical full_text; discarded source_url: https://doha.ogc.osd.mil/Industrial-Security-Program/Industrial-Security-Clearance-Decisions/ISCR-Hearing-Decisions/Archived-ISCR-Hearing-Decisions/2016-and-Prior-ISCR-Hearing-Decisions-8/FileId/135259/
11-04176,appeal,true_duplicate_deleted,byte-identical full_text; discarded source_url: https://doha.ogc.osd.mil/Industrial-Security-Program/Industrial-Security-Clearance-Decisions/ISCR-Hearing-Decisions/Archived-ISCR-Hearing-Decisions/2016-and-Prior-ISCR-Hearing-Decisions-8/FileId/135268/
11-04287,appeal,true_duplicate_deleted,byte-identical full_text; discarded source_url: https://doha.ogc.osd.mil/Industrial-Security-Program/Industrial-Security-Clearance-Decisions/ISCR-Hearing-Decisions/Archived-ISCR-Hearing-Decisions/2016-and-Prior-ISCR-Hearing-Decisions-8/FileId/135278/
11-04339,appeal,true_duplicate_deleted,byte-identical full_text; discarded source_url: https://doha.ogc.osd.mil/Industrial-Security-Program/Industrial-Security-Clearance-Decisions/ISCR-Hearing-Decisions/Archived-ISCR-Hearing-Decisions/2016-and-Prior-ISCR-Hearing-Decisions-8/FileId/135284/
11-04418,appeal,true_duplicate_deleted,byte-identical full_text; discarded source_url: https://doha.ogc.osd.mil/Industrial-Security-Program/Industrial-Security-Clearance-Decisions/ISCR-Hearing-Decisions/Archived-ISCR-Hearing-Decisions/2016-and-Prior-ISCR-Hearing-Decisions-8/FileId/135295/
11-04395,appeal,true_duplicate_deleted,byte-identical full_text; discarded source_url: https://doha.ogc.osd.mil/Industrial-Security-Program/Industrial-Security-Clearance-Decisions/ISCR-Hearing-Decisions/Archived-ISCR-Hearing-Decisions/2016-and-Prior-ISCR-Hearing-Decisions-8/FileId/135292/
11-04520,appeal,true_duplicate_deleted,byte-identical full_text; discarded source_url: https://doha.ogc.osd.mil/Industrial-Security-Program/Industrial-Security-Clearance-Decisions/ISCR-Hearing-Decisions/Archived-ISCR-Hearing-Decisions/2016-and-Prior-ISCR-Hearing-Decisions-8/FileId/135309/
11-04742,appeal,true_duplicate_deleted,byte-identical full_text; discarded source_url: https://doha.ogc.osd.mil/Industrial-Security-Program/Industrial-Security-Clearance-Decisions/ISCR-Hearing-Decisions/Archived-ISCR-Hearing-Decisions/2016-and-Prior-ISCR-Hearing-Decisions-8/FileId/135327/
11-04879,appeal,true_duplicate_deleted,byte-identical full_text; discarded source_url: https://doha.ogc.osd.mil/Industrial-Security-Program/Industrial-Security-Clearance-Decisions/ISCR-Hearing-Decisions/Archived-ISCR-Hearing-Decisions/2016-and-Prior-ISCR-Hearing-Decisions-8/FileId/135342/
11-04980,appeal,true_duplicate_deleted,byte-identical full_text; discarded source_url: https://doha.ogc.osd.mil/Industrial-Security-Program/Industrial-Security-Clearance-Decisions/ISCR-Hearing-Decisions/Archived-ISCR-Hearing-Decisions/2016-and-Prior-ISCR-Hearing-Decisions-8/FileId/135354/
11-04981,appeal,true_duplicate_deleted,byte-identical full_text; discarded source_url: https://doha.ogc.osd.mil/Industrial-Security-Program/Industrial-Security-Clearance-Decisions/ISCR-Hearing-Decisions/Archived-ISCR-Hearing-Decisions/2016-and-Prior-ISCR-Hearing-Decisions-8/FileId/135355/
11-05027,appeal,true_duplicate_deleted,byte-identical full_text; discarded source_url: https://doha.ogc.osd.mil/Industrial-Security-Program/Industrial-Security-Clearance-Decisions/ISCR-Hearing-Decisions/Archived-ISCR-Hearing-Decisions/2016-and-Prior-ISCR-Hearing-Decisions-8/FileId/135360/
11-05079,appeal,true_duplicate_deleted,byte-identical full_text; discarded source_url: https://doha.ogc.osd.mil/Industrial-Security-Program/Industrial-Security-Clearance-Decisions/ISCR-Hearing-Decisions/Archived-ISCR-Hearing-Decisions/2016-and-Prior-ISCR-Hearing-Decisions-8/FileId/135361/
11-05217,appeal,true_duplicate_deleted,byte-identical full_text; discarded source_url: https://doha.ogc.osd.mil/Industrial-Security-Program/Industrial-Security-Clearance-Decisions/ISCR-Hearing-Decisions/Archived-ISCR-Hearing-Decisions/2016-and-Prior-ISCR-Hearing-Decisions-8/FileId/135370/
11-05401,appeal,true_duplicate_deleted,byte-identical full_text; discarded source_url: https://doha.ogc.osd.mil/Industrial-Security-Program/Industrial-Security-Clearance-Decisions/ISCR-Hearing-Decisions/Archived-ISCR-Hearing-Decisions/2016-and-Prior-ISCR-Hearing-Decisions-8/FileId/135391/
11-05365,appeal,true_duplicate_deleted,byte-identical full_text; discarded source_url: https://doha.ogc.osd.mil/Industrial-Security-Program/Industrial-Security-Clearance-Decisions/ISCR-Hearing-Decisions/Archived-ISCR-Hearing-Decisions/2016-and-Prior-ISCR-Hearing-Decisions-8/FileId/135390/
11-05490,appeal,true_duplicate_deleted,byte-identical full_text; discarded source_url: https://doha.ogc.osd.mil/Industrial-Security-Program/Industrial-Security-Clearance-Decisions/ISCR-Hearing-Decisions/Archived-ISCR-Hearing-Decisions/2016-and-Prior-ISCR-Hearing-Decisions-8/FileId/135400/
11-05492,appeal,true_duplicate_deleted,byte-identical full_text; discarded source_url: https://doha.ogc.osd.mil/Industrial-Security-Program/Industrial-Security-Clearance-Decisions/ISCR-Hearing-Decisions/Archived-ISCR-Hearing-Decisions/2016-and-Prior-ISCR-Hearing-Decisions-8/FileId/135403/
11-05512,appeal,true_duplicate_deleted,byte-identical full_text; discarded source_url: https://doha.ogc.osd.mil/Industrial-Security-Program/Industrial-Security-Clearance-Decisions/ISCR-Hearing-Decisions/Archived-ISCR-Hearing-Decisions/2016-and-Prior-ISCR-Hearing-Decisions-8/FileId/135406/
11-05684,appeal,true_duplicate_deleted,byte-identical full_text; discarded source_url: https://doha.ogc.osd.mil/Industrial-Security-Program/Industrial-Security-Clearance-Decisions/ISCR-Hearing-Decisions/Archived-ISCR-Hearing-Decisions/2016-and-Prior-ISCR-Hearing-Decisions-8/FileId/135417/
11-05685,appeal,true_duplicate_deleted,byte-identical full_text; discarded source_url: https://doha.ogc.osd.mil/Industrial-Security-Program/Industrial-Security-Clearance-Decisions/ISCR-Hearing-Decisions/Archived-ISCR-Hearing-Decisions/2016-and-Prior-ISCR-Hearing-Decisions-8/FileId/135420/
11-05726,appeal,true_duplicate_deleted,byte-identical full_text; discarded source_url: https://doha.ogc.osd.mil/Industrial-Security-Program/Industrial-Security-Clearance-Decisions/ISCR-Hearing-Decisions/Archived-ISCR-Hearing-Decisions/2016-and-Prior-ISCR-Hearing-Decisions-8/FileId/135422/
11-05949,appeal,true_duplicate_deleted,byte-identical full_text; discarded source_url: https://doha.ogc.osd.mil/Industrial-Security-Program/Industrial-Security-Clearance-Decisions/ISCR-Hearing-Decisions/Archived-ISCR-Hearing-Decisions/2016-and-Prior-ISCR-Hearing-Decisions-8/FileId/135446/
11-06157,appeal,true_duplicate_deleted,byte-identical full_text; discarded source_url: https://doha.ogc.osd.mil/Industrial-Security-Program/Industrial-Security-Clearance-Decisions/ISCR-Hearing-Decisions/Archived-ISCR-Hearing-Decisions/2016-and-Prior-ISCR-Hearing-Decisions-8/FileId/135465/
11-05994,appeal,true_duplicate_deleted,byte-identical full_text; discarded source_url: https://doha.ogc.osd.mil/Industrial-Security-Program/Industrial-Security-Clearance-Decisions/ISCR-Hearing-Decisions/Archived-ISCR-Hearing-Decisions/2016-and-Prior-ISCR-Hearing-Decisions-8/FileId/135449/
11-06549,appeal,true_duplicate_deleted,byte-identical full_text; discarded source_url: https://doha.ogc.osd.mil/Industrial-Security-Program/Industrial-Security-Clearance-Decisions/ISCR-Hearing-Decisions/Archived-ISCR-Hearing-Decisions/2016-and-Prior-ISCR-Hearing-Decisions-8/FileId/135512/
11-06619,appeal,true_duplicate_deleted,byte-identical full_text; discarded source_url: https://doha.ogc.osd.mil/Industrial-Security-Program/Industrial-Security-Clearance-Decisions/ISCR-Hearing-Decisions/Archived-ISCR-Hearing-Decisions/2016-and-Prior-ISCR-Hearing-Decisions-8/FileId/135521/
11-06649,appeal,true_duplicate_deleted,byte-identical full_text; discarded source_url: https://doha.ogc.osd.mil/Industrial-Security-Program/Industrial-Security-Clearance-Decisions/ISCR-Hearing-Decisions/Archived-ISCR-Hearing-Decisions/2016-and-Prior-ISCR-Hearing-Decisions-8/FileId/135528/
11-06622,appeal,true_duplicate_deleted,byte-identical full_text; discarded source_url: https://doha.ogc.osd.mil/Industrial-Security-Program/Industrial-Security-Clearance-Decisions/ISCR-Hearing-Decisions/Archived-ISCR-Hearing-Decisions/2016-and-Prior-ISCR-Hearing-Decisions-8/FileId/135524/
11-06659,appeal,true_duplicate_deleted,byte-identical full_text; discarded source_url: https://doha.ogc.osd.mil/Industrial-Security-Program/Industrial-Security-Clearance-Decisions/ISCR-Hearing-Decisions/Archived-ISCR-Hearing-Decisions/2016-and-Prior-ISCR-Hearing-Decisions-8/FileId/135531/
11-06688,appeal,true_duplicate_deleted,byte-identical full_text; discarded source_url: https://doha.ogc.osd.mil/Industrial-Security-Program/Industrial-Security-Clearance-Decisions/ISCR-Hearing-Decisions/Archived-ISCR-Hearing-Decisions/2016-and-Prior-ISCR-Hearing-Decisions-8/FileId/135535/
11-06804,appeal,true_duplicate_deleted,byte-identical full_text; discarded source_url: https://doha.ogc.osd.mil/Industrial-Security-Program/Industrial-Security-Clearance-Decisions/ISCR-Hearing-Decisions/Archived-ISCR-Hearing-Decisions/2016-and-Prior-ISCR-Hearing-Decisions-8/FileId/135548/
11-06839,appeal,true_duplicate_deleted,byte-identical full_text; discarded source_url: https://doha.ogc.osd.mil/Industrial-Security-Program/Industrial-Security-Clearance-Decisions/ISCR-Hearing-Decisions/Archived-ISCR-Hearing-Decisions/2016-and-Prior-ISCR-Hearing-Decisions-8/FileId/135554/
11-06925,appeal,true_duplicate_deleted,byte-identical full_text; discarded source_url: https://doha.ogc.osd.mil/Industrial-Security-Program/Industrial-Security-Clearance-Decisions/ISCR-Hearing-Decisions/Archived-ISCR-Hearing-Decisions/2016-and-Prior-ISCR-Hearing-Decisions-8/FileId/135559/
11-06937,appeal,true_duplicate_deleted,byte-identical full_text; discarded source_url: https://doha.ogc.osd.mil/Industrial-Security-Program/Industrial-Security-Clearance-Decisions/ISCR-Hearing-Decisions/Archived-ISCR-Hearing-Decisions/2016-and-Prior-ISCR-Hearing-Decisions-8/FileId/135564/
11-06939,appeal,true_duplicate_deleted,byte-identical full_text; discarded source_url: https://doha.ogc.osd.mil/Industrial-Security-Program/Industrial-Security-Clearance-Decisions/ISCR-Hearing-Decisions/Archived-ISCR-Hearing-Decisions/2016-and-Prior-ISCR-Hearing-Decisions-8/FileId/135565/
11-07094,appeal,true_duplicate_deleted,byte-identical full_text; discarded source_url: https://doha.ogc.osd.mil/Industrial-Security-Program/Industrial-Security-Clearance-Decisions/ISCR-Hearing-Decisions/Archived-ISCR-Hearing-Decisions/2016-and-Prior-ISCR-Hearing-Decisions-8/FileId/135578/
11-07169,appeal,true_duplicate_deleted,byte-identical full_text; discarded source_url: https://doha.ogc.osd.mil/Industrial-Security-Program/Industrial-Security-Clearance-Decisions/ISCR-Hearing-Decisions/Archived-ISCR-Hearing-Decisions/2016-and-Prior-ISCR-Hearing-Decisions-8/FileId/135586/
11-07346,appeal,true_duplicate_deleted,byte-identical full_text; discarded source_url: https://doha.ogc.osd.mil/Industrial-Security-Program/Industrial-Security-Clearance-Decisions/ISCR-Hearing-Decisions/Archived-ISCR-Hearing-Decisions/2016-and-Prior-ISCR-Hearing-Decisions-8/FileId/135603/
11-07447,appeal,true_duplicate_deleted,byte-identical full_text; discarded source_url: https://doha.ogc.osd.mil/Industrial-Security-Program/Industrial-Security-Clearance-Decisions/ISCR-Hearing-Decisions/Archived-ISCR-Hearing-Decisions/2016-and-Prior-ISCR-Hearing-Decisions-8/FileId/135618/
11-07194,appeal,true_duplicate_deleted,byte-identical full_text; discarded source_url: https://doha.ogc.osd.mil/Industrial-Security-Program/Industrial-Security-Clearance-Decisions/ISCR-Hearing-Decisions/Archived-ISCR-Hearing-Decisions/2016-and-Prior-ISCR-Hearing-Decisions-8/FileId/135590/
11-07502,appeal,true_duplicate_deleted,byte-identical full_text; discarded source_url: https://doha.ogc.osd.mil/Industrial-Security-Program/Industrial-Security-Clearance-Decisions/ISCR-Hearing-Decisions/Archived-ISCR-Hearing-Decisions/2016-and-Prior-ISCR-Hearing-Decisions-8/FileId/135624/
11-07666,appeal,true_duplicate_deleted,byte-identical full_text; discarded source_url: https://doha.ogc.osd.mil/Industrial-Security-Program/Industrial-Security-Clearance-Decisions/ISCR-Hearing-Decisions/Archived-ISCR-Hearing-Decisions/2016-and-Prior-ISCR-Hearing-Decisions-8/FileId/135641/
11-07509,appeal,true_duplicate_deleted,byte-identical full_text; discarded source_url: https://doha.ogc.osd.mil/Industrial-Security-Program/Industrial-Security-Clearance-Decisions/ISCR-Hearing-Decisions/Archived-ISCR-Hearing-Decisions/2016-and-Prior-ISCR-Hearing-Decisions-8/FileId/135628/
11-07747,appeal,true_duplicate_deleted,byte-identical full_text; discarded source_url: https://doha.ogc.osd.mil/Industrial-Security-Program/Industrial-Security-Clearance-Decisions/ISCR-Hearing-Decisions/Archived-ISCR-Hearing-Decisions/2016-and-Prior-ISCR-Hearing-Decisions-8/FileId/135646/
11-07810,appeal,true_duplicate_deleted,byte-identical full_text; discarded source_url: https://doha.ogc.osd.mil/Industrial-Security-Program/Industrial-Security-Clearance-Decisions/ISCR-Hearing-Decisions/Archived-ISCR-Hearing-Decisions/2016-and-Prior-ISCR-Hearing-Decisions-8/FileId/135659/
11-07780,appeal,true_duplicate_deleted,byte-identical full_text; discarded source_url: https://doha.ogc.osd.mil/Industrial-Security-Program/Industrial-Security-Clearance-Decisions/ISCR-Hearing-Decisions/Archived-ISCR-Hearing-Decisions/2016-and-Prior-ISCR-Hearing-Decisions-8/FileId/135652/
11-07821,appeal,true_duplicate_deleted,byte-identical full_text; discarded source_url: https://doha.ogc.osd.mil/Industrial-Security-Program/Industrial-Security-Clearance-Decisions/ISCR-Hearing-Decisions/Archived-ISCR-Hearing-Decisions/2016-and-Prior-ISCR-Hearing-Decisions-8/FileId/135662/
11-08063,appeal,true_duplicate_deleted,byte-identical full_text; discarded source_url: https://doha.ogc.osd.mil/Industrial-Security-Program/Industrial-Security-Clearance-Decisions/ISCR-Hearing-Decisions/Archived-ISCR-Hearing-Decisions/2016-and-Prior-ISCR-Hearing-Decisions-8/FileId/135670/
11-08087,appeal,true_duplicate_deleted,byte-identical full_text; discarded source_url: https://doha.ogc.osd.mil/Industrial-Security-Program/Industrial-Security-Clearance-Decisions/ISCR-Hearing-Decisions/Archived-ISCR-Hearing-Decisions/2016-and-Prior-ISCR-Hearing-Decisions-8/FileId/135677/
11-08118,appeal,true_duplicate_deleted,byte-identical full_text; discarded source_url: https://doha.ogc.osd.mil/Industrial-Security-Program/Industrial-Security-Clearance-Decisions/ISCR-Hearing-Decisions/Archived-ISCR-Hearing-Decisions/2016-and-Prior-ISCR-Hearing-Decisions-8/FileId/135681/
11-08271,appeal,true_duplicate_deleted,byte-identical full_text; discarded source_url: https://doha.ogc.osd.mil/Industrial-Security-Program/Industrial-Security-Clearance-Decisions/ISCR-Hearing-Decisions/Archived-ISCR-Hearing-Decisions/2016-and-Prior-ISCR-Hearing-Decisions-8/FileId/135695/
11-08274,appeal,true_duplicate_deleted,byte-identical full_text; discarded source_url: https://doha.ogc.osd.mil/Industrial-Security-Program/Industrial-Security-Clearance-Decisions/ISCR-Hearing-Decisions/Archived-ISCR-Hearing-Decisions/2016-and-Prior-ISCR-Hearing-Decisions-8/FileId/135696/
11-08507,appeal,true_duplicate_deleted,byte-identical full_text; discarded source_url: https://doha.ogc.osd.mil/Industrial-Security-Program/Industrial-Security-Clearance-Decisions/ISCR-Hearing-Decisions/Archived-ISCR-Hearing-Decisions/2016-and-Prior-ISCR-Hearing-Decisions-8/FileId/135722/
11-08541,appeal,true_duplicate_deleted,byte-identical full_text; discarded source_url: https://doha.ogc.osd.mil/Industrial-Security-Program/Industrial-Security-Clearance-Decisions/ISCR-Hearing-Decisions/Archived-ISCR-Hearing-Decisions/2016-and-Prior-ISCR-Hearing-Decisions-8/FileId/135725/
11-08679,appeal,true_duplicate_deleted,byte-identical full_text; discarded source_url: https://doha.ogc.osd.mil/Industrial-Security-Program/Industrial-Security-Clearance-Decisions/ISCR-Hearing-Decisions/Archived-ISCR-Hearing-Decisions/2016-and-Prior-ISCR-Hearing-Decisions-9/FileId/135744/
11-08546,appeal,true_duplicate_deleted,byte-identical full_text; discarded source_url: https://doha.ogc.osd.mil/Industrial-Security-Program/Industrial-Security-Clearance-Decisions/ISCR-Hearing-Decisions/Archived-ISCR-Hearing-Decisions/2016-and-Prior-ISCR-Hearing-Decisions-8/FileId/135726/
11-08714,appeal,true_duplicate_deleted,byte-identical full_text; discarded source_url: https://doha.ogc.osd.mil/Industrial-Security-Program/Industrial-Security-Clearance-Decisions/ISCR-Hearing-Decisions/Archived-ISCR-Hearing-Decisions/2016-and-Prior-ISCR-Hearing-Decisions-9/FileId/135748/
11-08747,appeal,true_duplicate_deleted,byte-identical full_text; discarded source_url: https://doha.ogc.osd.mil/Industrial-Security-Program/Industrial-Security-Clearance-Decisions/ISCR-Hearing-Decisions/Archived-ISCR-Hearing-Decisions/2016-and-Prior-ISCR-Hearing-Decisions-9/FileId/135754/
11-08831,appeal,true_duplicate_deleted,byte-identical full_text; discarded source_url: https://doha.ogc.osd.mil/Industrial-Security-Program/Industrial-Security-Clearance-Decisions/ISCR-Hearing-Decisions/Archived-ISCR-Hearing-Decisions/2016-and-Prior-ISCR-Hearing-Decisions-9/FileId/135761/
11-08844,appeal,true_duplicate_deleted,byte-identical full_text; discarded source_url: https://doha.ogc.osd.mil/Industrial-Security-Program/Industrial-Security-Clearance-Decisions/ISCR-Hearing-Decisions/Archived-ISCR-Hearing-Decisions/2016-and-Prior-ISCR-Hearing-Decisions-9/FileId/135765/
11-08849,appeal,true_duplicate_deleted,byte-identical full_text; discarded source_url: https://doha.ogc.osd.mil/Industrial-Security-Program/Industrial-Security-Clearance-Decisions/ISCR-Hearing-Decisions/Archived-ISCR-Hearing-Decisions/2016-and-Prior-ISCR-Hearing-Decisions-9/FileId/135767/
11-08981,appeal,true_duplicate_deleted,byte-identical full_text; discarded source_url: https://doha.ogc.osd.mil/Industrial-Security-Program/Industrial-Security-Clearance-Decisions/ISCR-Hearing-Decisions/Archived-ISCR-Hearing-Decisions/2016-and-Prior-ISCR-Hearing-Decisions-9/FileId/135778/
11-09056,appeal,true_duplicate_deleted,byte-identical full_text; discarded source_url: https://doha.ogc.osd.mil/Industrial-Security-Program/Industrial-Security-Clearance-Decisions/ISCR-Hearing-Decisions/Archived-ISCR-Hearing-Decisions/2016-and-Prior-ISCR-Hearing-Decisions-9/FileId/135791/
11-09060,appeal,true_duplicate_deleted,byte-identical full_text; discarded source_url: https://doha.ogc.osd.mil/Industrial-Security-Program/Industrial-Security-Clearance-Decisions/ISCR-Hearing-Decisions/Archived-ISCR-Hearing-Decisions/2016-and-Prior-ISCR-Hearing-Decisions-9/FileId/135792/
11-09118,appeal,true_duplicate_deleted,byte-identical full_text; discarded source_url: https://doha.ogc.osd.mil/Industrial-Security-Program/Industrial-Security-Clearance-Decisions/ISCR-Hearing-Decisions/Archived-ISCR-Hearing-Decisions/2016-and-Prior-ISCR-Hearing-Decisions-9/FileId/135796/
11-09160,appeal,true_duplicate_deleted,byte-identical full_text; discarded source_url: https://doha.ogc.osd.mil/Industrial-Security-Program/Industrial-Security-Clearance-Decisions/ISCR-Hearing-Decisions/Archived-ISCR-Hearing-Decisions/2016-and-Prior-ISCR-Hearing-Decisions-9/FileId/135801/
11-09172,appeal,true_duplicate_deleted,byte-identical full_text; discarded source_url: https://doha.ogc.osd.mil/Industrial-Security-Program/Industrial-Security-Clearance-Decisions/ISCR-Hearing-Decisions/Archived-ISCR-Hearing-Decisions/2016-and-Prior-ISCR-Hearing-Decisions-9/FileId/135804/
11-09219,appeal,true_duplicate_deleted,byte-identical full_text; discarded source_url: https://doha.ogc.osd.mil/Industrial-Security-Program/Industrial-Security-Clearance-Decisions/ISCR-Hearing-Decisions/Archived-ISCR-Hearing-Decisions/2016-and-Prior-ISCR-Hearing-Decisions-9/FileId/135811/
11-09245,appeal,true_duplicate_deleted,byte-identical full_text; discarded source_url: https://doha.ogc.osd.mil/Industrial-Security-Program/Industrial-Security-Clearance-Decisions/ISCR-Hearing-Decisions/Archived-ISCR-Hearing-Decisions/2016-and-Prior-ISCR-Hearing-Decisions-9/FileId/135813/
11-09333,appeal,true_duplicate_deleted,byte-identical full_text; discarded source_url: https://doha.ogc.osd.mil/Industrial-Security-Program/Industrial-Security-Clearance-Decisions/ISCR-Hearing-Decisions/Archived-ISCR-Hearing-Decisions/2016-and-Prior-ISCR-Hearing-Decisions-9/FileId/135826/
11-09258,appeal,true_duplicate_deleted,byte-identical full_text; discarded source_url: https://doha.ogc.osd.mil/Industrial-Security-Program/Industrial-Security-Clearance-Decisions/ISCR-Hearing-Decisions/Archived-ISCR-Hearing-Decisions/2016-and-Prior-ISCR-Hearing-Decisions-9/FileId/135815/
11-09742,appeal,true_duplicate_deleted,byte-identical full_text; discarded source_url: https://doha.ogc.osd.mil/Industrial-Security-Program/Industrial-Security-Clearance-Decisions/ISCR-Hearing-Decisions/Archived-ISCR-Hearing-Decisions/2016-and-Prior-ISCR-Hearing-Decisions-9/FileId/135854/
11-09365,appeal,true_duplicate_deleted,byte-identical full_text; discarded source_url: https://doha.ogc.osd.mil/Industrial-Security-Program/Industrial-Security-Clearance-Decisions/ISCR-Hearing-Decisions/Archived-ISCR-Hearing-Decisions/2016-and-Prior-ISCR-Hearing-Decisions-9/FileId/135831/
11-09876,appeal,true_duplicate_deleted,byte-identical full_text; discarded source_url: https://doha.ogc.osd.mil/Industrial-Security-Program/Industrial-Security-Clearance-Decisions/ISCR-Hearing-Decisions/Archived-ISCR-Hearing-Decisions/2016-and-Prior-ISCR-Hearing-Decisions-9/FileId/135869/
11-10107,appeal,true_duplicate_deleted,byte-identical full_text; discarded source_url: https://doha.ogc.osd.mil/Industrial-Security-Program/Industrial-Security-Clearance-Decisions/ISCR-Hearing-Decisions/Archived-ISCR-Hearing-Decisions/2016-and-Prior-ISCR-Hearing-Decisions-9/FileId/135891/
11-10114,appeal,true_duplicate_deleted,byte-identical full_text; discarded source_url: https://doha.ogc.osd.mil/Industrial-Security-Program/Industrial-Security-Clearance-Decisions/ISCR-Hearing-Decisions/Archived-ISCR-Hearing-Decisions/2016-and-Prior-ISCR-Hearing-Decisions-9/FileId/135894/
11-10178,appeal,true_duplicate_deleted,byte-identical full_text; discarded source_url: https://doha.ogc.osd.mil/Industrial-Security-Program/Industrial-Security-Clearance-Decisions/ISCR-Hearing-Decisions/Archived-ISCR-Hearing-Decisions/2016-and-Prior-ISCR-Hearing-Decisions-9/FileId/135898/
11-10255,appeal,true_duplicate_deleted,byte-identical full_text; discarded source_url: https://doha.ogc.osd.mil/Industrial-Security-Program/Industrial-Security-Clearance-Decisions/ISCR-Hearing-Decisions/Archived-ISCR-Hearing-Decisions/2016-and-Prior-ISCR-Hearing-Decisions-9/FileId/135906/
11-10405,appeal,true_duplicate_deleted,byte-identical full_text; discarded source_url: https://doha.ogc.osd.mil/Industrial-Security-Program/Industrial-Security-Clearance-Decisions/ISCR-Hearing-Decisions/Archived-ISCR-Hearing-Decisions/2016-and-Prior-ISCR-Hearing-Decisions-9/FileId/135914/
11-10474,appeal,true_duplicate_deleted,byte-identical full_text; discarded source_url: https://doha.ogc.osd.mil/Industrial-Security-Program/Industrial-Security-Clearance-Decisions/ISCR-Hearing-Decisions/Archived-ISCR-Hearing-Decisions/2016-and-Prior-ISCR-Hearing-Decisions-9/FileId/135918/
11-10499,appeal,true_duplicate_deleted,byte-identical full_text; discarded source_url: https://doha.ogc.osd.mil/Industrial-Security-Program/Industrial-Security-Clearance-Decisions/ISCR-Hearing-Decisions/Archived-ISCR-Hearing-Decisions/2016-and-Prior-ISCR-Hearing-Decisions-9/FileId/135922/
11-10612,appeal,true_duplicate_deleted,byte-identical full_text; discarded source_url: https://doha.ogc.osd.mil/Industrial-Security-Program/Industrial-Security-Clearance-Decisions/ISCR-Hearing-Decisions/Archived-ISCR-Hearing-Decisions/2016-and-Prior-ISCR-Hearing-Decisions-9/FileId/135932/
11-10633,appeal,true_duplicate_deleted,byte-identical full_text; discarded source_url: https://doha.ogc.osd.mil/Industrial-Security-Program/Industrial-Security-Clearance-Decisions/ISCR-Hearing-Decisions/Archived-ISCR-Hearing-Decisions/2016-and-Prior-ISCR-Hearing-Decisions-9/FileId/135936/
11-10676,appeal,true_duplicate_deleted,byte-identical full_text; discarded source_url: https://doha.ogc.osd.mil/Industrial-Security-Program/Industrial-Security-Clearance-Decisions/ISCR-Hearing-Decisions/Archived-ISCR-Hearing-Decisions/2016-and-Prior-ISCR-Hearing-Decisions-9/FileId/135942/
11-10695,appeal,true_duplicate_deleted,byte-identical full_text; discarded source_url: https://doha.ogc.osd.mil/Industrial-Security-Program/Industrial-Security-Clearance-Decisions/ISCR-Hearing-Decisions/Archived-ISCR-Hearing-Decisions/2016-and-Prior-ISCR-Hearing-Decisions-9/FileId/135947/
11-10758,appeal,true_duplicate_deleted,byte-identical full_text; discarded source_url: https://doha.ogc.osd.mil/Industrial-Security-Program/Industrial-Security-Clearance-Decisions/ISCR-Hearing-Decisions/Archived-ISCR-Hearing-Decisions/2016-and-Prior-ISCR-Hearing-Decisions-9/FileId/135948/
11-10813,appeal,true_duplicate_deleted,byte-identical full_text; discarded source_url: https://doha.ogc.osd.mil/Industrial-Security-Program/Industrial-Security-Clearance-Decisions/ISCR-Hearing-Decisions/Archived-ISCR-Hearing-Decisions/2016-and-Prior-ISCR-Hearing-Decisions-9/FileId/135956/
11-10988,appeal,true_duplicate_deleted,byte-identical full_text; discarded source_url: https://doha.ogc.osd.mil/Industrial-Security-Program/Industrial-Security-Clearance-Decisions/ISCR-Hearing-Decisions/Archived-ISCR-Hearing-Decisions/2016-and-Prior-ISCR-Hearing-Decisions-9/FileId/135970/
11-11221,appeal,true_duplicate_deleted,byte-identical full_text; discarded source_url: https://doha.ogc.osd.mil/Industrial-Security-Program/Industrial-Security-Clearance-Decisions/ISCR-Hearing-Decisions/Archived-ISCR-Hearing-Decisions/2016-and-Prior-ISCR-Hearing-Decisions-9/FileId/135985/
11-11455,appeal,true_duplicate_deleted,byte-identical full_text; discarded source_url: https://doha.ogc.osd.mil/Industrial-Security-Program/Industrial-Security-Clearance-Decisions/ISCR-Hearing-Decisions/Archived-ISCR-Hearing-Decisions/2016-and-Prior-ISCR-Hearing-Decisions-9/FileId/136007/
11-11576,appeal,true_duplicate_deleted,byte-identical full_text; discarded source_url: https://doha.ogc.osd.mil/Industrial-Security-Program/Industrial-Security-Clearance-Decisions/ISCR-Hearing-Decisions/Archived-ISCR-Hearing-Decisions/2016-and-Prior-ISCR-Hearing-Decisions-9/FileId/136022/
11-11592,appeal,true_duplicate_deleted,byte-identical full_text; discarded source_url: https://doha.ogc.osd.mil/Industrial-Security-Program/Industrial-Security-Clearance-Decisions/ISCR-Hearing-Decisions/Archived-ISCR-Hearing-Decisions/2016-and-Prior-ISCR-Hearing-Decisions-9/FileId/136024/
11-11920,appeal,true_duplicate_deleted,byte-identical full_text; discarded source_url: https://doha.ogc.osd.mil/Industrial-Security-Program/Industrial-Security-Clearance-Decisions/ISCR-Hearing-Decisions/Archived-ISCR-Hearing-Decisions/2016-and-Prior-ISCR-Hearing-Decisions-9/FileId/136050/
11-11959,appeal,true_duplicate_deleted,byte-identical full_text; discarded source_url: https://doha.ogc.osd.mil/Industrial-Security-Program/Industrial-Security-Clearance-Decisions/ISCR-Hearing-Decisions/Archived-ISCR-Hearing-Decisions/2016-and-Prior-ISCR-Hearing-Decisions-9/FileId/136055/
11-12165,appeal,true_duplicate_deleted,byte-identical full_text; discarded source_url: https://doha.ogc.osd.mil/Industrial-Security-Program/Industrial-Security-Clearance-Decisions/ISCR-Hearing-Decisions/Archived-ISCR-Hearing-Decisions/2016-and-Prior-ISCR-Hearing-Decisions-9/FileId/136065/
11-12202,appeal,true_duplicate_deleted,byte-identical full_text; discarded source_url: https://doha.ogc.osd.mil/Industrial-Security-Program/Industrial-Security-Clearance-Decisions/ISCR-Hearing-Decisions/Archived-ISCR-Hearing-Decisions/2016-and-Prior-ISCR-Hearing-Decisions-9/FileId/136073/
11-12204,appeal,true_duplicate_deleted,byte-identical full_text; discarded source_url: https://doha.ogc.osd.mil/Industrial-Security-Program/Industrial-Security-Clearance-Decisions/ISCR-Hearing-Decisions/Archived-ISCR-Hearing-Decisions/2016-and-Prior-ISCR-Hearing-Decisions-9/FileId/136075/
11-12461,appeal,true_duplicate_deleted,byte-identical full_text; discarded source_url: https://doha.ogc.osd.mil/Industrial-Security-Program/Industrial-Security-Clearance-Decisions/ISCR-Hearing-Decisions/Archived-ISCR-Hearing-Decisions/2016-and-Prior-ISCR-Hearing-Decisions-9/FileId/136103/
11-12537,appeal,true_duplicate_deleted,byte-identical full_text; discarded source_url: https://doha.ogc.osd.mil/Industrial-Security-Program/Industrial-Security-Clearance-Decisions/ISCR-Hearing-Decisions/Archived-ISCR-Hearing-Decisions/2016-and-Prior-ISCR-Hearing-Decisions-9/FileId/136114/
11-12627,appeal,true_duplicate_deleted,byte-identical full_text; discarded source_url: https://doha.ogc.osd.mil/Industrial-Security-Program/Industrial-Security-Clearance-Decisions/ISCR-Hearing-Decisions/Archived-ISCR-Hearing-Decisions/2016-and-Prior-ISCR-Hearing-Decisions-9/FileId/136130/
11-12623,appeal,true_duplicate_deleted,byte-identical full_text; discarded source_url: https://doha.ogc.osd.mil/Industrial-Security-Program/Industrial-Security-Clearance-Decisions/ISCR-Hearing-Decisions/Archived-ISCR-Hearing-Decisions/2016-and-Prior-ISCR-Hearing-Decisions-9/FileId/136129/
11-12659,appeal,true_duplicate_deleted,byte-identical full_text; discarded source_url: https://doha.ogc.osd.mil/Industrial-Security-Program/Industrial-Security-Clearance-Decisions/ISCR-Hearing-Decisions/Archived-ISCR-Hearing-Decisions/2016-and-Prior-ISCR-Hearing-Decisions-9/FileId/136137/
11-12730,appeal,true_duplicate_deleted,byte-identical full_text; discarded source_url: https://doha.ogc.osd.mil/Industrial-Security-Program/Industrial-Security-Clearance-Decisions/ISCR-Hearing-Decisions/Archived-ISCR-Hearing-Decisions/2016-and-Prior-ISCR-Hearing-Decisions-9/FileId/136147/
11-12803,appeal,true_duplicate_deleted,byte-identical full_text; discarded source_url: https://doha.ogc.osd.mil/Industrial-Security-Program/Industrial-Security-Clearance-Decisions/ISCR-Hearing-Decisions/Archived-ISCR-Hearing-Decisions/2016-and-Prior-ISCR-Hearing-Decisions-9/FileId/136155/
11-12875,appeal,true_duplicate_deleted,byte-identical full_text; discarded source_url: https://doha.ogc.osd.mil/Industrial-Security-Program/Industrial-Security-Clearance-Decisions/ISCR-Hearing-Decisions/Archived-ISCR-Hearing-Decisions/2016-and-Prior-ISCR-Hearing-Decisions-9/FileId/136158/
11-12885,appeal,true_duplicate_deleted,byte-identical full_text; discarded source_url: https://doha.ogc.osd.mil/Industrial-Security-Program/Industrial-Security-Clearance-Decisions/ISCR-Hearing-Decisions/Archived-ISCR-Hearing-Decisions/2016-and-Prior-ISCR-Hearing-Decisions-9/FileId/136159/
11-12980,appeal,true_duplicate_deleted,byte-identical full_text; discarded source_url: https://doha.ogc.osd.mil/Industrial-Security-Program/Industrial-Security-Clearance-Decisions/ISCR-Hearing-Decisions/Archived-ISCR-Hearing-Decisions/2016-and-Prior-ISCR-Hearing-Decisions-9/FileId/136172/
11-13180,appeal,true_duplicate_deleted,byte-identical full_text; discarded source_url: https://doha.ogc.osd.mil/Industrial-Security-Program/Industrial-Security-Clearance-Decisions/ISCR-Hearing-Decisions/Archived-ISCR-Hearing-Decisions/2016-and-Prior-ISCR-Hearing-Decisions-9/FileId/136183/
11-13507,appeal,true_duplicate_deleted,byte-identical full_text; discarded source_url: https://doha.ogc.osd.mil/Industrial-Security-Program/Industrial-Security-Clearance-Decisions/ISCR-Hearing-Decisions/Archived-ISCR-Hearing-Decisions/2016-and-Prior-ISCR-Hearing-Decisions-9/FileId/136211/
11-13529,appeal,true_duplicate_deleted,byte-identical full_text; discarded source_url: https://doha.ogc.osd.mil/Industrial-Security-Program/Industrial-Security-Clearance-Decisions/ISCR-Hearing-Decisions/Archived-ISCR-Hearing-Decisions/2016-and-Prior-ISCR-Hearing-Decisions-9/FileId/136216/
11-13626,appeal,true_duplicate_deleted,byte-identical full_text; discarded source_url: https://doha.ogc.osd.mil/Industrial-Security-Program/Industrial-Security-Clearance-Decisions/ISCR-Hearing-Decisions/Archived-ISCR-Hearing-Decisions/2016-and-Prior-ISCR-Hearing-Decisions-9/FileId/136225/
11-13724,appeal,true_duplicate_deleted,byte-identical full_text; discarded source_url: https://doha.ogc.osd.mil/Industrial-Security-Program/Industrial-Security-Clearance-Decisions/ISCR-Hearing-Decisions/Archived-ISCR-Hearing-Decisions/2016-and-Prior-ISCR-Hearing-Decisions-9/FileId/136232/
11-13664,appeal,true_duplicate_deleted,byte-identical full_text; discarded source_url: https://doha.ogc.osd.mil/Industrial-Security-Program/Industrial-Security-Clearance-Decisions/ISCR-Hearing-Decisions/Archived-ISCR-Hearing-Decisions/2016-and-Prior-ISCR-Hearing-Decisions-9/FileId/136226/
11-13948,appeal,true_duplicate_deleted,byte-identical full_text; discarded source_url: https://doha.ogc.osd.mil/Industrial-Security-Program/Industrial-Security-Clearance-Decisions/ISCR-Hearing-Decisions/Archived-ISCR-Hearing-Decisions/2016-and-Prior-ISCR-Hearing-Decisions-9/FileId/136252/
11-13949,appeal,true_duplicate_deleted,byte-identical full_text; discarded source_url: https://doha.ogc.osd.mil/Industrial-Security-Program/Industrial-Security-Clearance-Decisions/ISCR-Hearing-Decisions/Archived-ISCR-Hearing-Decisions/2016-and-Prior-ISCR-Hearing-Decisions-9/FileId/136253/
11-13965,appeal,true_duplicate_deleted,byte-identical full_text; discarded source_url: https://doha.ogc.osd.mil/Industrial-Security-Program/Industrial-Security-Clearance-Decisions/ISCR-Hearing-Decisions/Archived-ISCR-Hearing-Decisions/2016-and-Prior-ISCR-Hearing-Decisions-9/FileId/136255/
11-13984,appeal,true_duplicate_deleted,byte-identical full_text; discarded source_url: https://doha.ogc.osd.mil/Industrial-Security-Program/Industrial-Security-Clearance-Decisions/ISCR-Hearing-Decisions/Archived-ISCR-Hearing-Decisions/2016-and-Prior-ISCR-Hearing-Decisions-9/FileId/136257/
11-13999,appeal,true_duplicate_deleted,byte-identical full_text; discarded source_url: https://doha.ogc.osd.mil/Industrial-Security-Program/Industrial-Security-Clearance-Decisions/ISCR-Hearing-Decisions/Archived-ISCR-Hearing-Decisions/2016-and-Prior-ISCR-Hearing-Decisions-9/FileId/136262/
11-14079,appeal,true_duplicate_deleted,byte-identical full_text; discarded source_url: https://doha.ogc.osd.mil/Industrial-Security-Program/Industrial-Security-Clearance-Decisions/ISCR-Hearing-Decisions/Archived-ISCR-Hearing-Decisions/2016-and-Prior-ISCR-Hearing-Decisions-9/FileId/136269/
11-14265,appeal,true_duplicate_deleted,byte-identical full_text; discarded source_url: https://doha.ogc.osd.mil/Industrial-Security-Program/Industrial-Security-Clearance-Decisions/ISCR-Hearing-Decisions/Archived-ISCR-Hearing-Decisions/2016-and-Prior-ISCR-Hearing-Decisions-9/FileId/136292/
11-14425,appeal,true_duplicate_deleted,byte-identical full_text; discarded source_url: https://doha.ogc.osd.mil/Industrial-Security-Program/Industrial-Security-Clearance-Decisions/ISCR-Hearing-Decisions/Archived-ISCR-Hearing-Decisions/2016-and-Prior-ISCR-Hearing-Decisions-9/FileId/136308/
11-14570,appeal,true_duplicate_deleted,byte-identical full_text; discarded source_url: https://doha.ogc.osd.mil/Industrial-Security-Program/Industrial-Security-Clearance-Decisions/ISCR-Hearing-Decisions/Archived-ISCR-Hearing-Decisions/2016-and-Prior-ISCR-Hearing-Decisions-9/FileId/136328/
11-14723,appeal,true_duplicate_deleted,byte-identical full_text; discarded source_url: https://doha.ogc.osd.mil/Industrial-Security-Program/Industrial-Security-Clearance-Decisions/ISCR-Hearing-Decisions/Archived-ISCR-Hearing-Decisions/2016-and-Prior-ISCR-Hearing-Decisions-9/FileId/136342/
11-14775,appeal,true_duplicate_deleted,byte-identical full_text; discarded source_url: https://doha.ogc.osd.mil/Industrial-Security-Program/Industrial-Security-Clearance-Decisions/ISCR-Hearing-Decisions/Archived-ISCR-Hearing-Decisions/2016-and-Prior-ISCR-Hearing-Decisions-9/FileId/136349/
11-14784,appeal,true_duplicate_deleted,byte-identical full_text; discarded source_url: https://doha.ogc.osd.mil/Industrial-Security-Program/Industrial-Security-Clearance-Decisions/ISCR-Hearing-Decisions/Archived-ISCR-Hearing-Decisions/2016-and-Prior-ISCR-Hearing-Decisions-9/FileId/136351/
11-14431,appeal,true_duplicate_deleted,byte-identical full_text; discarded source_url: https://doha.ogc.osd.mil/Industrial-Security-Program/Industrial-Security-Clearance-Decisions/ISCR-Hearing-Decisions/Archived-ISCR-Hearing-Decisions/2016-and-Prior-ISCR-Hearing-Decisions-9/FileId/136312/
11-14899,appeal,true_duplicate_deleted,byte-identical full_text; discarded source_url: https://doha.ogc.osd.mil/Industrial-Security-Program/Industrial-Security-Clearance-Decisions/ISCR-Hearing-Decisions/Archived-ISCR-Hearing-Decisions/2016-and-Prior-ISCR-Hearing-Decisions-9/FileId/136363/
11-14872,appeal,true_duplicate_deleted,byte-identical full_text; discarded source_url: https://doha.ogc.osd.mil/Industrial-Security-Program/Industrial-Security-Clearance-Decisions/ISCR-Hearing-Decisions/Archived-ISCR-Hearing-Decisions/2016-and-Prior-ISCR-Hearing-Decisions-9/FileId/136359/
11-15005,appeal,true_duplicate_deleted,byte-identical full_text; discarded source_url: https://doha.ogc.osd.mil/Industrial-Security-Program/Industrial-Security-Clearance-Decisions/ISCR-Hearing-Decisions/Archived-ISCR-Hearing-Decisions/2016-and-Prior-ISCR-Hearing-Decisions-9/FileId/136367/
11-15184,appeal,true_duplicate_deleted,byte-identical full_text; discarded source_url: https://doha.ogc.osd.mil/Industrial-Security-Program/Industrial-Security-Clearance-Decisions/ISCR-Hearing-Decisions/Archived-ISCR-Hearing-Decisions/2016-and-Prior-ISCR-Hearing-Decisions-9/FileId/136390/
12-00058,appeal,true_duplicate_deleted,byte-identical full_text; discarded source_url: https://doha.ogc.osd.mil/Industrial-Security-Program/Industrial-Security-Clearance-Decisions/ISCR-Hearing-Decisions/Archived-ISCR-Hearing-Decisions/2016-and-Prior-ISCR-Hearing-Decisions-9/FileId/136414/
12-00084,appeal,true_duplicate_deleted,byte-identical full_text; discarded source_url: https://doha.ogc.osd.mil/Industrial-Security-Program/Industrial-Security-Clearance-Decisions/ISCR-Hearing-Decisions/Archived-ISCR-Hearing-Decisions/2016-and-Prior-ISCR-Hearing-Decisions-9/FileId/136419/
12-00270,appeal,true_duplicate_deleted,byte-identical full_text; discarded source_url: https://doha.ogc.osd.mil/Industrial-Security-Program/Industrial-Security-Clearance-Decisions/ISCR-Hearing-Decisions/Archived-ISCR-Hearing-Decisions/2016-and-Prior-ISCR-Hearing-Decisions-9/FileId/136433/
12-00120,appeal,true_duplicate_deleted,byte-identical full_text; discarded source_url: https://doha.ogc.osd.mil/Industrial-Security-Program/Industrial-Security-Clearance-Decisions/ISCR-Hearing-Decisions/Archived-ISCR-Hearing-Decisions/2016-and-Prior-ISCR-Hearing-Decisions-9/FileId/136422/
12-00322,appeal,true_duplicate_deleted,byte-identical full_text; discarded source_url: https://doha.ogc.osd.mil/Industrial-Security-Program/Industrial-Security-Clearance-Decisions/ISCR-Hearing-Decisions/Archived-ISCR-Hearing-Decisions/2016-and-Prior-ISCR-Hearing-Decisions-9/FileId/136436/
12-00327,appeal,true_duplicate_deleted,byte-identical full_text; discarded source_url: https://doha.ogc.osd.mil/Industrial-Security-Program/Industrial-Security-Clearance-Decisions/ISCR-Hearing-Decisions/Archived-ISCR-Hearing-Decisions/2016-and-Prior-ISCR-Hearing-Decisions-9/FileId/136441/
12-00608,appeal,true_duplicate_deleted,byte-identical full_text; discarded source_url: https://doha.ogc.osd.mil/Industrial-Security-Program/Industrial-Security-Clearance-Decisions/ISCR-Hearing-Decisions/Archived-ISCR-Hearing-Decisions/2016-and-Prior-ISCR-Hearing-Decisions-9/FileId/136459/
12-00406,appeal,true_duplicate_deleted,byte-identical full_text; discarded source_url: https://doha.ogc.osd.mil/Industrial-Security-Program/Industrial-Security-Clearance-Decisions/ISCR-Hearing-Decisions/Archived-ISCR-Hearing-Decisions/2016-and-Prior-ISCR-Hearing-Decisions-9/FileId/136449/
12-00609,appeal,true_duplicate_deleted,byte-identical full_text; discarded source_url: https://doha.ogc.osd.mil/Industrial-Security-Program/Industrial-Security-Clearance-Decisions/ISCR-Hearing-Decisions/Archived-ISCR-Hearing-Decisions/2016-and-Prior-ISCR-Hearing-Decisions-9/FileId/136460/
12-00678,appeal,true_duplicate_deleted,byte-identical full_text; discarded source_url: https://doha.ogc.osd.mil/Industrial-Security-Program/Industrial-Security-Clearance-Decisions/ISCR-Hearing-Decisions/Archived-ISCR-Hearing-Decisions/2016-and-Prior-ISCR-Hearing-Decisions-9/FileId/136466/
12-00703,appeal,true_duplicate_deleted,byte-identical full_text; discarded source_url: https://doha.ogc.osd.mil/Industrial-Security-Program/Industrial-Security-Clearance-Decisions/ISCR-Hearing-Decisions/Archived-ISCR-Hearing-Decisions/2016-and-Prior-ISCR-Hearing-Decisions-9/FileId/136473/
12-00723,appeal,true_duplicate_deleted,byte-identical full_text; discarded source_url: https://doha.ogc.osd.mil/Industrial-Security-Program/Industrial-Security-Clearance-Decisions/ISCR-Hearing-Decisions/Archived-ISCR-Hearing-Decisions/2016-and-Prior-ISCR-Hearing-Decisions-9/FileId/136477/
12-00725,appeal,true_duplicate_deleted,byte-identical full_text; discarded source_url: https://doha.ogc.osd.mil/Industrial-Security-Program/Industrial-Security-Clearance-Decisions/ISCR-Hearing-Decisions/Archived-ISCR-Hearing-Decisions/2016-and-Prior-ISCR-Hearing-Decisions-9/FileId/136479/
12-00740,appeal,true_duplicate_deleted,byte-identical full_text; discarded source_url: https://doha.ogc.osd.mil/Industrial-Security-Program/Industrial-Security-Clearance-Decisions/ISCR-Hearing-Decisions/Archived-ISCR-Hearing-Decisions/2016-and-Prior-ISCR-Hearing-Decisions-9/FileId/136482/
12-00914,appeal,true_duplicate_deleted,byte-identical full_text; discarded source_url: https://doha.ogc.osd.mil/Industrial-Security-Program/Industrial-Security-Clearance-Decisions/ISCR-Hearing-Decisions/Archived-ISCR-Hearing-Decisions/2016-and-Prior-ISCR-Hearing-Decisions-9/FileId/136502/
12-01023,appeal,true_duplicate_deleted,byte-identical full_text; discarded source_url: https://doha.ogc.osd.mil/Industrial-Security-Program/Industrial-Security-Clearance-Decisions/ISCR-Hearing-Decisions/Archived-ISCR-Hearing-Decisions/2016-and-Prior-ISCR-Hearing-Decisions-9/FileId/136512/
12-01038,appeal,true_duplicate_deleted,byte-identical full_text; discarded source_url: https://doha.ogc.osd.mil/Industrial-Security-Program/Industrial-Security-Clearance-Decisions/ISCR-Hearing-Decisions/Archived-ISCR-Hearing-Decisions/2016-and-Prior-ISCR-Hearing-Decisions-9/FileId/136515/
12-01185,appeal,true_duplicate_deleted,byte-identical full_text; discarded source_url: https://doha.ogc.osd.mil/Industrial-Security-Program/Industrial-Security-Clearance-Decisions/ISCR-Hearing-Decisions/Archived-ISCR-Hearing-Decisions/2016-and-Prior-ISCR-Hearing-Decisions-9/FileId/136526/
12-01212,appeal,true_duplicate_deleted,byte-identical full_text; discarded source_url: https://doha.ogc.osd.mil/Industrial-Security-Program/Industrial-Security-Clearance-Decisions/ISCR-Hearing-Decisions/Archived-ISCR-Hearing-Decisions/2016-and-Prior-ISCR-Hearing-Decisions-9/FileId/136533/
12-01251,appeal,true_duplicate_deleted,byte-identical full_text; discarded source_url: https://doha.ogc.osd.mil/Industrial-Security-Program/Industrial-Security-Clearance-Decisions/ISCR-Hearing-Decisions/Archived-ISCR-Hearing-Decisions/2016-and-Prior-ISCR-Hearing-Decisions-9/FileId/136535/
12-01266,appeal,true_duplicate_deleted,byte-identical full_text; discarded source_url: https://doha.ogc.osd.mil/Industrial-Security-Program/Industrial-Security-Clearance-Decisions/ISCR-Hearing-Decisions/Archived-ISCR-Hearing-Decisions/2016-and-Prior-ISCR-Hearing-Decisions-9/FileId/136538/
12-01295,appeal,true_duplicate_deleted,byte-identical full_text; discarded source_url: https://doha.ogc.osd.mil/Industrial-Security-Program/Industrial-Security-Clearance-Decisions/ISCR-Hearing-Decisions/Archived-ISCR-Hearing-Decisions/2016-and-Prior-ISCR-Hearing-Decisions-9/FileId/136540/
12-01325,appeal,true_duplicate_deleted,byte-identical full_text; discarded source_url: https://doha.ogc.osd.mil/Industrial-Security-Program/Industrial-Security-Clearance-Decisions/ISCR-Hearing-Decisions/Archived-ISCR-Hearing-Decisions/2016-and-Prior-ISCR-Hearing-Decisions-9/FileId/136543/
12-01500,appeal,true_duplicate_deleted,byte-identical full_text; discarded source_url: https://doha.ogc.osd.mil/Industrial-Security-Program/Industrial-Security-Clearance-Decisions/ISCR-Hearing-Decisions/Archived-ISCR-Hearing-Decisions/2016-and-Prior-ISCR-Hearing-Decisions-9/FileId/136558/
12-01578,appeal,true_duplicate_deleted,byte-identical full_text; discarded source_url: https://doha.ogc.osd.mil/Industrial-Security-Program/Industrial-Security-Clearance-Decisions/ISCR-Hearing-Decisions/Archived-ISCR-Hearing-Decisions/2016-and-Prior-ISCR-Hearing-Decisions-9/FileId/136564/
12-01664,appeal,true_duplicate_deleted,byte-identical full_text; discarded source_url: https://doha.ogc.osd.mil/Industrial-Security-Program/Industrial-Security-Clearance-Decisions/ISCR-Hearing-Decisions/Archived-ISCR-Hearing-Decisions/2016-and-Prior-ISCR-Hearing-Decisions-9/FileId/136570/
12-01698,appeal,true_duplicate_deleted,byte-identical full_text; discarded source_url: https://doha.ogc.osd.mil/Industrial-Security-Program/Industrial-Security-Clearance-Decisions/ISCR-Hearing-Decisions/Archived-ISCR-Hearing-Decisions/2016-and-Prior-ISCR-Hearing-Decisions-9/FileId/136574/
12-01755,appeal,true_duplicate_deleted,byte-identical full_text; discarded source_url: https://doha.ogc.osd.mil/Industrial-Security-Program/Industrial-Security-Clearance-Decisions/ISCR-Hearing-Decisions/Archived-ISCR-Hearing-Decisions/2016-and-Prior-ISCR-Hearing-Decisions-9/FileId/136580/
12-01601,appeal,true_duplicate_deleted,byte-identical full_text; discarded source_url: https://doha.ogc.osd.mil/Industrial-Security-Program/Industrial-Security-Clearance-Decisions/ISCR-Hearing-Decisions/Archived-ISCR-Hearing-Decisions/2016-and-Prior-ISCR-Hearing-Decisions-9/FileId/136569/
12-01863,appeal,true_duplicate_deleted,byte-identical full_text; discarded source_url: https://doha.ogc.osd.mil/Industrial-Security-Program/Industrial-Security-Clearance-Decisions/ISCR-Hearing-Decisions/Archived-ISCR-Hearing-Decisions/2016-and-Prior-ISCR-Hearing-Decisions-9/FileId/136591/
12-01977,appeal,true_duplicate_deleted,byte-identical full_text; discarded source_url: https://doha.ogc.osd.mil/Industrial-Security-Program/Industrial-Security-Clearance-Decisions/ISCR-Hearing-Decisions/Archived-ISCR-Hearing-Decisions/2016-and-Prior-ISCR-Hearing-Decisions-9/FileId/136597/
12-02058,appeal,true_duplicate_deleted,byte-identical full_text; discarded source_url: https://doha.ogc.osd.mil/Industrial-Security-Program/Industrial-Security-Clearance-Decisions/ISCR-Hearing-Decisions/Archived-ISCR-Hearing-Decisions/2016-and-Prior-ISCR-Hearing-Decisions-9/FileId/136612/
12-02141,appeal,true_duplicate_deleted,byte-identical full_text; discarded source_url: https://doha.ogc.osd.mil/Industrial-Security-Program/Industrial-Security-Clearance-Decisions/ISCR-Hearing-Decisions/Archived-ISCR-Hearing-Decisions/2016-and-Prior-ISCR-Hearing-Decisions-9/FileId/136620/
12-02296,appeal,true_duplicate_deleted,byte-identical full_text; discarded source_url: https://doha.ogc.osd.mil/Industrial-Security-Program/Industrial-Security-Clearance-Decisions/ISCR-Hearing-Decisions/Archived-ISCR-Hearing-Decisions/2016-and-Prior-ISCR-Hearing-Decisions-9/FileId/136625/
12-02315,appeal,true_duplicate_deleted,byte-identical full_text; discarded source_url: https://doha.ogc.osd.mil/Industrial-Security-Program/Industrial-Security-Clearance-Decisions/ISCR-Hearing-Decisions/Archived-ISCR-Hearing-Decisions/2016-and-Prior-ISCR-Hearing-Decisions-9/FileId/136632/
12-02329,appeal,true_duplicate_deleted,byte-identical full_text; discarded source_url: https://doha.ogc.osd.mil/Industrial-Security-Program/Industrial-Security-Clearance-Decisions/ISCR-Hearing-Decisions/Archived-ISCR-Hearing-Decisions/2016-and-Prior-ISCR-Hearing-Decisions-9/FileId/136635/
12-02371,appeal,true_duplicate_deleted,byte-identical full_text; discarded source_url: https://doha.ogc.osd.mil/Industrial-Security-Program/Industrial-Security-Clearance-Decisions/ISCR-Hearing-Decisions/Archived-ISCR-Hearing-Decisions/2016-and-Prior-ISCR-Hearing-Decisions-9/FileId/136638/
12-02373,appeal,true_duplicate_deleted,byte-identical full_text; discarded source_url: https://doha.ogc.osd.mil/Industrial-Security-Program/Industrial-Security-Clearance-Decisions/ISCR-Hearing-Decisions/Archived-ISCR-Hearing-Decisions/2016-and-Prior-ISCR-Hearing-Decisions-9/FileId/136644/
12-02407,appeal,true_duplicate_deleted,byte-identical full_text; discarded source_url: https://doha.ogc.osd.mil/Industrial-Security-Program/Industrial-Security-Clearance-Decisions/ISCR-Hearing-Decisions/Archived-ISCR-Hearing-Decisions/2016-and-Prior-ISCR-Hearing-Decisions-9/FileId/136645/
12-02590,appeal,true_duplicate_deleted,byte-identical full_text; discarded source_url: https://doha.ogc.osd.mil/Industrial-Security-Program/Industrial-Security-Clearance-Decisions/ISCR-Hearing-Decisions/Archived-ISCR-Hearing-Decisions/2016-and-Prior-ISCR-Hearing-Decisions-9/FileId/136662/
12-02596,appeal,true_duplicate_deleted,byte-identical full_text; discarded source_url: https://doha.ogc.osd.mil/Industrial-Security-Program/Industrial-Security-Clearance-Decisions/ISCR-Hearing-Decisions/Archived-ISCR-Hearing-Decisions/2016-and-Prior-ISCR-Hearing-Decisions-9/FileId/136663/
12-02817,appeal,true_duplicate_deleted,byte-identical full_text; discarded source_url: https://doha.ogc.osd.mil/Industrial-Security-Program/Industrial-Security-Clearance-Decisions/ISCR-Hearing-Decisions/Archived-ISCR-Hearing-Decisions/2016-and-Prior-ISCR-Hearing-Decisions-9/FileId/136686/
12-02859,appeal,true_duplicate_deleted,byte-identical full_text; discarded source_url: https://doha.ogc.osd.mil/Industrial-Security-Program/Industrial-Security-Clearance-Decisions/ISCR-Hearing-Decisions/Archived-ISCR-Hearing-Decisions/2016-and-Prior-ISCR-Hearing-Decisions-9/FileId/136688/
12-02765,appeal,true_duplicate_deleted,byte-identical full_text; discarded source_url: https://doha.ogc.osd.mil/Industrial-Security-Program/Industrial-Security-Clearance-Decisions/ISCR-Hearing-Decisions/Archived-ISCR-Hearing-Decisions/2016-and-Prior-ISCR-Hearing-Decisions-9/FileId/136678/
12-02827,appeal,true_duplicate_deleted,byte-identical full_text; discarded source_url: https://doha.ogc.osd.mil/Industrial-Security-Program/Industrial-Security-Clearance-Decisions/ISCR-Hearing-Decisions/Archived-ISCR-Hearing-Decisions/2016-and-Prior-ISCR-Hearing-Decisions-9/FileId/136687/
12-03036,appeal,true_duplicate_deleted,byte-identical full_text; discarded source_url: https://doha.ogc.osd.mil/Industrial-Security-Program/Industrial-Security-Clearance-Decisions/ISCR-Hearing-Decisions/Archived-ISCR-Hearing-Decisions/2016-and-Prior-ISCR-Hearing-Decisions-9/FileId/136706/
12-03074,appeal,true_duplicate_deleted,byte-identical full_text; discarded source_url: https://doha.ogc.osd.mil/Industrial-Security-Program/Industrial-Security-Clearance-Decisions/ISCR-Hearing-Decisions/Archived-ISCR-Hearing-Decisions/2016-and-Prior-ISCR-Hearing-Decisions-9/FileId/136711/
12-03270,appeal,true_duplicate_deleted,byte-identical full_text; discarded source_url: https://doha.ogc.osd.mil/Industrial-Security-Program/Industrial-Security-Clearance-Decisions/ISCR-Hearing-Decisions/Archived-ISCR-Hearing-Decisions/2016-and-Prior-ISCR-Hearing-Decisions-9/FileId/136731/
12-03238,appeal,true_duplicate_deleted,byte-identical full_text; discarded source_url: https://doha.ogc.osd.mil/Industrial-Security-Program/Industrial-Security-Clearance-Decisions/ISCR-Hearing-Decisions/Archived-ISCR-Hearing-Decisions/2016-and-Prior-ISCR-Hearing-Decisions-9/FileId/136724/
12-03077,appeal,true_duplicate_deleted,byte-identical full_text; discarded source_url: https://doha.ogc.osd.mil/Industrial-Security-Program/Industrial-Security-Clearance-Decisions/ISCR-Hearing-Decisions/Archived-ISCR-Hearing-Decisions/2016-and-Prior-ISCR-Hearing-Decisions-9/FileId/136715/
12-03354,appeal,true_duplicate_deleted,byte-identical full_text; discarded source_url: https://doha.ogc.osd.mil/Industrial-Security-Program/Industrial-Security-Clearance-Decisions/ISCR-Hearing-Decisions/Archived-ISCR-Hearing-Decisions/2016-and-Prior-ISCR-Hearing-Decisions-9/FileId/136739/
12-03402,appeal,true_duplicate_deleted,byte-identical full_text; discarded source_url: https://doha.ogc.osd.mil/Industrial-Security-Program/Industrial-Security-Clearance-Decisions/ISCR-Hearing-Decisions/Archived-ISCR-Hearing-Decisions/2016-and-Prior-ISCR-Hearing-Decisions-9/FileId/136745/
12-03420,appeal,true_duplicate_deleted,byte-identical full_text; discarded source_url: https://doha.ogc.osd.mil/Industrial-Security-Program/Industrial-Security-Clearance-Decisions/ISCR-Hearing-Decisions/Archived-ISCR-Hearing-Decisions/2016-and-Prior-ISCR-Hearing-Decisions-9/FileId/136750/
12-03437,appeal,true_duplicate_deleted,byte-identical full_text; discarded source_url: https://doha.ogc.osd.mil/Industrial-Security-Program/Industrial-Security-Clearance-Decisions/ISCR-Hearing-Decisions/Archived-ISCR-Hearing-Decisions/2016-and-Prior-ISCR-Hearing-Decisions-9/FileId/136752/
12-03415,appeal,true_duplicate_deleted,byte-identical full_text; discarded source_url: https://doha.ogc.osd.mil/Industrial-Security-Program/Industrial-Security-Clearance-Decisions/ISCR-Hearing-Decisions/Archived-ISCR-Hearing-Decisions/2016-and-Prior-ISCR-Hearing-Decisions-9/FileId/136748/
12-03470,appeal,true_duplicate_deleted,byte-identical full_text; discarded source_url: https://doha.ogc.osd.mil/Industrial-Security-Program/Industrial-Security-Clearance-Decisions/ISCR-Hearing-Decisions/Archived-ISCR-Hearing-Decisions/2016-and-Prior-ISCR-Hearing-Decisions-9/FileId/136759/
12-03779,appeal,true_duplicate_deleted,byte-identical full_text; discarded source_url: https://doha.ogc.osd.mil/Industrial-Security-Program/Industrial-Security-Clearance-Decisions/ISCR-Hearing-Decisions/Archived-ISCR-Hearing-Decisions/2016-and-Prior-ISCR-Hearing-Decisions-9/FileId/136793/
12-03790,appeal,true_duplicate_deleted,byte-identical full_text; discarded source_url: https://doha.ogc.osd.mil/Industrial-Security-Program/Industrial-Security-Clearance-Decisions/ISCR-Hearing-Decisions/Archived-ISCR-Hearing-Decisions/2016-and-Prior-ISCR-Hearing-Decisions-9/FileId/136796/
12-03970,appeal,true_duplicate_deleted,byte-identical full_text; discarded source_url: https://doha.ogc.osd.mil/Industrial-Security-Program/Industrial-Security-Clearance-Decisions/ISCR-Hearing-Decisions/Archived-ISCR-Hearing-Decisions/2016-and-Prior-ISCR-Hearing-Decisions-9/FileId/136818/
12-03984,appeal,true_duplicate_deleted,byte-identical full_text; discarded source_url: https://doha.ogc.osd.mil/Industrial-Security-Program/Industrial-Security-Clearance-Decisions/ISCR-Hearing-Decisions/Archived-ISCR-Hearing-Decisions/2016-and-Prior-ISCR-Hearing-Decisions-9/FileId/136819/
12-03783,appeal,true_duplicate_deleted,byte-identical full_text; discarded source_url: https://doha.ogc.osd.mil/Industrial-Security-Program/Industrial-Security-Clearance-Decisions/ISCR-Hearing-Decisions/Archived-ISCR-Hearing-Decisions/2016-and-Prior-ISCR-Hearing-Decisions-9/FileId/136795/
12-04023,appeal,true_duplicate_deleted,byte-identical full_text; discarded source_url: https://doha.ogc.osd.mil/Industrial-Security-Program/Industrial-Security-Clearance-Decisions/ISCR-Hearing-Decisions/Archived-ISCR-Hearing-Decisions/2016-and-Prior-ISCR-Hearing-Decisions-9/FileId/136826/
12-04343,appeal,true_duplicate_deleted,byte-identical full_text; discarded source_url: https://doha.ogc.osd.mil/Industrial-Security-Program/Industrial-Security-Clearance-Decisions/ISCR-Hearing-Decisions/Archived-ISCR-Hearing-Decisions/2016-and-Prior-ISCR-Hearing-Decisions-9/FileId/135739/
12-04508,appeal,true_duplicate_deleted,byte-identical full_text; discarded source_url: https://doha.ogc.osd.mil/Industrial-Security-Program/Industrial-Security-Clearance-Decisions/ISCR-Hearing-Decisions/Archived-ISCR-Hearing-Decisions/2016-and-Prior-ISCR-Hearing-Decisions-10/FileId/136909/
12-04481,appeal,true_duplicate_deleted,byte-identical full_text; discarded source_url: https://doha.ogc.osd.mil/Industrial-Security-Program/Industrial-Security-Clearance-Decisions/ISCR-Hearing-Decisions/Archived-ISCR-Hearing-Decisions/2016-and-Prior-ISCR-Hearing-Decisions-10/FileId/136907/
12-04293,appeal,true_duplicate_deleted,byte-identical full_text; discarded source_url: https://doha.ogc.osd.mil/Industrial-Security-Program/Industrial-Security-Clearance-Decisions/ISCR-Hearing-Decisions/Archived-ISCR-Hearing-Decisions/2016-and-Prior-ISCR-Hearing-Decisions-9/FileId/136849/
12-04540,appeal,true_duplicate_deleted,byte-identical full_text; discarded source_url: https://doha.ogc.osd.mil/Industrial-Security-Program/Industrial-Security-Clearance-Decisions/ISCR-Hearing-Decisions/Archived-ISCR-Hearing-Decisions/2016-and-Prior-ISCR-Hearing-Decisions-10/FileId/136912/
12-04565,appeal,true_duplicate_deleted,byte-identical full_text; discarded source_url: https://doha.ogc.osd.mil/Industrial-Security-Program/Industrial-Security-Clearance-Decisions/ISCR-Hearing-Decisions/Archived-ISCR-Hearing-Decisions/2016-and-Prior-ISCR-Hearing-Decisions-10/FileId/136919/
12-04731,appeal,true_duplicate_deleted,byte-identical full_text; discarded source_url: https://doha.ogc.osd.mil/Industrial-Security-Program/Industrial-Security-Clearance-Decisions/ISCR-Hearing-Decisions/Archived-ISCR-Hearing-Decisions/2016-and-Prior-ISCR-Hearing-Decisions-10/FileId/136925/
12-04554,appeal,true_duplicate_deleted,byte-identical full_text; discarded source_url: https://doha.ogc.osd.mil/Industrial-Security-Program/Industrial-Security-Clearance-Decisions/ISCR-Hearing-Decisions/Archived-ISCR-Hearing-Decisions/2016-and-Prior-ISCR-Hearing-Decisions-10/FileId/136918/
12-04780,appeal,true_duplicate_deleted,byte-identical full_text; discarded source_url: https://doha.ogc.osd.mil/Industrial-Security-Program/Industrial-Security-Clearance-Decisions/ISCR-Hearing-Decisions/Archived-ISCR-Hearing-Decisions/2016-and-Prior-ISCR-Hearing-Decisions-10/FileId/136933/
12-04806,appeal,true_duplicate_deleted,byte-identical full_text; discarded source_url: https://doha.ogc.osd.mil/Industrial-Security-Program/Industrial-Security-Clearance-Decisions/ISCR-Hearing-Decisions/Archived-ISCR-Hearing-Decisions/2016-and-Prior-ISCR-Hearing-Decisions-10/FileId/136941/
12-04875,appeal,true_duplicate_deleted,byte-identical full_text; discarded source_url: https://doha.ogc.osd.mil/Industrial-Security-Program/Industrial-Security-Clearance-Decisions/ISCR-Hearing-Decisions/Archived-ISCR-Hearing-Decisions/2016-and-Prior-ISCR-Hearing-Decisions-10/FileId/136945/
12-04813,appeal,true_duplicate_deleted,byte-identical full_text; discarded source_url: https://doha.ogc.osd.mil/Industrial-Security-Program/Industrial-Security-Clearance-Decisions/ISCR-Hearing-Decisions/Archived-ISCR-Hearing-Decisions/2016-and-Prior-ISCR-Hearing-Decisions-10/FileId/136943/
12-05005,appeal,true_duplicate_deleted,byte-identical full_text; discarded source_url: https://doha.ogc.osd.mil/Industrial-Security-Program/Industrial-Security-Clearance-Decisions/ISCR-Hearing-Decisions/Archived-ISCR-Hearing-Decisions/2016-and-Prior-ISCR-Hearing-Decisions-10/FileId/136961/
12-05053,appeal,true_duplicate_deleted,byte-identical full_text; discarded source_url: https://doha.ogc.osd.mil/Industrial-Security-Program/Industrial-Security-Clearance-Decisions/ISCR-Hearing-Decisions/Archived-ISCR-Hearing-Decisions/2016-and-Prior-ISCR-Hearing-Decisions-10/FileId/136965/
12-05113,appeal,true_duplicate_deleted,byte-identical full_text; discarded source_url: https://doha.ogc.osd.mil/Industrial-Security-Program/Industrial-Security-Clearance-Decisions/ISCR-Hearing-Decisions/Archived-ISCR-Hearing-Decisions/2016-and-Prior-ISCR-Hearing-Decisions-10/FileId/136969/
12-05232,appeal,true_duplicate_deleted,byte-identical full_text; discarded source_url: https://doha.ogc.osd.mil/Industrial-Security-Program/Industrial-Security-Clearance-Decisions/ISCR-Hearing-Decisions/Archived-ISCR-Hearing-Decisions/2016-and-Prior-ISCR-Hearing-Decisions-10/FileId/136982/
12-05231,appeal,true_duplicate_deleted,byte-identical full_text; discarded source_url: https://doha.ogc.osd.mil/Industrial-Security-Program/Industrial-Security-Clearance-Decisions/ISCR-Hearing-Decisions/Archived-ISCR-Hearing-Decisions/2016-and-Prior-ISCR-Hearing-Decisions-10/FileId/136975/
12-05359,appeal,true_duplicate_deleted,byte-identical full_text; discarded source_url: https://doha.ogc.osd.mil/Industrial-Security-Program/Industrial-Security-Clearance-Decisions/ISCR-Hearing-Decisions/Archived-ISCR-Hearing-Decisions/2016-and-Prior-ISCR-Hearing-Decisions-10/FileId/136991/
12-05607,appeal,true_duplicate_deleted,byte-identical full_text; discarded source_url: https://doha.ogc.osd.mil/Industrial-Security-Program/Industrial-Security-Clearance-Decisions/ISCR-Hearing-Decisions/Archived-ISCR-Hearing-Decisions/2016-and-Prior-ISCR-Hearing-Decisions-10/FileId/137005/
12-05609,appeal,true_duplicate_deleted,byte-identical full_text; discarded source_url: https://doha.ogc.osd.mil/Industrial-Security-Program/Industrial-Security-Clearance-Decisions/ISCR-Hearing-Decisions/Archived-ISCR-Hearing-Decisions/2016-and-Prior-ISCR-Hearing-Decisions-10/FileId/137010/
12-05839,appeal,true_duplicate_deleted,byte-identical full_text; discarded source_url: https://doha.ogc.osd.mil/Industrial-Security-Program/Industrial-Security-Clearance-Decisions/ISCR-Hearing-Decisions/Archived-ISCR-Hearing-Decisions/2016-and-Prior-ISCR-Hearing-Decisions-10/FileId/137024/
12-05850,appeal,true_duplicate_deleted,byte-identical full_text; discarded source_url: https://doha.ogc.osd.mil/Industrial-Security-Program/Industrial-Security-Clearance-Decisions/ISCR-Hearing-Decisions/Archived-ISCR-Hearing-Decisions/2016-and-Prior-ISCR-Hearing-Decisions-10/FileId/137028/
12-05959,appeal,true_duplicate_deleted,byte-identical full_text; discarded source_url: https://doha.ogc.osd.mil/Industrial-Security-Program/Industrial-Security-Clearance-Decisions/ISCR-Hearing-Decisions/Archived-ISCR-Hearing-Decisions/2016-and-Prior-ISCR-Hearing-Decisions-10/FileId/137042/
12-06228,appeal,true_duplicate_deleted,byte-identical full_text; discarded source_url: https://doha.ogc.osd.mil/Industrial-Security-Program/Industrial-Security-Clearance-Decisions/ISCR-Hearing-Decisions/Archived-ISCR-Hearing-Decisions/2016-and-Prior-ISCR-Hearing-Decisions-10/FileId/137050/
12-06592,appeal,true_duplicate_deleted,byte-identical full_text; discarded source_url: https://doha.ogc.osd.mil/Industrial-Security-Program/Industrial-Security-Clearance-Decisions/ISCR-Hearing-Decisions/Archived-ISCR-Hearing-Decisions/2016-and-Prior-ISCR-Hearing-Decisions-10/FileId/137074/
12-06635,appeal,true_duplicate_deleted,byte-identical full_text; discarded source_url: https://doha.ogc.osd.mil/Industrial-Security-Program/Industrial-Security-Clearance-Decisions/ISCR-Hearing-Decisions/Archived-ISCR-Hearing-Decisions/2016-and-Prior-ISCR-Hearing-Decisions-10/FileId/137079/
12-06707,appeal,true_duplicate_deleted,byte-identical full_text; discarded source_url: https://doha.ogc.osd.mil/Industrial-Security-Program/Industrial-Security-Clearance-Decisions/ISCR-Hearing-Decisions/Archived-ISCR-Hearing-Decisions/2016-and-Prior-ISCR-Hearing-Decisions-10/FileId/137083/
12-06885,appeal,true_duplicate_deleted,byte-identical full_text; discarded source_url: https://doha.ogc.osd.mil/Industrial-Security-Program/Industrial-Security-Clearance-Decisions/ISCR-Hearing-Decisions/Archived-ISCR-Hearing-Decisions/2016-and-Prior-ISCR-Hearing-Decisions-10/FileId/137103/
12-07001,appeal,true_duplicate_deleted,byte-identical full_text; discarded source_url: https://doha.ogc.osd.mil/Industrial-Security-Program/Industrial-Security-Clearance-Decisions/ISCR-Hearing-Decisions/Archived-ISCR-Hearing-Decisions/2016-and-Prior-ISCR-Hearing-Decisions-10/FileId/137117/
12-07158,appeal,true_duplicate_deleted,byte-identical full_text; discarded source_url: https://doha.ogc.osd.mil/Industrial-Security-Program/Industrial-Security-Clearance-Decisions/ISCR-Hearing-Decisions/Archived-ISCR-Hearing-Decisions/2016-and-Prior-ISCR-Hearing-Decisions-10/FileId/137128/
12-07393,appeal,true_duplicate_deleted,byte-identical full_text; discarded source_url: https://doha.ogc.osd.mil/Industrial-Security-Program/Industrial-Security-Clearance-Decisions/ISCR-Hearing-Decisions/Archived-ISCR-Hearing-Decisions/2016-and-Prior-ISCR-Hearing-Decisions-10/FileId/137144/
12-07647,appeal,true_duplicate_deleted,byte-identical full_text; discarded source_url: https://doha.ogc.osd.mil/Industrial-Security-Program/Industrial-Security-Clearance-Decisions/ISCR-Hearing-Decisions/Archived-ISCR-Hearing-Decisions/2016-and-Prior-ISCR-Hearing-Decisions-10/FileId/137165/
12-07657,appeal,true_duplicate_deleted,byte-identical full_text; discarded source_url: https://doha.ogc.osd.mil/Industrial-Security-Program/Industrial-Security-Clearance-Decisions/ISCR-Hearing-Decisions/Archived-ISCR-Hearing-Decisions/2016-and-Prior-ISCR-Hearing-Decisions-10/FileId/137169/
12-07667,appeal,true_duplicate_deleted,byte-identical full_text; discarded source_url: https://doha.ogc.osd.mil/Industrial-Security-Program/Industrial-Security-Clearance-Decisions/ISCR-Hearing-Decisions/Archived-ISCR-Hearing-Decisions/2016-and-Prior-ISCR-Hearing-Decisions-10/FileId/137175/
12-07670,appeal,true_duplicate_deleted,byte-identical full_text; discarded source_url: https://doha.ogc.osd.mil/Industrial-Security-Program/Industrial-Security-Clearance-Decisions/ISCR-Hearing-Decisions/Archived-ISCR-Hearing-Decisions/2016-and-Prior-ISCR-Hearing-Decisions-10/FileId/137176/
12-07735,appeal,true_duplicate_deleted,byte-identical full_text; discarded source_url: https://doha.ogc.osd.mil/Industrial-Security-Program/Industrial-Security-Clearance-Decisions/ISCR-Hearing-Decisions/Archived-ISCR-Hearing-Decisions/2016-and-Prior-ISCR-Hearing-Decisions-10/FileId/137186/
12-07751,appeal,true_duplicate_deleted,byte-identical full_text; discarded source_url: https://doha.ogc.osd.mil/Industrial-Security-Program/Industrial-Security-Clearance-Decisions/ISCR-Hearing-Decisions/Archived-ISCR-Hearing-Decisions/2016-and-Prior-ISCR-Hearing-Decisions-10/FileId/137188/
12-07948,appeal,true_duplicate_deleted,byte-identical full_text; discarded source_url: https://doha.ogc.osd.mil/Industrial-Security-Program/Industrial-Security-Clearance-Decisions/ISCR-Hearing-Decisions/Archived-ISCR-Hearing-Decisions/2016-and-Prior-ISCR-Hearing-Decisions-10/FileId/137206/
12-07700,appeal,true_duplicate_deleted,byte-identical full_text; discarded source_url: https://doha.ogc.osd.mil/Industrial-Security-Program/Industrial-Security-Clearance-Decisions/ISCR-Hearing-Decisions/Archived-ISCR-Hearing-Decisions/2016-and-Prior-ISCR-Hearing-Decisions-10/FileId/137185/
12-08412,appeal,true_duplicate_deleted,byte-identical full_text; discarded source_url: https://doha.ogc.osd.mil/Industrial-Security-Program/Industrial-Security-Clearance-Decisions/ISCR-Hearing-Decisions/Archived-ISCR-Hearing-Decisions/2016-and-Prior-ISCR-Hearing-Decisions-10/FileId/137235/
12-08417,appeal,true_duplicate_deleted,byte-identical full_text; discarded source_url: https://doha.ogc.osd.mil/Industrial-Security-Program/Industrial-Security-Clearance-Decisions/ISCR-Hearing-Decisions/Archived-ISCR-Hearing-Decisions/2016-and-Prior-ISCR-Hearing-Decisions-10/FileId/137238/
12-08414,appeal,true_duplicate_deleted,byte-identical full_text; discarded source_url: https://doha.ogc.osd.mil/Industrial-Security-Program/Industrial-Security-Clearance-Decisions/ISCR-Hearing-Decisions/Archived-ISCR-Hearing-Decisions/2016-and-Prior-ISCR-Hearing-Decisions-10/FileId/137237/
12-08632,appeal,true_duplicate_deleted,byte-identical full_text; discarded source_url: https://doha.ogc.osd.mil/Industrial-Security-Program/Industrial-Security-Clearance-Decisions/ISCR-Hearing-Decisions/Archived-ISCR-Hearing-Decisions/2016-and-Prior-ISCR-Hearing-Decisions-10/FileId/137251/
12-08577,appeal,true_duplicate_deleted,byte-identical full_text; discarded source_url: https://doha.ogc.osd.mil/Industrial-Security-Program/Industrial-Security-Clearance-Decisions/ISCR-Hearing-Decisions/Archived-ISCR-Hearing-Decisions/2016-and-Prior-ISCR-Hearing-Decisions-10/FileId/137246/
12-08823,appeal,true_duplicate_deleted,byte-identical full_text; discarded source_url: https://doha.ogc.osd.mil/Industrial-Security-Program/Industrial-Security-Clearance-Decisions/ISCR-Hearing-Decisions/Archived-ISCR-Hearing-Decisions/2016-and-Prior-ISCR-Hearing-Decisions-10/FileId/137260/
12-08972,appeal,true_duplicate_deleted,byte-identical full_text; discarded source_url: https://doha.ogc.osd.mil/Industrial-Security-Program/Industrial-Security-Clearance-Decisions/ISCR-Hearing-Decisions/Archived-ISCR-Hearing-Decisions/2016-and-Prior-ISCR-Hearing-Decisions-10/FileId/137274/
12-08831,appeal,true_duplicate_deleted,byte-identical full_text; discarded source_url: https://doha.ogc.osd.mil/Industrial-Security-Program/Industrial-Security-Clearance-Decisions/ISCR-Hearing-Decisions/Archived-ISCR-Hearing-Decisions/2016-and-Prior-ISCR-Hearing-Decisions-10/FileId/137266/
12-09279,appeal,true_duplicate_deleted,byte-identical full_text; discarded source_url: https://doha.ogc.osd.mil/Industrial-Security-Program/Industrial-Security-Clearance-Decisions/ISCR-Hearing-Decisions/Archived-ISCR-Hearing-Decisions/2016-and-Prior-ISCR-Hearing-Decisions-10/FileId/137293/
12-09314,appeal,true_duplicate_deleted,byte-identical full_text; discarded source_url: https://doha.ogc.osd.mil/Industrial-Security-Program/Industrial-Security-Clearance-Decisions/ISCR-Hearing-Decisions/Archived-ISCR-Hearing-Decisions/2016-and-Prior-ISCR-Hearing-Decisions-10/FileId/137299/
12-09324,appeal,true_duplicate_deleted,byte-identical full_text; discarded source_url: https://doha.ogc.osd.mil/Industrial-Security-Program/Industrial-Security-Clearance-Decisions/ISCR-Hearing-Decisions/Archived-ISCR-Hearing-Decisions/2016-and-Prior-ISCR-Hearing-Decisions-10/FileId/137302/
12-09326,appeal,true_duplicate_deleted,byte-identical full_text; discarded source_url: https://doha.ogc.osd.mil/Industrial-Security-Program/Industrial-Security-Clearance-Decisions/ISCR-Hearing-Decisions/Archived-ISCR-Hearing-Decisions/2016-and-Prior-ISCR-Hearing-Decisions-10/FileId/137303/
12-09329,appeal,true_duplicate_deleted,byte-identical full_text; discarded source_url: https://doha.ogc.osd.mil/Industrial-Security-Program/Industrial-Security-Clearance-Decisions/ISCR-Hearing-Decisions/Archived-ISCR-Hearing-Decisions/2016-and-Prior-ISCR-Hearing-Decisions-10/FileId/137305/
12-09332,appeal,true_duplicate_deleted,byte-identical full_text; discarded source_url: https://doha.ogc.osd.mil/Industrial-Security-Program/Industrial-Security-Clearance-Decisions/ISCR-Hearing-Decisions/Archived-ISCR-Hearing-Decisions/2016-and-Prior-ISCR-Hearing-Decisions-10/FileId/137311/
12-09373,appeal,true_duplicate_deleted,byte-identical full_text; discarded source_url: https://doha.ogc.osd.mil/Industrial-Security-Program/Industrial-Security-Clearance-Decisions/ISCR-Hearing-Decisions/Archived-ISCR-Hearing-Decisions/2016-and-Prior-ISCR-Hearing-Decisions-10/FileId/137318/
12-09387,appeal,true_duplicate_deleted,byte-identical full_text; discarded source_url: https://doha.ogc.osd.mil/Industrial-Security-Program/Industrial-Security-Clearance-Decisions/ISCR-Hearing-Decisions/Archived-ISCR-Hearing-Decisions/2016-and-Prior-ISCR-Hearing-Decisions-10/FileId/137324/
12-09391,appeal,true_duplicate_deleted,byte-identical full_text; discarded source_url: https://doha.ogc.osd.mil/Industrial-Security-Program/Industrial-Security-Clearance-Decisions/ISCR-Hearing-Decisions/Archived-ISCR-Hearing-Decisions/2016-and-Prior-ISCR-Hearing-Decisions-10/FileId/137326/
12-09446,appeal,true_duplicate_deleted,byte-identical full_text; discarded source_url: https://doha.ogc.osd.mil/Industrial-Security-Program/Industrial-Security-Clearance-Decisions/ISCR-Hearing-Decisions/Archived-ISCR-Hearing-Decisions/2016-and-Prior-ISCR-Hearing-Decisions-10/FileId/137336/
12-09545,appeal,true_duplicate_deleted,byte-identical full_text; discarded source_url: https://doha.ogc.osd.mil/Industrial-Security-Program/Industrial-Security-Clearance-Decisions/ISCR-Hearing-Decisions/Archived-ISCR-Hearing-Decisions/2016-and-Prior-ISCR-Hearing-Decisions-10/FileId/137347/
12-09590,appeal,true_duplicate_deleted,byte-identical full_text; discarded source_url: https://doha.ogc.osd.mil/Industrial-Security-Program/Industrial-Security-Clearance-Decisions/ISCR-Hearing-Decisions/Archived-ISCR-Hearing-Decisions/2016-and-Prior-ISCR-Hearing-Decisions-10/FileId/137358/
12-09719,appeal,true_duplicate_deleted,byte-identical full_text; discarded source_url: https://doha.ogc.osd.mil/Industrial-Security-Program/Industrial-Security-Clearance-Decisions/ISCR-Hearing-Decisions/Archived-ISCR-Hearing-Decisions/2016-and-Prior-ISCR-Hearing-Decisions-10/FileId/137375/
12-09829,appeal,true_duplicate_deleted,byte-identical full_text; discarded source_url: https://doha.ogc.osd.mil/Industrial-Security-Program/Industrial-Security-Clearance-Decisions/ISCR-Hearing-Decisions/Archived-ISCR-Hearing-Decisions/2016-and-Prior-ISCR-Hearing-Decisions-10/FileId/137388/
12-09921,appeal,true_duplicate_deleted,byte-identical full_text; discarded source_url: https://doha.ogc.osd.mil/Industrial-Security-Program/Industrial-Security-Clearance-Decisions/ISCR-Hearing-Decisions/Archived-ISCR-Hearing-Decisions/2016-and-Prior-ISCR-Hearing-Decisions-10/FileId/137398/
12-09989,appeal,true_duplicate_deleted,byte-identical full_text; discarded source_url: https://doha.ogc.osd.mil/Industrial-Security-Program/Industrial-Security-Clearance-Decisions/ISCR-Hearing-Decisions/Archived-ISCR-Hearing-Decisions/2016-and-Prior-ISCR-Hearing-Decisions-10/FileId/137406/
12-09900,appeal,true_duplicate_deleted,byte-identical full_text; discarded source_url: https://doha.ogc.osd.mil/Industrial-Security-Program/Industrial-Security-Clearance-Decisions/ISCR-Hearing-Decisions/Archived-ISCR-Hearing-Decisions/2016-and-Prior-ISCR-Hearing-Decisions-10/FileId/137393/
12-10062,appeal,true_duplicate_deleted,byte-identical full_text; discarded source_url: https://doha.ogc.osd.mil/Industrial-Security-Program/Industrial-Security-Clearance-Decisions/ISCR-Hearing-Decisions/Archived-ISCR-Hearing-Decisions/2016-and-Prior-ISCR-Hearing-Decisions-10/FileId/137414/
12-10072,appeal,true_duplicate_deleted,byte-identical full_text; discarded source_url: https://doha.ogc.osd.mil/Industrial-Security-Program/Industrial-Security-Clearance-Decisions/ISCR-Hearing-Decisions/Archived-ISCR-Hearing-Decisions/2016-and-Prior-ISCR-Hearing-Decisions-10/FileId/137415/
12-10122,appeal,true_duplicate_deleted,byte-identical full_text; discarded source_url: https://doha.ogc.osd.mil/Industrial-Security-Program/Industrial-Security-Clearance-Decisions/ISCR-Hearing-Decisions/Archived-ISCR-Hearing-Decisions/2016-and-Prior-ISCR-Hearing-Decisions-10/FileId/137416/
12-10404,appeal,true_duplicate_deleted,byte-identical full_text; discarded source_url: https://doha.ogc.osd.mil/Industrial-Security-Program/Industrial-Security-Clearance-Decisions/ISCR-Hearing-Decisions/Archived-ISCR-Hearing-Decisions/2016-and-Prior-ISCR-Hearing-Decisions-10/FileId/137446/
12-10691,appeal,true_duplicate_deleted,byte-identical full_text; discarded source_url: https://doha.ogc.osd.mil/Industrial-Security-Program/Industrial-Security-Clearance-Decisions/ISCR-Hearing-Decisions/Archived-ISCR-Hearing-Decisions/2016-and-Prior-ISCR-Hearing-Decisions-10/FileId/137466/
12-10889,appeal,true_duplicate_deleted,byte-identical full_text; discarded source_url: https://doha.ogc.osd.mil/Industrial-Security-Program/Industrial-Security-Clearance-Decisions/ISCR-Hearing-Decisions/Archived-ISCR-Hearing-Decisions/2016-and-Prior-ISCR-Hearing-Decisions-10/FileId/137487/
12-10810,appeal,true_duplicate_deleted,byte-identical full_text; discarded source_url: https://doha.ogc.osd.mil/Industrial-Security-Program/Industrial-Security-Clearance-Decisions/ISCR-Hearing-Decisions/Archived-ISCR-Hearing-Decisions/2016-and-Prior-ISCR-Hearing-Decisions-10/FileId/137481/
12-10934,appeal,true_duplicate_deleted,byte-identical full_text; discarded source_url: https://doha.ogc.osd.mil/Industrial-Security-Program/Industrial-Security-Clearance-Decisions/ISCR-Hearing-Decisions/Archived-ISCR-Hearing-Decisions/2016-and-Prior-ISCR-Hearing-Decisions-10/FileId/137491/
12-10933,appeal,true_duplicate_deleted,byte-identical full_text; discarded source_url: https://doha.ogc.osd.mil/Industrial-Security-Program/Industrial-Security-Clearance-Decisions/ISCR-Hearing-Decisions/Archived-ISCR-Hearing-Decisions/2016-and-Prior-ISCR-Hearing-Decisions-10/FileId/137490/
12-11110,appeal,true_duplicate_deleted,byte-identical full_text; discarded source_url: https://doha.ogc.osd.mil/Industrial-Security-Program/Industrial-Security-Clearance-Decisions/ISCR-Hearing-Decisions/Archived-ISCR-Hearing-Decisions/2016-and-Prior-ISCR-Hearing-Decisions-10/FileId/137508/
12-11371,appeal,true_duplicate_deleted,byte-identical full_text; discarded source_url: https://doha.ogc.osd.mil/Industrial-Security-Program/Industrial-Security-Clearance-Decisions/ISCR-Hearing-Decisions/Archived-ISCR-Hearing-Decisions/2016-and-Prior-ISCR-Hearing-Decisions-10/FileId/137526/
12-11559,appeal,true_duplicate_deleted,byte-identical full_text; discarded source_url: https://doha.ogc.osd.mil/Industrial-Security-Program/Industrial-Security-Clearance-Decisions/ISCR-Hearing-Decisions/Archived-ISCR-Hearing-Decisions/2016-and-Prior-ISCR-Hearing-Decisions-10/FileId/137537/
12-11375,appeal,true_duplicate_deleted,byte-identical full_text; discarded source_url: https://doha.ogc.osd.mil/Industrial-Security-Program/Industrial-Security-Clearance-Decisions/ISCR-Hearing-Decisions/Archived-ISCR-Hearing-Decisions/2016-and-Prior-ISCR-Hearing-Decisions-10/FileId/137527/
12-11097,appeal,true_duplicate_deleted,byte-identical full_text; discarded source_url: https://doha.ogc.osd.mil/Industrial-Security-Program/Industrial-Security-Clearance-Decisions/ISCR-Hearing-Decisions/Archived-ISCR-Hearing-Decisions/2016-and-Prior-ISCR-Hearing-Decisions-10/FileId/137503/
12-11805,appeal,true_duplicate_deleted,byte-identical full_text; discarded source_url: https://doha.ogc.osd.mil/Industrial-Security-Program/Industrial-Security-Clearance-Decisions/ISCR-Hearing-Decisions/Archived-ISCR-Hearing-Decisions/2016-and-Prior-ISCR-Hearing-Decisions-10/FileId/137567/
12-11652,appeal,true_duplicate_deleted,byte-identical full_text; discarded source_url: https://doha.ogc.osd.mil/Industrial-Security-Program/Industrial-Security-Clearance-Decisions/ISCR-Hearing-Decisions/Archived-ISCR-Hearing-Decisions/2016-and-Prior-ISCR-Hearing-Decisions-10/FileId/137546/
12-11660,appeal,true_duplicate_deleted,byte-identical full_text; discarded source_url: https://doha.ogc.osd.mil/Industrial-Security-Program/Industrial-Security-Clearance-Decisions/ISCR-Hearing-Decisions/Archived-ISCR-Hearing-Decisions/2016-and-Prior-ISCR-Hearing-Decisions-10/FileId/137550/
12-11795,appeal,true_duplicate_deleted,byte-identical full_text; discarded source_url: https://doha.ogc.osd.mil/Industrial-Security-Program/Industrial-Security-Clearance-Decisions/ISCR-Hearing-Decisions/Archived-ISCR-Hearing-Decisions/2016-and-Prior-ISCR-Hearing-Decisions-10/FileId/137561/
12-12051,appeal,true_duplicate_deleted,byte-identical full_text; discarded source_url: https://doha.ogc.osd.mil/Industrial-Security-Program/Industrial-Security-Clearance-Decisions/ISCR-Hearing-Decisions/Archived-ISCR-Hearing-Decisions/2016-and-Prior-ISCR-Hearing-Decisions-10/FileId/137576/
12-12172,appeal,true_duplicate_deleted,byte-identical full_text; discarded source_url: https://doha.ogc.osd.mil/Industrial-Security-Program/Industrial-Security-Clearance-Decisions/ISCR-Hearing-Decisions/Archived-ISCR-Hearing-Decisions/2016-and-Prior-ISCR-Hearing-Decisions-10/FileId/137590/
12-11933,appeal,true_duplicate_deleted,byte-identical full_text; discarded source_url: https://doha.ogc.osd.mil/Industrial-Security-Program/Industrial-Security-Clearance-Decisions/ISCR-Hearing-Decisions/Archived-ISCR-Hearing-Decisions/2016-and-Prior-ISCR-Hearing-Decisions-10/FileId/137572/
12-12139,appeal,true_duplicate_deleted,byte-identical full_text; discarded source_url: https://doha.ogc.osd.mil/Industrial-Security-Program/Industrial-Security-Clearance-Decisions/ISCR-Hearing-Decisions/Archived-ISCR-Hearing-Decisions/2016-and-Prior-ISCR-Hearing-Decisions-10/FileId/137583/
12-12301,appeal,true_duplicate_deleted,byte-identical full_text; discarded source_url: https://doha.ogc.osd.mil/Industrial-Security-Program/Industrial-Security-Clearance-Decisions/ISCR-Hearing-Decisions/Archived-ISCR-Hearing-Decisions/2016-and-Prior-ISCR-Hearing-Decisions-10/FileId/137600/
12-12188,appeal,true_duplicate_deleted,byte-identical full_text; discarded source_url: https://doha.ogc.osd.mil/Industrial-Security-Program/Industrial-Security-Clearance-Decisions/ISCR-Hearing-Decisions/Archived-ISCR-Hearing-Decisions/2016-and-Prior-ISCR-Hearing-Decisions-10/FileId/137591/
12-12192,appeal,true_duplicate_deleted,byte-identical full_text; discarded source_url: https://doha.ogc.osd.mil/Industrial-Security-Program/Industrial-Security-Clearance-Decisions/ISCR-Hearing-Decisions/Archived-ISCR-Hearing-Decisions/2016-and-Prior-ISCR-Hearing-Decisions-10/FileId/137593/
13-00081,appeal,true_duplicate_deleted,byte-identical full_text; discarded source_url: https://doha.ogc.osd.mil/Industrial-Security-Program/Industrial-Security-Clearance-Decisions/ISCR-Hearing-Decisions/Archived-ISCR-Hearing-Decisions/2016-and-Prior-ISCR-Hearing-Decisions-10/FileId/137612/
13-00137,appeal,true_duplicate_deleted,byte-identical full_text; discarded source_url: https://doha.ogc.osd.mil/Industrial-Security-Program/Industrial-Security-Clearance-Decisions/ISCR-Hearing-Decisions/Archived-ISCR-Hearing-Decisions/2016-and-Prior-ISCR-Hearing-Decisions-10/FileId/137621/
13-00142,appeal,true_duplicate_deleted,byte-identical full_text; discarded source_url: https://doha.ogc.osd.mil/Industrial-Security-Program/Industrial-Security-Clearance-Decisions/ISCR-Hearing-Decisions/Archived-ISCR-Hearing-Decisions/2016-and-Prior-ISCR-Hearing-Decisions-10/FileId/137623/
12-11679,appeal,true_duplicate_deleted,byte-identical full_text; discarded source_url: https://doha.ogc.osd.mil/Industrial-Security-Program/Industrial-Security-Clearance-Decisions/ISCR-Hearing-Decisions/Archived-ISCR-Hearing-Decisions/2016-and-Prior-ISCR-Hearing-Decisions-10/FileId/137552/
13-00175,appeal,true_duplicate_deleted,byte-identical full_text; discarded source_url: https://doha.ogc.osd.mil/Industrial-Security-Program/Industrial-Security-Clearance-Decisions/ISCR-Hearing-Decisions/Archived-ISCR-Hearing-Decisions/2016-and-Prior-ISCR-Hearing-Decisions-10/FileId/137626/
13-00255,appeal,true_duplicate_deleted,byte-identical full_text; discarded source_url: https://doha.ogc.osd.mil/Industrial-Security-Program/Industrial-Security-Clearance-Decisions/ISCR-Hearing-Decisions/Archived-ISCR-Hearing-Decisions/2016-and-Prior-ISCR-Hearing-Decisions-10/FileId/137630/
13-00310,appeal,true_duplicate_deleted,byte-identical full_text; discarded source_url: https://doha.ogc.osd.mil/Industrial-Security-Program/Industrial-Security-Clearance-Decisions/ISCR-Hearing-Decisions/Archived-ISCR-Hearing-Decisions/2016-and-Prior-ISCR-Hearing-Decisions-10/FileId/137638/
13-00311,appeal,true_duplicate_deleted,byte-identical full_text; discarded source_url: https://doha.ogc.osd.mil/Industrial-Security-Program/Industrial-Security-Clearance-Decisions/ISCR-Hearing-Decisions/Archived-ISCR-Hearing-Decisions/2016-and-Prior-ISCR-Hearing-Decisions-10/FileId/137644/
13-00397,appeal,true_duplicate_deleted,byte-identical full_text; discarded source_url: https://doha.ogc.osd.mil/Industrial-Security-Program/Industrial-Security-Clearance-Decisions/ISCR-Hearing-Decisions/Archived-ISCR-Hearing-Decisions/2016-and-Prior-ISCR-Hearing-Decisions-10/FileId/137663/
13-00464,appeal,true_duplicate_deleted,byte-identical full_text; discarded source_url: https://doha.ogc.osd.mil/Industrial-Security-Program/Industrial-Security-Clearance-Decisions/ISCR-Hearing-Decisions/Archived-ISCR-Hearing-Decisions/2016-and-Prior-ISCR-Hearing-Decisions-10/FileId/137677/
13-00546,appeal,true_duplicate_deleted,byte-identical full_text; discarded source_url: https://doha.ogc.osd.mil/Industrial-Security-Program/Industrial-Security-Clearance-Decisions/ISCR-Hearing-Decisions/Archived-ISCR-Hearing-Decisions/2016-and-Prior-ISCR-Hearing-Decisions-10/FileId/137696/
13-00559,appeal,true_duplicate_deleted,byte-identical full_text; discarded source_url: https://doha.ogc.osd.mil/Industrial-Security-Program/Industrial-Security-Clearance-Decisions/ISCR-Hearing-Decisions/Archived-ISCR-Hearing-Decisions/2016-and-Prior-ISCR-Hearing-Decisions-10/FileId/137699/
13-00584,appeal,true_duplicate_deleted,byte-identical full_text; discarded source_url: https://doha.ogc.osd.mil/Industrial-Security-Program/Industrial-Security-Clearance-Decisions/ISCR-Hearing-Decisions/Archived-ISCR-Hearing-Decisions/2016-and-Prior-ISCR-Hearing-Decisions-10/FileId/137705/
13-00596,appeal,true_duplicate_deleted,byte-identical full_text; discarded source_url: https://doha.ogc.osd.mil/Industrial-Security-Program/Industrial-Security-Clearance-Decisions/ISCR-Hearing-Decisions/Archived-ISCR-Hearing-Decisions/2016-and-Prior-ISCR-Hearing-Decisions-10/FileId/137707/
13-00633,appeal,true_duplicate_deleted,byte-identical full_text; discarded source_url: https://doha.ogc.osd.mil/Industrial-Security-Program/Industrial-Security-Clearance-Decisions/ISCR-Hearing-Decisions/Archived-ISCR-Hearing-Decisions/2016-and-Prior-ISCR-Hearing-Decisions-10/FileId/137719/
13-00676,appeal,true_duplicate_deleted,byte-identical full_text; discarded source_url: https://doha.ogc.osd.mil/Industrial-Security-Program/Industrial-Security-Clearance-Decisions/ISCR-Hearing-Decisions/Archived-ISCR-Hearing-Decisions/2016-and-Prior-ISCR-Hearing-Decisions-10/FileId/137727/
13-00705,appeal,true_duplicate_deleted,byte-identical full_text; discarded source_url: https://doha.ogc.osd.mil/Industrial-Security-Program/Industrial-Security-Clearance-Decisions/ISCR-Hearing-Decisions/Archived-ISCR-Hearing-Decisions/2016-and-Prior-ISCR-Hearing-Decisions-10/FileId/137734/
13-00785,appeal,true_duplicate_deleted,byte-identical full_text; discarded source_url: https://doha.ogc.osd.mil/Industrial-Security-Program/Industrial-Security-Clearance-Decisions/ISCR-Hearing-Decisions/Archived-ISCR-Hearing-Decisions/2016-and-Prior-ISCR-Hearing-Decisions-10/FileId/137753/
13-00786,appeal,true_duplicate_deleted,byte-identical full_text; discarded source_url: https://doha.ogc.osd.mil/Industrial-Security-Program/Industrial-Security-Clearance-Decisions/ISCR-Hearing-Decisions/Archived-ISCR-Hearing-Decisions/2016-and-Prior-ISCR-Hearing-Decisions-10/FileId/137754/
13-00828,appeal,true_duplicate_deleted,byte-identical full_text; discarded source_url: https://doha.ogc.osd.mil/Industrial-Security-Program/Industrial-Security-Clearance-Decisions/ISCR-Hearing-Decisions/Archived-ISCR-Hearing-Decisions/2016-and-Prior-ISCR-Hearing-Decisions-10/FileId/137756/
13-00917,appeal,true_duplicate_deleted,byte-identical full_text; discarded source_url: https://doha.ogc.osd.mil/Industrial-Security-Program/Industrial-Security-Clearance-Decisions/ISCR-Hearing-Decisions/Archived-ISCR-Hearing-Decisions/2016-and-Prior-ISCR-Hearing-Decisions-10/FileId/137774/
13-00987,appeal,true_duplicate_deleted,byte-identical full_text; discarded source_url: https://doha.ogc.osd.mil/Industrial-Security-Program/Industrial-Security-Clearance-Decisions/ISCR-Hearing-Decisions/Archived-ISCR-Hearing-Decisions/2016-and-Prior-ISCR-Hearing-Decisions-10/FileId/137785/
13-01008,appeal,true_duplicate_deleted,byte-identical full_text; discarded source_url: https://doha.ogc.osd.mil/Industrial-Security-Program/Industrial-Security-Clearance-Decisions/ISCR-Hearing-Decisions/Archived-ISCR-Hearing-Decisions/2016-and-Prior-ISCR-Hearing-Decisions-10/FileId/137796/
13-01074,appeal,true_duplicate_deleted,byte-identical full_text; discarded source_url: https://doha.ogc.osd.mil/Industrial-Security-Program/Industrial-Security-Clearance-Decisions/ISCR-Hearing-Decisions/Archived-ISCR-Hearing-Decisions/2016-and-Prior-ISCR-Hearing-Decisions-10/FileId/137816/
13-01187,appeal,true_duplicate_deleted,byte-identical full_text; discarded source_url: https://doha.ogc.osd.mil/Industrial-Security-Program/Industrial-Security-Clearance-Decisions/ISCR-Hearing-Decisions/Archived-ISCR-Hearing-Decisions/2016-and-Prior-ISCR-Hearing-Decisions-10/FileId/137845/
13-00375,appeal,true_duplicate_deleted,byte-identical full_text; discarded source_url: https://doha.ogc.osd.mil/Industrial-Security-Program/Industrial-Security-Clearance-Decisions/ISCR-Hearing-Decisions/Archived-ISCR-Hearing-Decisions/2016-and-Prior-ISCR-Hearing-Decisions-10/FileId/137658/
13-01241,appeal,true_duplicate_deleted,byte-identical full_text; discarded source_url: https://doha.ogc.osd.mil/Industrial-Security-Program/Industrial-Security-Clearance-Decisions/ISCR-Hearing-Decisions/Archived-ISCR-Hearing-Decisions/2016-and-Prior-ISCR-Hearing-Decisions-10/FileId/137860/
13-01281,appeal,true_duplicate_deleted,byte-identical full_text; discarded source_url: https://doha.ogc.osd.mil/Industrial-Security-Program/Industrial-Security-Clearance-Decisions/ISCR-Hearing-Decisions/Archived-ISCR-Hearing-Decisions/2016-and-Prior-ISCR-Hearing-Decisions-10/FileId/137875/
13-01297,appeal,true_duplicate_deleted,byte-identical full_text; discarded source_url: https://doha.ogc.osd.mil/Industrial-Security-Program/Industrial-Security-Clearance-Decisions/ISCR-Hearing-Decisions/Archived-ISCR-Hearing-Decisions/2016-and-Prior-ISCR-Hearing-Decisions-10/FileId/137882/
13-01303,appeal,true_duplicate_deleted,byte-identical full_text; discarded source_url: https://doha.ogc.osd.mil/Industrial-Security-Program/Industrial-Security-Clearance-Decisions/ISCR-Hearing-Decisions/Archived-ISCR-Hearing-Decisions/2016-and-Prior-ISCR-Hearing-Decisions-10/FileId/137888/
13-01328,appeal,true_duplicate_deleted,byte-identical full_text; discarded source_url: https://doha.ogc.osd.mil/Industrial-Security-Program/Industrial-Security-Clearance-Decisions/ISCR-Hearing-Decisions/Archived-ISCR-Hearing-Decisions/2016-and-Prior-ISCR-Hearing-Decisions-10/FileId/137902/
13-01332,appeal,true_duplicate_deleted,byte-identical full_text; discarded source_url: https://doha.ogc.osd.mil/Industrial-Security-Program/Industrial-Security-Clearance-Decisions/ISCR-Hearing-Decisions/Archived-ISCR-Hearing-Decisions/2016-and-Prior-ISCR-Hearing-Decisions-10/FileId/137907/
13-01341,appeal,true_duplicate_deleted,byte-identical full_text; discarded source_url: https://doha.ogc.osd.mil/Industrial-Security-Program/Industrial-Security-Clearance-Decisions/ISCR-Hearing-Decisions/Archived-ISCR-Hearing-Decisions/2016-and-Prior-ISCR-Hearing-Decisions-10/FileId/137909/
13-12407,appeal,true_duplicate_deleted,byte-identical full_text; discarded source_url: https://doha.ogc.osd.mil/Industrial-Security-Program/Industrial-Security-Clearance-Decisions/ISCR-Hearing-Decisions/Archived-ISCR-Hearing-Decisions/2016-and-Prior-ISCR-Hearing-Decisions-10/FileId/137927/
14-00019,appeal,true_duplicate_deleted,byte-identical full_text; discarded source_url: https://doha.ogc.osd.mil/Industrial-Security-Program/Industrial-Security-Clearance-Decisions/ISCR-Hearing-Decisions/Archived-ISCR-Hearing-Decisions/2016-and-Prior-ISCR-Hearing-Decisions-10/FileId/137932/
14-00151,appeal,true_duplicate_deleted,byte-identical full_text; discarded source_url: https://doha.ogc.osd.mil/Industrial-Security-Program/Industrial-Security-Clearance-Decisions/ISCR-Hearing-Decisions/Archived-ISCR-Hearing-Decisions/2016-and-Prior-ISCR-Hearing-Decisions-10/FileId/136860/
14-00114,appeal,true_duplicate_deleted,byte-identical full_text; discarded source_url: https://doha.ogc.osd.mil/Industrial-Security-Program/Industrial-Security-Clearance-Decisions/ISCR-Hearing-Decisions/Archived-ISCR-Hearing-Decisions/2016-and-Prior-ISCR-Hearing-Decisions-10/FileId/137966/
14-00156,appeal,true_duplicate_deleted,byte-identical full_text; discarded source_url: https://doha.ogc.osd.mil/Industrial-Security-Program/Industrial-Security-Clearance-Decisions/ISCR-Hearing-Decisions/Archived-ISCR-Hearing-Decisions/2016-and-Prior-ISCR-Hearing-Decisions-10/FileId/136867/
13-01305,appeal,true_duplicate_deleted,byte-identical full_text; discarded source_url: https://doha.ogc.osd.mil/Industrial-Security-Program/Industrial-Security-Clearance-Decisions/ISCR-Hearing-Decisions/Archived-ISCR-Hearing-Decisions/2016-and-Prior-ISCR-Hearing-Decisions-10/FileId/137889/
14-00161,appeal,true_duplicate_deleted,byte-identical full_text; discarded source_url: https://doha.ogc.osd.mil/Industrial-Security-Program/Industrial-Security-Clearance-Decisions/ISCR-Hearing-Decisions/Archived-ISCR-Hearing-Decisions/2016-and-Prior-ISCR-Hearing-Decisions-10/FileId/136868/
14-00210,appeal,true_duplicate_deleted,byte-identical full_text; discarded source_url: https://doha.ogc.osd.mil/Industrial-Security-Program/Industrial-Security-Clearance-Decisions/ISCR-Hearing-Decisions/Archived-ISCR-Hearing-Decisions/2016-and-Prior-ISCR-Hearing-Decisions-11/FileId/138124/
14-00173,appeal,true_duplicate_deleted,byte-identical full_text; discarded source_url: https://doha.ogc.osd.mil/Industrial-Security-Program/Industrial-Security-Clearance-Decisions/ISCR-Hearing-Decisions/Archived-ISCR-Hearing-Decisions/2016-and-Prior-ISCR-Hearing-Decisions-10/FileId/136877/
14-00221,appeal,true_duplicate_deleted,byte-identical full_text; discarded source_url: https://doha.ogc.osd.mil/Industrial-Security-Program/Industrial-Security-Clearance-Decisions/ISCR-Hearing-Decisions/Archived-ISCR-Hearing-Decisions/2016-and-Prior-ISCR-Hearing-Decisions-11/FileId/138132/
14-00246,appeal,true_duplicate_deleted,byte-identical full_text; discarded source_url: https://doha.ogc.osd.mil/Industrial-Security-Program/Industrial-Security-Clearance-Decisions/ISCR-Hearing-Decisions/Archived-ISCR-Hearing-Decisions/2016-and-Prior-ISCR-Hearing-Decisions-11/FileId/138148/
14-00251,appeal,true_duplicate_deleted,byte-identical full_text; discarded source_url: https://doha.ogc.osd.mil/Industrial-Security-Program/Industrial-Security-Clearance-Decisions/ISCR-Hearing-Decisions/Archived-ISCR-Hearing-Decisions/2016-and-Prior-ISCR-Hearing-Decisions-11/FileId/138149/
14-00279,appeal,true_duplicate_deleted,byte-identical full_text; discarded source_url: https://doha.ogc.osd.mil/Industrial-Security-Program/Industrial-Security-Clearance-Decisions/ISCR-Hearing-Decisions/Archived-ISCR-Hearing-Decisions/2016-and-Prior-ISCR-Hearing-Decisions-11/FileId/138158/
14-00234,appeal,true_duplicate_deleted,byte-identical full_text; discarded source_url: https://doha.ogc.osd.mil/Industrial-Security-Program/Industrial-Security-Clearance-Decisions/ISCR-Hearing-Decisions/Archived-ISCR-Hearing-Decisions/2016-and-Prior-ISCR-Hearing-Decisions-11/FileId/138141/
14-00281,appeal,true_duplicate_deleted,byte-identical full_text; discarded source_url: https://doha.ogc.osd.mil/Industrial-Security-Program/Industrial-Security-Clearance-Decisions/ISCR-Hearing-Decisions/Archived-ISCR-Hearing-Decisions/2016-and-Prior-ISCR-Hearing-Decisions-11/FileId/138164/
14-00321,appeal,true_duplicate_deleted,byte-identical full_text; discarded source_url: https://doha.ogc.osd.mil/Industrial-Security-Program/Industrial-Security-Clearance-Decisions/ISCR-Hearing-Decisions/Archived-ISCR-Hearing-Decisions/2016-and-Prior-ISCR-Hearing-Decisions-11/FileId/138171/
14-00280,appeal,true_duplicate_deleted,byte-identical full_text; discarded source_url: https://doha.ogc.osd.mil/Industrial-Security-Program/Industrial-Security-Clearance-Decisions/ISCR-Hearing-Decisions/Archived-ISCR-Hearing-Decisions/2016-and-Prior-ISCR-Hearing-Decisions-11/FileId/138160/
14-00330,appeal,true_duplicate_deleted,byte-identical full_text; discarded source_url: https://doha.ogc.osd.mil/Industrial-Security-Program/Industrial-Security-Clearance-Decisions/ISCR-Hearing-Decisions/Archived-ISCR-Hearing-Decisions/2016-and-Prior-ISCR-Hearing-Decisions-11/FileId/138176/
14-00363,appeal,true_duplicate_deleted,byte-identical full_text; discarded source_url: https://doha.ogc.osd.mil/Industrial-Security-Program/Industrial-Security-Clearance-Decisions/ISCR-Hearing-Decisions/Archived-ISCR-Hearing-Decisions/2016-and-Prior-ISCR-Hearing-Decisions-11/FileId/138190/
14-00398,appeal,true_duplicate_deleted,byte-identical full_text; discarded source_url: https://doha.ogc.osd.mil/Industrial-Security-Program/Industrial-Security-Clearance-Decisions/ISCR-Hearing-Decisions/Archived-ISCR-Hearing-Decisions/2016-and-Prior-ISCR-Hearing-Decisions-11/FileId/138211/
14-00429,appeal,true_duplicate_deleted,byte-identical full_text; discarded source_url: https://doha.ogc.osd.mil/Industrial-Security-Program/Industrial-Security-Clearance-Decisions/ISCR-Hearing-Decisions/Archived-ISCR-Hearing-Decisions/2016-and-Prior-ISCR-Hearing-Decisions-11/FileId/138223/
14-00434,appeal,true_duplicate_deleted,byte-identical full_text; discarded source_url: https://doha.ogc.osd.mil/Industrial-Security-Program/Industrial-Security-Clearance-Decisions/ISCR-Hearing-Decisions/Archived-ISCR-Hearing-Decisions/2016-and-Prior-ISCR-Hearing-Decisions-11/FileId/138225/
14-00228,appeal,true_duplicate_deleted,byte-identical full_text; discarded source_url: https://doha.ogc.osd.mil/Industrial-Security-Program/Industrial-Security-Clearance-Decisions/ISCR-Hearing-Decisions/Archived-ISCR-Hearing-Decisions/2016-and-Prior-ISCR-Hearing-Decisions-11/FileId/138136/
14-00474,appeal,true_duplicate_deleted,byte-identical full_text; discarded source_url: https://doha.ogc.osd.mil/Industrial-Security-Program/Industrial-Security-Clearance-Decisions/ISCR-Hearing-Decisions/Archived-ISCR-Hearing-Decisions/2016-and-Prior-ISCR-Hearing-Decisions-11/FileId/138246/
14-00480,appeal,true_duplicate_deleted,byte-identical full_text; discarded source_url: https://doha.ogc.osd.mil/Industrial-Security-Program/Industrial-Security-Clearance-Decisions/ISCR-Hearing-Decisions/Archived-ISCR-Hearing-Decisions/2016-and-Prior-ISCR-Hearing-Decisions-11/FileId/138248/
14-00504,appeal,true_duplicate_deleted,byte-identical full_text; discarded source_url: https://doha.ogc.osd.mil/Industrial-Security-Program/Industrial-Security-Clearance-Decisions/ISCR-Hearing-Decisions/Archived-ISCR-Hearing-Decisions/2016-and-Prior-ISCR-Hearing-Decisions-11/FileId/138259/
14-00508,appeal,true_duplicate_deleted,byte-identical full_text; discarded source_url: https://doha.ogc.osd.mil/Industrial-Security-Program/Industrial-Security-Clearance-Decisions/ISCR-Hearing-Decisions/Archived-ISCR-Hearing-Decisions/2016-and-Prior-ISCR-Hearing-Decisions-11/FileId/138265/
14-00566,appeal,true_duplicate_deleted,byte-identical full_text; discarded source_url: https://doha.ogc.osd.mil/Industrial-Security-Program/Industrial-Security-Clearance-Decisions/ISCR-Hearing-Decisions/Archived-ISCR-Hearing-Decisions/2016-and-Prior-ISCR-Hearing-Decisions-11/FileId/138280/
14-00590,appeal,true_duplicate_deleted,byte-identical full_text; discarded source_url: https://doha.ogc.osd.mil/Industrial-Security-Program/Industrial-Security-Clearance-Decisions/ISCR-Hearing-Decisions/Archived-ISCR-Hearing-Decisions/2016-and-Prior-ISCR-Hearing-Decisions-11/FileId/138287/
14-00586,appeal,true_duplicate_deleted,byte-identical full_text; discarded source_url: https://doha.ogc.osd.mil/Industrial-Security-Program/Industrial-Security-Clearance-Decisions/ISCR-Hearing-Decisions/Archived-ISCR-Hearing-Decisions/2016-and-Prior-ISCR-Hearing-Decisions-11/FileId/138286/
14-00509,appeal,true_duplicate_deleted,byte-identical full_text; discarded source_url: https://doha.ogc.osd.mil/Industrial-Security-Program/Industrial-Security-Clearance-Decisions/ISCR-Hearing-Decisions/Archived-ISCR-Hearing-Decisions/2016-and-Prior-ISCR-Hearing-Decisions-11/FileId/138266/
14-00597,appeal,true_duplicate_deleted,byte-identical full_text; discarded source_url: https://doha.ogc.osd.mil/Industrial-Security-Program/Industrial-Security-Clearance-Decisions/ISCR-Hearing-Decisions/Archived-ISCR-Hearing-Decisions/2016-and-Prior-ISCR-Hearing-Decisions-11/FileId/138292/
14-00606,appeal,true_duplicate_deleted,byte-identical full_text; discarded source_url: https://doha.ogc.osd.mil/Industrial-Security-Program/Industrial-Security-Clearance-Decisions/ISCR-Hearing-Decisions/Archived-ISCR-Hearing-Decisions/2016-and-Prior-ISCR-Hearing-Decisions-11/FileId/138297/
14-00667,appeal,true_duplicate_deleted,byte-identical full_text; discarded source_url: https://doha.ogc.osd.mil/Industrial-Security-Program/Industrial-Security-Clearance-Decisions/ISCR-Hearing-Decisions/Archived-ISCR-Hearing-Decisions/2016-and-Prior-ISCR-Hearing-Decisions-11/FileId/138320/
14-00631,appeal,true_duplicate_deleted,byte-identical full_text; discarded source_url: https://doha.ogc.osd.mil/Industrial-Security-Program/Industrial-Security-Clearance-Decisions/ISCR-Hearing-Decisions/Archived-ISCR-Hearing-Decisions/2016-and-Prior-ISCR-Hearing-Decisions-11/FileId/138307/
14-00700,appeal,true_duplicate_deleted,byte-identical full_text; discarded source_url: https://doha.ogc.osd.mil/Industrial-Security-Program/Industrial-Security-Clearance-Decisions/ISCR-Hearing-Decisions/Archived-ISCR-Hearing-Decisions/2016-and-Prior-ISCR-Hearing-Decisions-11/FileId/138329/
14-00714,appeal,true_duplicate_deleted,byte-identical full_text; discarded source_url: https://doha.ogc.osd.mil/Industrial-Security-Program/Industrial-Security-Clearance-Decisions/ISCR-Hearing-Decisions/Archived-ISCR-Hearing-Decisions/2016-and-Prior-ISCR-Hearing-Decisions-11/FileId/138335/
14-00715,appeal,true_duplicate_deleted,byte-identical full_text; discarded source_url: https://doha.ogc.osd.mil/Industrial-Security-Program/Industrial-Security-Clearance-Decisions/ISCR-Hearing-Decisions/Archived-ISCR-Hearing-Decisions/2016-and-Prior-ISCR-Hearing-Decisions-11/FileId/138337/
14-00775,appeal,true_duplicate_deleted,byte-identical full_text; discarded source_url: https://doha.ogc.osd.mil/Industrial-Security-Program/Industrial-Security-Clearance-Decisions/ISCR-Hearing-Decisions/Archived-ISCR-Hearing-Decisions/2016-and-Prior-ISCR-Hearing-Decisions-11/FileId/138350/
14-00683,appeal,true_duplicate_deleted,byte-identical full_text; discarded source_url: https://doha.ogc.osd.mil/Industrial-Security-Program/Industrial-Security-Clearance-Decisions/ISCR-Hearing-Decisions/Archived-ISCR-Hearing-Decisions/2016-and-Prior-ISCR-Hearing-Decisions-11/FileId/138327/
14-00812,appeal,true_duplicate_deleted,byte-identical full_text; discarded source_url: https://doha.ogc.osd.mil/Industrial-Security-Program/Industrial-Security-Clearance-Decisions/ISCR-Hearing-Decisions/Archived-ISCR-Hearing-Decisions/2016-and-Prior-ISCR-Hearing-Decisions-11/FileId/138365/
14-00857,appeal,true_duplicate_deleted,byte-identical full_text; discarded source_url: https://doha.ogc.osd.mil/Industrial-Security-Program/Industrial-Security-Clearance-Decisions/ISCR-Hearing-Decisions/Archived-ISCR-Hearing-Decisions/2016-and-Prior-ISCR-Hearing-Decisions-11/FileId/138378/
14-00860,appeal,true_duplicate_deleted,byte-identical full_text; discarded source_url: https://doha.ogc.osd.mil/Industrial-Security-Program/Industrial-Security-Clearance-Decisions/ISCR-Hearing-Decisions/Archived-ISCR-Hearing-Decisions/2016-and-Prior-ISCR-Hearing-Decisions-11/FileId/138380/
14-00892,appeal,true_duplicate_deleted,byte-identical full_text; discarded source_url: https://doha.ogc.osd.mil/Industrial-Security-Program/Industrial-Security-Clearance-Decisions/ISCR-Hearing-Decisions/Archived-ISCR-Hearing-Decisions/2016-and-Prior-ISCR-Hearing-Decisions-11/FileId/138394/
14-00922,appeal,true_duplicate_deleted,byte-identical full_text; discarded source_url: https://doha.ogc.osd.mil/Industrial-Security-Program/Industrial-Security-Clearance-Decisions/ISCR-Hearing-Decisions/Archived-ISCR-Hearing-Decisions/2016-and-Prior-ISCR-Hearing-Decisions-11/FileId/138412/
14-00952,appeal,true_duplicate_deleted,byte-identical full_text; discarded source_url: https://doha.ogc.osd.mil/Industrial-Security-Program/Industrial-Security-Clearance-Decisions/ISCR-Hearing-Decisions/Archived-ISCR-Hearing-Decisions/2016-and-Prior-ISCR-Hearing-Decisions-11/FileId/138418/
14-00963,appeal,true_duplicate_deleted,byte-identical full_text; discarded source_url: https://doha.ogc.osd.mil/Industrial-Security-Program/Industrial-Security-Clearance-Decisions/ISCR-Hearing-Decisions/Archived-ISCR-Hearing-Decisions/2016-and-Prior-ISCR-Hearing-Decisions-11/FileId/138424/
14-00967,appeal,true_duplicate_deleted,byte-identical full_text; discarded source_url: https://doha.ogc.osd.mil/Industrial-Security-Program/Industrial-Security-Clearance-Decisions/ISCR-Hearing-Decisions/Archived-ISCR-Hearing-Decisions/2016-and-Prior-ISCR-Hearing-Decisions-11/FileId/138426/
14-00976,appeal,true_duplicate_deleted,byte-identical full_text; discarded source_url: https://doha.ogc.osd.mil/Industrial-Security-Program/Industrial-Security-Clearance-Decisions/ISCR-Hearing-Decisions/Archived-ISCR-Hearing-Decisions/2016-and-Prior-ISCR-Hearing-Decisions-11/FileId/138432/
14-00978,appeal,true_duplicate_deleted,byte-identical full_text; discarded source_url: https://doha.ogc.osd.mil/Industrial-Security-Program/Industrial-Security-Clearance-Decisions/ISCR-Hearing-Decisions/Archived-ISCR-Hearing-Decisions/2016-and-Prior-ISCR-Hearing-Decisions-11/FileId/138431/
14-00914,appeal,true_duplicate_deleted,byte-identical full_text; discarded source_url: https://doha.ogc.osd.mil/Industrial-Security-Program/Industrial-Security-Clearance-Decisions/ISCR-Hearing-Decisions/Archived-ISCR-Hearing-Decisions/2016-and-Prior-ISCR-Hearing-Decisions-11/FileId/138404/
14-00996,appeal,true_duplicate_deleted,byte-identical full_text; discarded source_url: https://doha.ogc.osd.mil/Industrial-Security-Program/Industrial-Security-Clearance-Decisions/ISCR-Hearing-Decisions/Archived-ISCR-Hearing-Decisions/2016-and-Prior-ISCR-Hearing-Decisions-11/FileId/138436/
14-00998,appeal,true_duplicate_deleted,byte-identical full_text; discarded source_url: https://doha.ogc.osd.mil/Industrial-Security-Program/Industrial-Security-Clearance-Decisions/ISCR-Hearing-Decisions/Archived-ISCR-Hearing-Decisions/2016-and-Prior-ISCR-Hearing-Decisions-11/FileId/138441/
14-01031,appeal,true_duplicate_deleted,byte-identical full_text; discarded source_url: https://doha.ogc.osd.mil/Industrial-Security-Program/Industrial-Security-Clearance-Decisions/ISCR-Hearing-Decisions/Archived-ISCR-Hearing-Decisions/2016-and-Prior-ISCR-Hearing-Decisions-11/FileId/138450/
14-01056,appeal,true_duplicate_deleted,byte-identical full_text; discarded source_url: https://doha.ogc.osd.mil/Industrial-Security-Program/Industrial-Security-Clearance-Decisions/ISCR-Hearing-Decisions/Archived-ISCR-Hearing-Decisions/2016-and-Prior-ISCR-Hearing-Decisions-11/FileId/138461/
14-01077,appeal,true_duplicate_deleted,byte-identical full_text; discarded source_url: https://doha.ogc.osd.mil/Industrial-Security-Program/Industrial-Security-Clearance-Decisions/ISCR-Hearing-Decisions/Archived-ISCR-Hearing-Decisions/2016-and-Prior-ISCR-Hearing-Decisions-11/FileId/138467/
14-01170,appeal,true_duplicate_deleted,byte-identical full_text; discarded source_url: https://doha.ogc.osd.mil/Industrial-Security-Program/Industrial-Security-Clearance-Decisions/ISCR-Hearing-Decisions/Archived-ISCR-Hearing-Decisions/2016-and-Prior-ISCR-Hearing-Decisions-11/FileId/138506/
14-01239,appeal,true_duplicate_deleted,byte-identical full_text; discarded source_url: https://doha.ogc.osd.mil/Industrial-Security-Program/Industrial-Security-Clearance-Decisions/ISCR-Hearing-Decisions/Archived-ISCR-Hearing-Decisions/2016-and-Prior-ISCR-Hearing-Decisions-11/FileId/138536/
14-01176,appeal,true_duplicate_deleted,byte-identical full_text; discarded source_url: https://doha.ogc.osd.mil/Industrial-Security-Program/Industrial-Security-Clearance-Decisions/ISCR-Hearing-Decisions/Archived-ISCR-Hearing-Decisions/2016-and-Prior-ISCR-Hearing-Decisions-11/FileId/138512/
14-01243,appeal,true_duplicate_deleted,byte-identical full_text; discarded source_url: https://doha.ogc.osd.mil/Industrial-Security-Program/Industrial-Security-Clearance-Decisions/ISCR-Hearing-Decisions/Archived-ISCR-Hearing-Decisions/2016-and-Prior-ISCR-Hearing-Decisions-11/FileId/138540/
14-01080,appeal,true_duplicate_deleted,byte-identical full_text; discarded source_url: https://doha.ogc.osd.mil/Industrial-Security-Program/Industrial-Security-Clearance-Decisions/ISCR-Hearing-Decisions/Archived-ISCR-Hearing-Decisions/2016-and-Prior-ISCR-Hearing-Decisions-11/FileId/138471/
14-01231,appeal,true_duplicate_deleted,byte-identical full_text; discarded source_url: https://doha.ogc.osd.mil/Industrial-Security-Program/Industrial-Security-Clearance-Decisions/ISCR-Hearing-Decisions/Archived-ISCR-Hearing-Decisions/2016-and-Prior-ISCR-Hearing-Decisions-11/FileId/138529/
14-01253,appeal,true_duplicate_deleted,byte-identical full_text; discarded source_url: https://doha.ogc.osd.mil/Industrial-Security-Program/Industrial-Security-Clearance-Decisions/ISCR-Hearing-Decisions/Archived-ISCR-Hearing-Decisions/2016-and-Prior-ISCR-Hearing-Decisions-11/FileId/138541/
14-01255,appeal,true_duplicate_deleted,byte-identical full_text; discarded source_url: https://doha.ogc.osd.mil/Industrial-Security-Program/Industrial-Security-Clearance-Decisions/ISCR-Hearing-Decisions/Archived-ISCR-Hearing-Decisions/2016-and-Prior-ISCR-Hearing-Decisions-11/FileId/138545/
14-01386,appeal,true_duplicate_deleted,byte-identical full_text; discarded source_url: https://doha.ogc.osd.mil/Industrial-Security-Program/Industrial-Security-Clearance-Decisions/ISCR-Hearing-Decisions/Archived-ISCR-Hearing-Decisions/2016-and-Prior-ISCR-Hearing-Decisions-11/FileId/138586/
14-01284,appeal,true_duplicate_deleted,byte-identical full_text; discarded source_url: https://doha.ogc.osd.mil/Industrial-Security-Program/Industrial-Security-Clearance-Decisions/ISCR-Hearing-Decisions/Archived-ISCR-Hearing-Decisions/2016-and-Prior-ISCR-Hearing-Decisions-11/FileId/138560/
14-01479,appeal,true_duplicate_deleted,byte-identical full_text; discarded source_url: https://doha.ogc.osd.mil/Industrial-Security-Program/Industrial-Security-Clearance-Decisions/ISCR-Hearing-Decisions/Archived-ISCR-Hearing-Decisions/2016-and-Prior-ISCR-Hearing-Decisions-11/FileId/138612/
14-01443,appeal,true_duplicate_deleted,byte-identical full_text; discarded source_url: https://doha.ogc.osd.mil/Industrial-Security-Program/Industrial-Security-Clearance-Decisions/ISCR-Hearing-Decisions/Archived-ISCR-Hearing-Decisions/2016-and-Prior-ISCR-Hearing-Decisions-11/FileId/138602/
14-01490,appeal,true_duplicate_deleted,byte-identical full_text; discarded source_url: https://doha.ogc.osd.mil/Industrial-Security-Program/Industrial-Security-Clearance-Decisions/ISCR-Hearing-Decisions/Archived-ISCR-Hearing-Decisions/2016-and-Prior-ISCR-Hearing-Decisions-11/FileId/138621/
14-01509,appeal,true_duplicate_deleted,byte-identical full_text; discarded source_url: https://doha.ogc.osd.mil/Industrial-Security-Program/Industrial-Security-Clearance-Decisions/ISCR-Hearing-Decisions/Archived-ISCR-Hearing-Decisions/2016-and-Prior-ISCR-Hearing-Decisions-11/FileId/138628/
14-01542,appeal,true_duplicate_deleted,byte-identical full_text; discarded source_url: https://doha.ogc.osd.mil/Industrial-Security-Program/Industrial-Security-Clearance-Decisions/ISCR-Hearing-Decisions/Archived-ISCR-Hearing-Decisions/2016-and-Prior-ISCR-Hearing-Decisions-11/FileId/138642/
14-01526,appeal,true_duplicate_deleted,byte-identical full_text; discarded source_url: https://doha.ogc.osd.mil/Industrial-Security-Program/Industrial-Security-Clearance-Decisions/ISCR-Hearing-Decisions/Archived-ISCR-Hearing-Decisions/2016-and-Prior-ISCR-Hearing-Decisions-11/FileId/138634/
14-01551,appeal,true_duplicate_deleted,byte-identical full_text; discarded source_url: https://doha.ogc.osd.mil/Industrial-Security-Program/Industrial-Security-Clearance-Decisions/ISCR-Hearing-Decisions/Archived-ISCR-Hearing-Decisions/2016-and-Prior-ISCR-Hearing-Decisions-11/FileId/138649/
14-01564,appeal,true_duplicate_deleted,byte-identical full_text; discarded source_url: https://doha.ogc.osd.mil/Industrial-Security-Program/Industrial-Security-Clearance-Decisions/ISCR-Hearing-Decisions/Archived-ISCR-Hearing-Decisions/2016-and-Prior-ISCR-Hearing-Decisions-11/FileId/138650/
14-01567,appeal,true_duplicate_deleted,byte-identical full_text; discarded source_url: https://doha.ogc.osd.mil/Industrial-Security-Program/Industrial-Security-Clearance-Decisions/ISCR-Hearing-Decisions/Archived-ISCR-Hearing-Decisions/2016-and-Prior-ISCR-Hearing-Decisions-11/FileId/138651/
14-01607,appeal,true_duplicate_deleted,byte-identical full_text; discarded source_url: https://doha.ogc.osd.mil/Industrial-Security-Program/Industrial-Security-Clearance-Decisions/ISCR-Hearing-Decisions/Archived-ISCR-Hearing-Decisions/2016-and-Prior-ISCR-Hearing-Decisions-11/FileId/138671/
14-01655,appeal,true_duplicate_deleted,byte-identical full_text; discarded source_url: https://doha.ogc.osd.mil/Industrial-Security-Program/Industrial-Security-Clearance-Decisions/ISCR-Hearing-Decisions/Archived-ISCR-Hearing-Decisions/2016-and-Prior-ISCR-Hearing-Decisions-11/FileId/138688/
14-01669,appeal,true_duplicate_deleted,byte-identical full_text; discarded source_url: https://doha.ogc.osd.mil/Industrial-Security-Program/Industrial-Security-Clearance-Decisions/ISCR-Hearing-Decisions/Archived-ISCR-Hearing-Decisions/2016-and-Prior-ISCR-Hearing-Decisions-11/FileId/138693/
14-01702,appeal,true_duplicate_deleted,byte-identical full_text; discarded source_url: https://doha.ogc.osd.mil/Industrial-Security-Program/Industrial-Security-Clearance-Decisions/ISCR-Hearing-Decisions/Archived-ISCR-Hearing-Decisions/2016-and-Prior-ISCR-Hearing-Decisions-11/FileId/138699/
14-01761,appeal,true_duplicate_deleted,byte-identical full_text; discarded source_url: https://doha.ogc.osd.mil/Industrial-Security-Program/Industrial-Security-Clearance-Decisions/ISCR-Hearing-Decisions/Archived-ISCR-Hearing-Decisions/2016-and-Prior-ISCR-Hearing-Decisions-11/FileId/138723/
14-01763,appeal,true_duplicate_deleted,byte-identical full_text; discarded source_url: https://doha.ogc.osd.mil/Industrial-Security-Program/Industrial-Security-Clearance-Decisions/ISCR-Hearing-Decisions/Archived-ISCR-Hearing-Decisions/2016-and-Prior-ISCR-Hearing-Decisions-11/FileId/138724/
14-01847,appeal,true_duplicate_deleted,byte-identical full_text; discarded source_url: https://doha.ogc.osd.mil/Industrial-Security-Program/Industrial-Security-Clearance-Decisions/ISCR-Hearing-Decisions/Archived-ISCR-Hearing-Decisions/2016-and-Prior-ISCR-Hearing-Decisions-11/FileId/138758/
14-01798,appeal,true_duplicate_deleted,byte-identical full_text; discarded source_url: https://doha.ogc.osd.mil/Industrial-Security-Program/Industrial-Security-Clearance-Decisions/ISCR-Hearing-Decisions/Archived-ISCR-Hearing-Decisions/2016-and-Prior-ISCR-Hearing-Decisions-11/FileId/138732/
14-01853,appeal,true_duplicate_deleted,byte-identical full_text; discarded source_url: https://doha.ogc.osd.mil/Industrial-Security-Program/Industrial-Security-Clearance-Decisions/ISCR-Hearing-Decisions/Archived-ISCR-Hearing-Decisions/2016-and-Prior-ISCR-Hearing-Decisions-11/FileId/138760/
14-01771,appeal,true_duplicate_deleted,byte-identical full_text; discarded source_url: https://doha.ogc.osd.mil/Industrial-Security-Program/Industrial-Security-Clearance-Decisions/ISCR-Hearing-Decisions/Archived-ISCR-Hearing-Decisions/2016-and-Prior-ISCR-Hearing-Decisions-11/FileId/138725/
14-01888,appeal,true_duplicate_deleted,byte-identical full_text; discarded source_url: https://doha.ogc.osd.mil/Industrial-Security-Program/Industrial-Security-Clearance-Decisions/ISCR-Hearing-Decisions/Archived-ISCR-Hearing-Decisions/2016-and-Prior-ISCR-Hearing-Decisions-11/FileId/138772/
14-01894,appeal,true_duplicate_deleted,byte-identical full_text; discarded source_url: https://doha.ogc.osd.mil/Industrial-Security-Program/Industrial-Security-Clearance-Decisions/ISCR-Hearing-Decisions/Archived-ISCR-Hearing-Decisions/2016-and-Prior-ISCR-Hearing-Decisions-11/FileId/138778/
14-01918,appeal,true_duplicate_deleted,byte-identical full_text; discarded source_url: https://doha.ogc.osd.mil/Industrial-Security-Program/Industrial-Security-Clearance-Decisions/ISCR-Hearing-Decisions/Archived-ISCR-Hearing-Decisions/2016-and-Prior-ISCR-Hearing-Decisions-11/FileId/138785/
14-01925,appeal,true_duplicate_deleted,byte-identical full_text; discarded source_url: https://doha.ogc.osd.mil/Industrial-Security-Program/Industrial-Security-Clearance-Decisions/ISCR-Hearing-Decisions/Archived-ISCR-Hearing-Decisions/2016-and-Prior-ISCR-Hearing-Decisions-11/FileId/138786/
14-01941,appeal,true_duplicate_deleted,byte-identical full_text; discarded source_url: https://doha.ogc.osd.mil/Industrial-Security-Program/Industrial-Security-Clearance-Decisions/ISCR-Hearing-Decisions/Archived-ISCR-Hearing-Decisions/2016-and-Prior-ISCR-Hearing-Decisions-11/FileId/138791/
14-01960,appeal,true_duplicate_deleted,byte-identical full_text; discarded source_url: https://doha.ogc.osd.mil/Industrial-Security-Program/Industrial-Security-Clearance-Decisions/ISCR-Hearing-Decisions/Archived-ISCR-Hearing-Decisions/2016-and-Prior-ISCR-Hearing-Decisions-11/FileId/138800/
14-01969,appeal,true_duplicate_deleted,byte-identical full_text; discarded source_url: https://doha.ogc.osd.mil/Industrial-Security-Program/Industrial-Security-Clearance-Decisions/ISCR-Hearing-Decisions/Archived-ISCR-Hearing-Decisions/2016-and-Prior-ISCR-Hearing-Decisions-11/FileId/138805/
14-01945,appeal,true_duplicate_deleted,byte-identical full_text; discarded source_url: https://doha.ogc.osd.mil/Industrial-Security-Program/Industrial-Security-Clearance-Decisions/ISCR-Hearing-Decisions/Archived-ISCR-Hearing-Decisions/2016-and-Prior-ISCR-Hearing-Decisions-11/FileId/138795/
14-02041,appeal,true_duplicate_deleted,byte-identical full_text; discarded source_url: https://doha.ogc.osd.mil/Industrial-Security-Program/Industrial-Security-Clearance-Decisions/ISCR-Hearing-Decisions/Archived-ISCR-Hearing-Decisions/2016-and-Prior-ISCR-Hearing-Decisions-11/FileId/138831/
14-02025,appeal,true_duplicate_deleted,byte-identical full_text; discarded source_url: https://doha.ogc.osd.mil/Industrial-Security-Program/Industrial-Security-Clearance-Decisions/ISCR-Hearing-Decisions/Archived-ISCR-Hearing-Decisions/2016-and-Prior-ISCR-Hearing-Decisions-11/FileId/138825/
14-02048,appeal,true_duplicate_deleted,byte-identical full_text; discarded source_url: https://doha.ogc.osd.mil/Industrial-Security-Program/Industrial-Security-Clearance-Decisions/ISCR-Hearing-Decisions/Archived-ISCR-Hearing-Decisions/2016-and-Prior-ISCR-Hearing-Decisions-11/FileId/138832/
14-02083,appeal,true_duplicate_deleted,byte-identical full_text; discarded source_url: https://doha.ogc.osd.mil/Industrial-Security-Program/Industrial-Security-Clearance-Decisions/ISCR-Hearing-Decisions/Archived-ISCR-Hearing-Decisions/2016-and-Prior-ISCR-Hearing-Decisions-11/FileId/138844/
14-02138,appeal,true_duplicate_deleted,byte-identical full_text; discarded source_url: https://doha.ogc.osd.mil/Industrial-Security-Program/Industrial-Security-Clearance-Decisions/ISCR-Hearing-Decisions/Archived-ISCR-Hearing-Decisions/2016-and-Prior-ISCR-Hearing-Decisions-11/FileId/138856/
14-02154,appeal,true_duplicate_deleted,byte-identical full_text; discarded source_url: https://doha.ogc.osd.mil/Industrial-Security-Program/Industrial-Security-Clearance-Decisions/ISCR-Hearing-Decisions/Archived-ISCR-Hearing-Decisions/2016-and-Prior-ISCR-Hearing-Decisions-11/FileId/138864/
14-02155,appeal,true_duplicate_deleted,byte-identical full_text; discarded source_url: https://doha.ogc.osd.mil/Industrial-Security-Program/Industrial-Security-Clearance-Decisions/ISCR-Hearing-Decisions/Archived-ISCR-Hearing-Decisions/2016-and-Prior-ISCR-Hearing-Decisions-11/FileId/138865/
14-02158,appeal,true_duplicate_deleted,byte-identical full_text; discarded source_url: https://doha.ogc.osd.mil/Industrial-Security-Program/Industrial-Security-Clearance-Decisions/ISCR-Hearing-Decisions/Archived-ISCR-Hearing-Decisions/2016-and-Prior-ISCR-Hearing-Decisions-11/FileId/138869/
14-02226,appeal,true_duplicate_deleted,byte-identical full_text; discarded source_url: https://doha.ogc.osd.mil/Industrial-Security-Program/Industrial-Security-Clearance-Decisions/ISCR-Hearing-Decisions/Archived-ISCR-Hearing-Decisions/2016-and-Prior-ISCR-Hearing-Decisions-11/FileId/138898/
14-02206,appeal,true_duplicate_deleted,byte-identical full_text; discarded source_url: https://doha.ogc.osd.mil/Industrial-Security-Program/Industrial-Security-Clearance-Decisions/ISCR-Hearing-Decisions/Archived-ISCR-Hearing-Decisions/2016-and-Prior-ISCR-Hearing-Decisions-11/FileId/138887/
14-02251,appeal,true_duplicate_deleted,byte-identical full_text; discarded source_url: https://doha.ogc.osd.mil/Industrial-Security-Program/Industrial-Security-Clearance-Decisions/ISCR-Hearing-Decisions/Archived-ISCR-Hearing-Decisions/2016-and-Prior-ISCR-Hearing-Decisions-11/FileId/138902/
14-02203,appeal,true_duplicate_deleted,byte-identical full_text; discarded source_url: https://doha.ogc.osd.mil/Industrial-Security-Program/Industrial-Security-Clearance-Decisions/ISCR-Hearing-Decisions/Archived-ISCR-Hearing-Decisions/2016-and-Prior-ISCR-Hearing-Decisions-11/FileId/138882/
14-02207,appeal,true_duplicate_deleted,byte-identical full_text; discarded source_url: https://doha.ogc.osd.mil/Industrial-Security-Program/Industrial-Security-Clearance-Decisions/ISCR-Hearing-Decisions/Archived-ISCR-Hearing-Decisions/2016-and-Prior-ISCR-Hearing-Decisions-11/FileId/138888/
14-02347,appeal,true_duplicate_deleted,byte-identical full_text; discarded source_url: https://doha.ogc.osd.mil/Industrial-Security-Program/Industrial-Security-Clearance-Decisions/ISCR-Hearing-Decisions/Archived-ISCR-Hearing-Decisions/2016-and-Prior-ISCR-Hearing-Decisions-11/FileId/138942/
14-02362,appeal,true_duplicate_deleted,byte-identical full_text; discarded source_url: https://doha.ogc.osd.mil/Industrial-Security-Program/Industrial-Security-Clearance-Decisions/ISCR-Hearing-Decisions/Archived-ISCR-Hearing-Decisions/2016-and-Prior-ISCR-Hearing-Decisions-11/FileId/138947/
14-02360,appeal,true_duplicate_deleted,byte-identical full_text; discarded source_url: https://doha.ogc.osd.mil/Industrial-Security-Program/Industrial-Security-Clearance-Decisions/ISCR-Hearing-Decisions/Archived-ISCR-Hearing-Decisions/2016-and-Prior-ISCR-Hearing-Decisions-11/FileId/138945/
14-02371,appeal,true_duplicate_deleted,byte-identical full_text; discarded source_url: https://doha.ogc.osd.mil/Industrial-Security-Program/Industrial-Security-Clearance-Decisions/ISCR-Hearing-Decisions/Archived-ISCR-Hearing-Decisions/2016-and-Prior-ISCR-Hearing-Decisions-11/FileId/138952/
14-02383,appeal,true_duplicate_deleted,byte-identical full_text; discarded source_url: https://doha.ogc.osd.mil/Industrial-Security-Program/Industrial-Security-Clearance-Decisions/ISCR-Hearing-Decisions/Archived-ISCR-Hearing-Decisions/2016-and-Prior-ISCR-Hearing-Decisions-11/FileId/138961/
14-02387,appeal,true_duplicate_deleted,byte-identical full_text; discarded source_url: https://doha.ogc.osd.mil/Industrial-Security-Program/Industrial-Security-Clearance-Decisions/ISCR-Hearing-Decisions/Archived-ISCR-Hearing-Decisions/2016-and-Prior-ISCR-Hearing-Decisions-11/FileId/138962/
14-02394,appeal,true_duplicate_deleted,byte-identical full_text; discarded source_url: https://doha.ogc.osd.mil/Industrial-Security-Program/Industrial-Security-Clearance-Decisions/ISCR-Hearing-Decisions/Archived-ISCR-Hearing-Decisions/2016-and-Prior-ISCR-Hearing-Decisions-11/FileId/138966/
14-02403,appeal,true_duplicate_deleted,byte-identical full_text; discarded source_url: https://doha.ogc.osd.mil/Industrial-Security-Program/Industrial-Security-Clearance-Decisions/ISCR-Hearing-Decisions/Archived-ISCR-Hearing-Decisions/2016-and-Prior-ISCR-Hearing-Decisions-11/FileId/138970/
14-02411,appeal,true_duplicate_deleted,byte-identical full_text; discarded source_url: https://doha.ogc.osd.mil/Industrial-Security-Program/Industrial-Security-Clearance-Decisions/ISCR-Hearing-Decisions/Archived-ISCR-Hearing-Decisions/2016-and-Prior-ISCR-Hearing-Decisions-11/FileId/138974/
14-02428,appeal,true_duplicate_deleted,byte-identical full_text; discarded source_url: https://doha.ogc.osd.mil/Industrial-Security-Program/Industrial-Security-Clearance-Decisions/ISCR-Hearing-Decisions/Archived-ISCR-Hearing-Decisions/2016-and-Prior-ISCR-Hearing-Decisions-11/FileId/138983/
14-02447,appeal,true_duplicate_deleted,byte-identical full_text; discarded source_url: https://doha.ogc.osd.mil/Industrial-Security-Program/Industrial-Security-Clearance-Decisions/ISCR-Hearing-Decisions/Archived-ISCR-Hearing-Decisions/2016-and-Prior-ISCR-Hearing-Decisions-11/FileId/138992/
14-02496,appeal,true_duplicate_deleted,byte-identical full_text; discarded source_url: https://doha.ogc.osd.mil/Industrial-Security-Program/Industrial-Security-Clearance-Decisions/ISCR-Hearing-Decisions/Archived-ISCR-Hearing-Decisions/2016-and-Prior-ISCR-Hearing-Decisions-11/FileId/139009/
14-02480,appeal,true_duplicate_deleted,byte-identical full_text; discarded source_url: https://doha.ogc.osd.mil/Industrial-Security-Program/Industrial-Security-Clearance-Decisions/ISCR-Hearing-Decisions/Archived-ISCR-Hearing-Decisions/2016-and-Prior-ISCR-Hearing-Decisions-11/FileId/139005/
14-02563,appeal,true_duplicate_deleted,byte-identical full_text; discarded source_url: https://doha.ogc.osd.mil/Industrial-Security-Program/Industrial-Security-Clearance-Decisions/ISCR-Hearing-Decisions/Archived-ISCR-Hearing-Decisions/2016-and-Prior-ISCR-Hearing-Decisions-11/FileId/139044/
14-02548,appeal,true_duplicate_deleted,byte-identical full_text; discarded source_url: https://doha.ogc.osd.mil/Industrial-Security-Program/Industrial-Security-Clearance-Decisions/ISCR-Hearing-Decisions/Archived-ISCR-Hearing-Decisions/2016-and-Prior-ISCR-Hearing-Decisions-11/FileId/139032/
14-02592,appeal,true_duplicate_deleted,byte-identical full_text; discarded source_url: https://doha.ogc.osd.mil/Industrial-Security-Program/Industrial-Security-Clearance-Decisions/ISCR-Hearing-Decisions/Archived-ISCR-Hearing-Decisions/2016-and-Prior-ISCR-Hearing-Decisions-11/FileId/139053/
14-02605,appeal,true_duplicate_deleted,byte-identical full_text; discarded source_url: https://doha.ogc.osd.mil/Industrial-Security-Program/Industrial-Security-Clearance-Decisions/ISCR-Hearing-Decisions/Archived-ISCR-Hearing-Decisions/2016-and-Prior-ISCR-Hearing-Decisions-11/FileId/139059/
14-02567,appeal,true_duplicate_deleted,byte-identical full_text; discarded source_url: https://doha.ogc.osd.mil/Industrial-Security-Program/Industrial-Security-Clearance-Decisions/ISCR-Hearing-Decisions/Archived-ISCR-Hearing-Decisions/2016-and-Prior-ISCR-Hearing-Decisions-11/FileId/139045/
14-02619,appeal,true_duplicate_deleted,byte-identical full_text; discarded source_url: https://doha.ogc.osd.mil/Industrial-Security-Program/Industrial-Security-Clearance-Decisions/ISCR-Hearing-Decisions/Archived-ISCR-Hearing-Decisions/2016-and-Prior-ISCR-Hearing-Decisions-11/FileId/139065/
14-02632,appeal,true_duplicate_deleted,byte-identical full_text; discarded source_url: https://doha.ogc.osd.mil/Industrial-Security-Program/Industrial-Security-Clearance-Decisions/ISCR-Hearing-Decisions/Archived-ISCR-Hearing-Decisions/2016-and-Prior-ISCR-Hearing-Decisions-11/FileId/139069/
14-02655,appeal,true_duplicate_deleted,byte-identical full_text; discarded source_url: https://doha.ogc.osd.mil/Industrial-Security-Program/Industrial-Security-Clearance-Decisions/ISCR-Hearing-Decisions/Archived-ISCR-Hearing-Decisions/2016-and-Prior-ISCR-Hearing-Decisions-11/FileId/139081/
14-02668,appeal,true_duplicate_deleted,byte-identical full_text; discarded source_url: https://doha.ogc.osd.mil/Industrial-Security-Program/Industrial-Security-Clearance-Decisions/ISCR-Hearing-Decisions/Archived-ISCR-Hearing-Decisions/2016-and-Prior-ISCR-Hearing-Decisions-11/FileId/139083/
14-02694,appeal,true_duplicate_deleted,byte-identical full_text; discarded source_url: https://doha.ogc.osd.mil/Industrial-Security-Program/Industrial-Security-Clearance-Decisions/ISCR-Hearing-Decisions/Archived-ISCR-Hearing-Decisions/2016-and-Prior-ISCR-Hearing-Decisions-11/FileId/139089/
14-02696,appeal,true_duplicate_deleted,byte-identical full_text; discarded source_url: https://doha.ogc.osd.mil/Industrial-Security-Program/Industrial-Security-Clearance-Decisions/ISCR-Hearing-Decisions/Archived-ISCR-Hearing-Decisions/2016-and-Prior-ISCR-Hearing-Decisions-11/FileId/139096/
14-02718,appeal,true_duplicate_deleted,byte-identical full_text; discarded source_url: https://doha.ogc.osd.mil/Industrial-Security-Program/Industrial-Security-Clearance-Decisions/ISCR-Hearing-Decisions/Archived-ISCR-Hearing-Decisions/2016-and-Prior-ISCR-Hearing-Decisions-11/FileId/137981/
14-02730,appeal,true_duplicate_deleted,byte-identical full_text; discarded source_url: https://doha.ogc.osd.mil/Industrial-Security-Program/Industrial-Security-Clearance-Decisions/ISCR-Hearing-Decisions/Archived-ISCR-Hearing-Decisions/2016-and-Prior-ISCR-Hearing-Decisions-11/FileId/137989/
14-02765,appeal,true_duplicate_deleted,byte-identical full_text; discarded source_url: https://doha.ogc.osd.mil/Industrial-Security-Program/Industrial-Security-Clearance-Decisions/ISCR-Hearing-Decisions/Archived-ISCR-Hearing-Decisions/2016-and-Prior-ISCR-Hearing-Decisions-11/FileId/138004/
14-02768,appeal,true_duplicate_deleted,byte-identical full_text; discarded source_url: https://doha.ogc.osd.mil/Industrial-Security-Program/Industrial-Security-Clearance-Decisions/ISCR-Hearing-Decisions/Archived-ISCR-Hearing-Decisions/2016-and-Prior-ISCR-Hearing-Decisions-11/FileId/138006/
14-02790,appeal,true_duplicate_deleted,byte-identical full_text; discarded source_url: https://doha.ogc.osd.mil/Industrial-Security-Program/Industrial-Security-Clearance-Decisions/ISCR-Hearing-Decisions/Archived-ISCR-Hearing-Decisions/2016-and-Prior-ISCR-Hearing-Decisions-11/FileId/138014/
14-02806,appeal,true_duplicate_deleted,byte-identical full_text; discarded source_url: https://doha.ogc.osd.mil/Industrial-Security-Program/Industrial-Security-Clearance-Decisions/ISCR-Hearing-Decisions/Archived-ISCR-Hearing-Decisions/2016-and-Prior-ISCR-Hearing-Decisions-11/FileId/138026/
14-02930,appeal,true_duplicate_deleted,byte-identical full_text; discarded source_url: https://doha.ogc.osd.mil/Industrial-Security-Program/Industrial-Security-Clearance-Decisions/ISCR-Hearing-Decisions/Archived-ISCR-Hearing-Decisions/2016-and-Prior-ISCR-Hearing-Decisions-11/FileId/138063/
14-02791,appeal,true_duplicate_deleted,byte-identical full_text; discarded source_url: https://doha.ogc.osd.mil/Industrial-Security-Program/Industrial-Security-Clearance-Decisions/ISCR-Hearing-Decisions/Archived-ISCR-Hearing-Decisions/2016-and-Prior-ISCR-Hearing-Decisions-11/FileId/138019/
14-02936,appeal,true_duplicate_deleted,byte-identical full_text; discarded source_url: https://doha.ogc.osd.mil/Industrial-Security-Program/Industrial-Security-Clearance-Decisions/ISCR-Hearing-Decisions/Archived-ISCR-Hearing-Decisions/2016-and-Prior-ISCR-Hearing-Decisions-11/FileId/138067/
14-02950,appeal,true_duplicate_deleted,byte-identical full_text; discarded source_url: https://doha.ogc.osd.mil/Industrial-Security-Program/Industrial-Security-Clearance-Decisions/ISCR-Hearing-Decisions/Archived-ISCR-Hearing-Decisions/2016-and-Prior-ISCR-Hearing-Decisions-11/FileId/138071/
14-02962,appeal,true_duplicate_deleted,byte-identical full_text; discarded source_url: https://doha.ogc.osd.mil/Industrial-Security-Program/Industrial-Security-Clearance-Decisions/ISCR-Hearing-Decisions/Archived-ISCR-Hearing-Decisions/2016-and-Prior-ISCR-Hearing-Decisions-11/FileId/138076/
14-02995,appeal,true_duplicate_deleted,byte-identical full_text; discarded source_url: https://doha.ogc.osd.mil/Industrial-Security-Program/Industrial-Security-Clearance-Decisions/ISCR-Hearing-Decisions/Archived-ISCR-Hearing-Decisions/2016-and-Prior-ISCR-Hearing-Decisions-11/FileId/138092/
14-03025,appeal,true_duplicate_deleted,byte-identical full_text; discarded source_url: https://doha.ogc.osd.mil/Industrial-Security-Program/Industrial-Security-Clearance-Decisions/ISCR-Hearing-Decisions/Archived-ISCR-Hearing-Decisions/2016-and-Prior-ISCR-Hearing-Decisions-11/FileId/138100/
14-03030,appeal,true_duplicate_deleted,byte-identical full_text; discarded source_url: https://doha.ogc.osd.mil/Industrial-Security-Program/Industrial-Security-Clearance-Decisions/ISCR-Hearing-Decisions/Archived-ISCR-Hearing-Decisions/2016-and-Prior-ISCR-Hearing-Decisions-11/FileId/138106/
14-03062,appeal,true_duplicate_deleted,byte-identical full_text; discarded source_url: https://doha.ogc.osd.mil/Industrial-Security-Program/Industrial-Security-Clearance-Decisions/ISCR-Hearing-Decisions/Archived-ISCR-Hearing-Decisions/2016-and-Prior-ISCR-Hearing-Decisions-11/FileId/138117/
14-03069,appeal,true_duplicate_deleted,byte-identical full_text; discarded source_url: https://doha.ogc.osd.mil/Industrial-Security-Program/Industrial-Security-Clearance-Decisions/ISCR-Hearing-Decisions/Archived-ISCR-Hearing-Decisions/2016-and-Prior-ISCR-Hearing-Decisions-11/FileId/138119/
14-03077,appeal,true_duplicate_deleted,byte-identical full_text; discarded source_url: https://doha.ogc.osd.mil/Industrial-Security-Program/Industrial-Security-Clearance-Decisions/ISCR-Hearing-Decisions/Archived-ISCR-Hearing-Decisions/2016-and-Prior-ISCR-Hearing-Decisions-12/FileId/139129/
14-03059,appeal,true_duplicate_deleted,byte-identical full_text; discarded source_url: https://doha.ogc.osd.mil/Industrial-Security-Program/Industrial-Security-Clearance-Decisions/ISCR-Hearing-Decisions/Archived-ISCR-Hearing-Decisions/2016-and-Prior-ISCR-Hearing-Decisions-11/FileId/138114/
14-03078,appeal,true_duplicate_deleted,byte-identical full_text; discarded source_url: https://doha.ogc.osd.mil/Industrial-Security-Program/Industrial-Security-Clearance-Decisions/ISCR-Hearing-Decisions/Archived-ISCR-Hearing-Decisions/2016-and-Prior-ISCR-Hearing-Decisions-12/FileId/139130/
14-03108,appeal,true_duplicate_deleted,byte-identical full_text; discarded source_url: https://doha.ogc.osd.mil/Industrial-Security-Program/Industrial-Security-Clearance-Decisions/ISCR-Hearing-Decisions/Archived-ISCR-Hearing-Decisions/2016-and-Prior-ISCR-Hearing-Decisions-12/FileId/139143/
14-03133,appeal,true_duplicate_deleted,byte-identical full_text; discarded source_url: https://doha.ogc.osd.mil/Industrial-Security-Program/Industrial-Security-Clearance-Decisions/ISCR-Hearing-Decisions/Archived-ISCR-Hearing-Decisions/2016-and-Prior-ISCR-Hearing-Decisions-12/FileId/139151/
14-03112,appeal,true_duplicate_deleted,byte-identical full_text; discarded source_url: https://doha.ogc.osd.mil/Industrial-Security-Program/Industrial-Security-Clearance-Decisions/ISCR-Hearing-Decisions/Archived-ISCR-Hearing-Decisions/2016-and-Prior-ISCR-Hearing-Decisions-12/FileId/139145/
14-03200,appeal,true_duplicate_deleted,byte-identical full_text; discarded source_url: https://doha.ogc.osd.mil/Industrial-Security-Program/Industrial-Security-Clearance-Decisions/ISCR-Hearing-Decisions/Archived-ISCR-Hearing-Decisions/2016-and-Prior-ISCR-Hearing-Decisions-12/FileId/139179/
14-03223,appeal,true_duplicate_deleted,byte-identical full_text; discarded source_url: https://doha.ogc.osd.mil/Industrial-Security-Program/Industrial-Security-Clearance-Decisions/ISCR-Hearing-Decisions/Archived-ISCR-Hearing-Decisions/2016-and-Prior-ISCR-Hearing-Decisions-12/FileId/139191/
14-03228,appeal,true_duplicate_deleted,byte-identical full_text; discarded source_url: https://doha.ogc.osd.mil/Industrial-Security-Program/Industrial-Security-Clearance-Decisions/ISCR-Hearing-Decisions/Archived-ISCR-Hearing-Decisions/2016-and-Prior-ISCR-Hearing-Decisions-12/FileId/139194/
14-03286,appeal,true_duplicate_deleted,byte-identical full_text; discarded source_url: https://doha.ogc.osd.mil/Industrial-Security-Program/Industrial-Security-Clearance-Decisions/ISCR-Hearing-Decisions/Archived-ISCR-Hearing-Decisions/2016-and-Prior-ISCR-Hearing-Decisions-12/FileId/139217/
14-03312,appeal,true_duplicate_deleted,byte-identical full_text; discarded source_url: https://doha.ogc.osd.mil/Industrial-Security-Program/Industrial-Security-Clearance-Decisions/ISCR-Hearing-Decisions/Archived-ISCR-Hearing-Decisions/2016-and-Prior-ISCR-Hearing-Decisions-12/FileId/139232/
14-03301,appeal,true_duplicate_deleted,byte-identical full_text; discarded source_url: https://doha.ogc.osd.mil/Industrial-Security-Program/Industrial-Security-Clearance-Decisions/ISCR-Hearing-Decisions/Archived-ISCR-Hearing-Decisions/2016-and-Prior-ISCR-Hearing-Decisions-12/FileId/139227/
14-03247,appeal,true_duplicate_deleted,byte-identical full_text; discarded source_url: https://doha.ogc.osd.mil/Industrial-Security-Program/Industrial-Security-Clearance-Decisions/ISCR-Hearing-Decisions/Archived-ISCR-Hearing-Decisions/2016-and-Prior-ISCR-Hearing-Decisions-12/FileId/139199/
14-03300,appeal,true_duplicate_deleted,byte-identical full_text; discarded source_url: https://doha.ogc.osd.mil/Industrial-Security-Program/Industrial-Security-Clearance-Decisions/ISCR-Hearing-Decisions/Archived-ISCR-Hearing-Decisions/2016-and-Prior-ISCR-Hearing-Decisions-12/FileId/139224/
14-03347,appeal,true_duplicate_deleted,byte-identical full_text; discarded source_url: https://doha.ogc.osd.mil/Industrial-Security-Program/Industrial-Security-Clearance-Decisions/ISCR-Hearing-Decisions/Archived-ISCR-Hearing-Decisions/2016-and-Prior-ISCR-Hearing-Decisions-12/FileId/139241/
14-03358,appeal,true_duplicate_deleted,byte-identical full_text; discarded source_url: https://doha.ogc.osd.mil/Industrial-Security-Program/Industrial-Security-Clearance-Decisions/ISCR-Hearing-Decisions/Archived-ISCR-Hearing-Decisions/2016-and-Prior-ISCR-Hearing-Decisions-12/FileId/139248/
14-03373,appeal,true_duplicate_deleted,byte-identical full_text; discarded source_url: https://doha.ogc.osd.mil/Industrial-Security-Program/Industrial-Security-Clearance-Decisions/ISCR-Hearing-Decisions/Archived-ISCR-Hearing-Decisions/2016-and-Prior-ISCR-Hearing-Decisions-12/FileId/139250/
14-03392,appeal,true_duplicate_deleted,byte-identical full_text; discarded source_url: https://doha.ogc.osd.mil/Industrial-Security-Program/Industrial-Security-Clearance-Decisions/ISCR-Hearing-Decisions/Archived-ISCR-Hearing-Decisions/2016-and-Prior-ISCR-Hearing-Decisions-12/FileId/139260/
14-03414,appeal,true_duplicate_deleted,byte-identical full_text; discarded source_url: https://doha.ogc.osd.mil/Industrial-Security-Program/Industrial-Security-Clearance-Decisions/ISCR-Hearing-Decisions/Archived-ISCR-Hearing-Decisions/2016-and-Prior-ISCR-Hearing-Decisions-12/FileId/139270/
14-03450,appeal,true_duplicate_deleted,byte-identical full_text; discarded source_url: https://doha.ogc.osd.mil/Industrial-Security-Program/Industrial-Security-Clearance-Decisions/ISCR-Hearing-Decisions/Archived-ISCR-Hearing-Decisions/2016-and-Prior-ISCR-Hearing-Decisions-12/FileId/139279/
14-03475,appeal,true_duplicate_deleted,byte-identical full_text; discarded source_url: https://doha.ogc.osd.mil/Industrial-Security-Program/Industrial-Security-Clearance-Decisions/ISCR-Hearing-Decisions/Archived-ISCR-Hearing-Decisions/2016-and-Prior-ISCR-Hearing-Decisions-12/FileId/139297/
14-03497,appeal,true_duplicate_deleted,byte-identical full_text; discarded source_url: https://doha.ogc.osd.mil/Industrial-Security-Program/Industrial-Security-Clearance-Decisions/ISCR-Hearing-Decisions/Archived-ISCR-Hearing-Decisions/2016-and-Prior-ISCR-Hearing-Decisions-12/FileId/139304/
14-03528,appeal,true_duplicate_deleted,byte-identical full_text; discarded source_url: https://doha.ogc.osd.mil/Industrial-Security-Program/Industrial-Security-Clearance-Decisions/ISCR-Hearing-Decisions/Archived-ISCR-Hearing-Decisions/2016-and-Prior-ISCR-Hearing-Decisions-12/FileId/139319/
14-03526,appeal,true_duplicate_deleted,byte-identical full_text; discarded source_url: https://doha.ogc.osd.mil/Industrial-Security-Program/Industrial-Security-Clearance-Decisions/ISCR-Hearing-Decisions/Archived-ISCR-Hearing-Decisions/2016-and-Prior-ISCR-Hearing-Decisions-12/FileId/139318/
14-03522,appeal,true_duplicate_deleted,byte-identical full_text; discarded source_url: https://doha.ogc.osd.mil/Industrial-Security-Program/Industrial-Security-Clearance-Decisions/ISCR-Hearing-Decisions/Archived-ISCR-Hearing-Decisions/2016-and-Prior-ISCR-Hearing-Decisions-12/FileId/139312/
14-03541,appeal,true_duplicate_deleted,byte-identical full_text; discarded source_url: https://doha.ogc.osd.mil/Industrial-Security-Program/Industrial-Security-Clearance-Decisions/ISCR-Hearing-Decisions/Archived-ISCR-Hearing-Decisions/2016-and-Prior-ISCR-Hearing-Decisions-12/FileId/139322/
14-03569,appeal,true_duplicate_deleted,byte-identical full_text; discarded source_url: https://doha.ogc.osd.mil/Industrial-Security-Program/Industrial-Security-Clearance-Decisions/ISCR-Hearing-Decisions/Archived-ISCR-Hearing-Decisions/2016-and-Prior-ISCR-Hearing-Decisions-12/FileId/139330/
14-03570,appeal,true_duplicate_deleted,byte-identical full_text; discarded source_url: https://doha.ogc.osd.mil/Industrial-Security-Program/Industrial-Security-Clearance-Decisions/ISCR-Hearing-Decisions/Archived-ISCR-Hearing-Decisions/2016-and-Prior-ISCR-Hearing-Decisions-12/FileId/139333/
14-03601,appeal,true_duplicate_deleted,byte-identical full_text; discarded source_url: https://doha.ogc.osd.mil/Industrial-Security-Program/Industrial-Security-Clearance-Decisions/ISCR-Hearing-Decisions/Archived-ISCR-Hearing-Decisions/2016-and-Prior-ISCR-Hearing-Decisions-12/FileId/139346/
14-03574,appeal,true_duplicate_deleted,byte-identical full_text; discarded source_url: https://doha.ogc.osd.mil/Industrial-Security-Program/Industrial-Security-Clearance-Decisions/ISCR-Hearing-Decisions/Archived-ISCR-Hearing-Decisions/2016-and-Prior-ISCR-Hearing-Decisions-12/FileId/139338/
14-03612,appeal,true_duplicate_deleted,byte-identical full_text; discarded source_url: https://doha.ogc.osd.mil/Industrial-Security-Program/Industrial-Security-Clearance-Decisions/ISCR-Hearing-Decisions/Archived-ISCR-Hearing-Decisions/2016-and-Prior-ISCR-Hearing-Decisions-12/FileId/139352/
14-03641,appeal,true_duplicate_deleted,byte-identical full_text; discarded source_url: https://doha.ogc.osd.mil/Industrial-Security-Program/Industrial-Security-Clearance-Decisions/ISCR-Hearing-Decisions/Archived-ISCR-Hearing-Decisions/2016-and-Prior-ISCR-Hearing-Decisions-12/FileId/139366/
14-03688,appeal,true_duplicate_deleted,byte-identical full_text; discarded source_url: https://doha.ogc.osd.mil/Industrial-Security-Program/Industrial-Security-Clearance-Decisions/ISCR-Hearing-Decisions/Archived-ISCR-Hearing-Decisions/2016-and-Prior-ISCR-Hearing-Decisions-12/FileId/139373/
14-03732,appeal,true_duplicate_deleted,byte-identical full_text; discarded source_url: https://doha.ogc.osd.mil/Industrial-Security-Program/Industrial-Security-Clearance-Decisions/ISCR-Hearing-Decisions/Archived-ISCR-Hearing-Decisions/2016-and-Prior-ISCR-Hearing-Decisions-12/FileId/139380/
14-03734,appeal,true_duplicate_deleted,byte-identical full_text; discarded source_url: https://doha.ogc.osd.mil/Industrial-Security-Program/Industrial-Security-Clearance-Decisions/ISCR-Hearing-Decisions/Archived-ISCR-Hearing-Decisions/2016-and-Prior-ISCR-Hearing-Decisions-12/FileId/139383/
14-03722,appeal,true_duplicate_deleted,byte-identical full_text; discarded source_url: https://doha.ogc.osd.mil/Industrial-Security-Program/Industrial-Security-Clearance-Decisions/ISCR-Hearing-Decisions/Archived-ISCR-Hearing-Decisions/2016-and-Prior-ISCR-Hearing-Decisions-12/FileId/139374/
14-03747,appeal,true_duplicate_deleted,byte-identical full_text; discarded source_url: https://doha.ogc.osd.mil/Industrial-Security-Program/Industrial-Security-Clearance-Decisions/ISCR-Hearing-Decisions/Archived-ISCR-Hearing-Decisions/2016-and-Prior-ISCR-Hearing-Decisions-12/FileId/139387/
14-03753,appeal,true_duplicate_deleted,byte-identical full_text; discarded source_url: https://doha.ogc.osd.mil/Industrial-Security-Program/Industrial-Security-Clearance-Decisions/ISCR-Hearing-Decisions/Archived-ISCR-Hearing-Decisions/2016-and-Prior-ISCR-Hearing-Decisions-12/FileId/139390/
14-03771,appeal,true_duplicate_deleted,byte-identical full_text; discarded source_url: https://doha.ogc.osd.mil/Industrial-Security-Program/Industrial-Security-Clearance-Decisions/ISCR-Hearing-Decisions/Archived-ISCR-Hearing-Decisions/2016-and-Prior-ISCR-Hearing-Decisions-12/FileId/139398/
14-03836,appeal,true_duplicate_deleted,byte-identical full_text; discarded source_url: https://doha.ogc.osd.mil/Industrial-Security-Program/Industrial-Security-Clearance-Decisions/ISCR-Hearing-Decisions/Archived-ISCR-Hearing-Decisions/2016-and-Prior-ISCR-Hearing-Decisions-12/FileId/139424/
14-03838,appeal,true_duplicate_deleted,byte-identical full_text; discarded source_url: https://doha.ogc.osd.mil/Industrial-Security-Program/Industrial-Security-Clearance-Decisions/ISCR-Hearing-Decisions/Archived-ISCR-Hearing-Decisions/2016-and-Prior-ISCR-Hearing-Decisions-12/FileId/139425/
14-03799,appeal,true_duplicate_deleted,byte-identical full_text; discarded source_url: https://doha.ogc.osd.mil/Industrial-Security-Program/Industrial-Security-Clearance-Decisions/ISCR-Hearing-Decisions/Archived-ISCR-Hearing-Decisions/2016-and-Prior-ISCR-Hearing-Decisions-12/FileId/139417/
14-03754,appeal,true_duplicate_deleted,byte-identical full_text; discarded source_url: https://doha.ogc.osd.mil/Industrial-Security-Program/Industrial-Security-Clearance-Decisions/ISCR-Hearing-Decisions/Archived-ISCR-Hearing-Decisions/2016-and-Prior-ISCR-Hearing-Decisions-12/FileId/139392/
14-03875,appeal,true_duplicate_deleted,byte-identical full_text; discarded source_url: https://doha.ogc.osd.mil/Industrial-Security-Program/Industrial-Security-Clearance-Decisions/ISCR-Hearing-Decisions/Archived-ISCR-Hearing-Decisions/2016-and-Prior-ISCR-Hearing-Decisions-12/FileId/139441/
14-03905,appeal,true_duplicate_deleted,byte-identical full_text; discarded source_url: https://doha.ogc.osd.mil/Industrial-Security-Program/Industrial-Security-Clearance-Decisions/ISCR-Hearing-Decisions/Archived-ISCR-Hearing-Decisions/2016-and-Prior-ISCR-Hearing-Decisions-12/FileId/139450/
14-03884,appeal,true_duplicate_deleted,byte-identical full_text; discarded source_url: https://doha.ogc.osd.mil/Industrial-Security-Program/Industrial-Security-Clearance-Decisions/ISCR-Hearing-Decisions/Archived-ISCR-Hearing-Decisions/2016-and-Prior-ISCR-Hearing-Decisions-12/FileId/139444/
14-03929,appeal,true_duplicate_deleted,byte-identical full_text; discarded source_url: https://doha.ogc.osd.mil/Industrial-Security-Program/Industrial-Security-Clearance-Decisions/ISCR-Hearing-Decisions/Archived-ISCR-Hearing-Decisions/2016-and-Prior-ISCR-Hearing-Decisions-12/FileId/139459/
14-03910,appeal,true_duplicate_deleted,byte-identical full_text; discarded source_url: https://doha.ogc.osd.mil/Industrial-Security-Program/Industrial-Security-Clearance-Decisions/ISCR-Hearing-Decisions/Archived-ISCR-Hearing-Decisions/2016-and-Prior-ISCR-Hearing-Decisions-12/FileId/139453/
14-03944,appeal,true_duplicate_deleted,byte-identical full_text; discarded source_url: https://doha.ogc.osd.mil/Industrial-Security-Program/Industrial-Security-Clearance-Decisions/ISCR-Hearing-Decisions/Archived-ISCR-Hearing-Decisions/2016-and-Prior-ISCR-Hearing-Decisions-12/FileId/139464/
14-03956,appeal,true_duplicate_deleted,byte-identical full_text; discarded source_url: https://doha.ogc.osd.mil/Industrial-Security-Program/Industrial-Security-Clearance-Decisions/ISCR-Hearing-Decisions/Archived-ISCR-Hearing-Decisions/2016-and-Prior-ISCR-Hearing-Decisions-12/FileId/139468/
14-03964,appeal,true_duplicate_deleted,byte-identical full_text; discarded source_url: https://doha.ogc.osd.mil/Industrial-Security-Program/Industrial-Security-Clearance-Decisions/ISCR-Hearing-Decisions/Archived-ISCR-Hearing-Decisions/2016-and-Prior-ISCR-Hearing-Decisions-12/FileId/139473/
14-04031,appeal,true_duplicate_deleted,byte-identical full_text; discarded source_url: https://doha.ogc.osd.mil/Industrial-Security-Program/Industrial-Security-Clearance-Decisions/ISCR-Hearing-Decisions/Archived-ISCR-Hearing-Decisions/2016-and-Prior-ISCR-Hearing-Decisions-12/FileId/139493/
14-03991,appeal,true_duplicate_deleted,byte-identical full_text; discarded source_url: https://doha.ogc.osd.mil/Industrial-Security-Program/Industrial-Security-Clearance-Decisions/ISCR-Hearing-Decisions/Archived-ISCR-Hearing-Decisions/2016-and-Prior-ISCR-Hearing-Decisions-12/FileId/139482/
14-04044,appeal,true_duplicate_deleted,byte-identical full_text; discarded source_url: https://doha.ogc.osd.mil/Industrial-Security-Program/Industrial-Security-Clearance-Decisions/ISCR-Hearing-Decisions/Archived-ISCR-Hearing-Decisions/2016-and-Prior-ISCR-Hearing-Decisions-12/FileId/139497/
14-04092,appeal,true_duplicate_deleted,byte-identical full_text; discarded source_url: https://doha.ogc.osd.mil/Industrial-Security-Program/Industrial-Security-Clearance-Decisions/ISCR-Hearing-Decisions/Archived-ISCR-Hearing-Decisions/2016-and-Prior-ISCR-Hearing-Decisions-12/FileId/139516/
14-04124,appeal,true_duplicate_deleted,byte-identical full_text; discarded source_url: https://doha.ogc.osd.mil/Industrial-Security-Program/Industrial-Security-Clearance-Decisions/ISCR-Hearing-Decisions/Archived-ISCR-Hearing-Decisions/2016-and-Prior-ISCR-Hearing-Decisions-12/FileId/139526/
14-04174,appeal,true_duplicate_deleted,byte-identical full_text; discarded source_url: https://doha.ogc.osd.mil/Industrial-Security-Program/Industrial-Security-Clearance-Decisions/ISCR-Hearing-Decisions/Archived-ISCR-Hearing-Decisions/2016-and-Prior-ISCR-Hearing-Decisions-12/FileId/139540/
14-04130,appeal,true_duplicate_deleted,byte-identical full_text; discarded source_url: https://doha.ogc.osd.mil/Industrial-Security-Program/Industrial-Security-Clearance-Decisions/ISCR-Hearing-Decisions/Archived-ISCR-Hearing-Decisions/2016-and-Prior-ISCR-Hearing-Decisions-12/FileId/139527/
14-04159,appeal,true_duplicate_deleted,byte-identical full_text; discarded source_url: https://doha.ogc.osd.mil/Industrial-Security-Program/Industrial-Security-Clearance-Decisions/ISCR-Hearing-Decisions/Archived-ISCR-Hearing-Decisions/2016-and-Prior-ISCR-Hearing-Decisions-12/FileId/139536/
14-04186,appeal,true_duplicate_deleted,byte-identical full_text; discarded source_url: https://doha.ogc.osd.mil/Industrial-Security-Program/Industrial-Security-Clearance-Decisions/ISCR-Hearing-Decisions/Archived-ISCR-Hearing-Decisions/2016-and-Prior-ISCR-Hearing-Decisions-12/FileId/139544/
14-04201,appeal,true_duplicate_deleted,byte-identical full_text; discarded source_url: https://doha.ogc.osd.mil/Industrial-Security-Program/Industrial-Security-Clearance-Decisions/ISCR-Hearing-Decisions/Archived-ISCR-Hearing-Decisions/2016-and-Prior-ISCR-Hearing-Decisions-12/FileId/139553/
14-04202,appeal,true_duplicate_deleted,byte-identical full_text; discarded source_url: https://doha.ogc.osd.mil/Industrial-Security-Program/Industrial-Security-Clearance-Decisions/ISCR-Hearing-Decisions/Archived-ISCR-Hearing-Decisions/2016-and-Prior-ISCR-Hearing-Decisions-12/FileId/139552/
14-04226,appeal,true_duplicate_deleted,byte-identical full_text; discarded source_url: https://doha.ogc.osd.mil/Industrial-Security-Program/Industrial-Security-Clearance-Decisions/ISCR-Hearing-Decisions/Archived-ISCR-Hearing-Decisions/2016-and-Prior-ISCR-Hearing-Decisions-12/FileId/139555/
14-04281,appeal,true_duplicate_deleted,byte-identical full_text; discarded source_url: https://doha.ogc.osd.mil/Industrial-Security-Program/Industrial-Security-Clearance-Decisions/ISCR-Hearing-Decisions/Archived-ISCR-Hearing-Decisions/2016-and-Prior-ISCR-Hearing-Decisions-12/FileId/139569/
14-04300,appeal,true_duplicate_deleted,byte-identical full_text; discarded source_url: https://doha.ogc.osd.mil/Industrial-Security-Program/Industrial-Security-Clearance-Decisions/ISCR-Hearing-Decisions/Archived-ISCR-Hearing-Decisions/2016-and-Prior-ISCR-Hearing-Decisions-12/FileId/139581/
14-04289,appeal,true_duplicate_deleted,byte-identical full_text; discarded source_url: https://doha.ogc.osd.mil/Industrial-Security-Program/Industrial-Security-Clearance-Decisions/ISCR-Hearing-Decisions/Archived-ISCR-Hearing-Decisions/2016-and-Prior-ISCR-Hearing-Decisions-12/FileId/139574/
14-04398,appeal,true_duplicate_deleted,byte-identical full_text; discarded source_url: https://doha.ogc.osd.mil/Industrial-Security-Program/Industrial-Security-Clearance-Decisions/ISCR-Hearing-Decisions/Archived-ISCR-Hearing-Decisions/2016-and-Prior-ISCR-Hearing-Decisions-12/FileId/139599/
14-04437,appeal,true_duplicate_deleted,byte-identical full_text; discarded source_url: https://doha.ogc.osd.mil/Industrial-Security-Program/Industrial-Security-Clearance-Decisions/ISCR-Hearing-Decisions/Archived-ISCR-Hearing-Decisions/2016-and-Prior-ISCR-Hearing-Decisions-12/FileId/139615/
14-04441,appeal,true_duplicate_deleted,byte-identical full_text; discarded source_url: https://doha.ogc.osd.mil/Industrial-Security-Program/Industrial-Security-Clearance-Decisions/ISCR-Hearing-Decisions/Archived-ISCR-Hearing-Decisions/2016-and-Prior-ISCR-Hearing-Decisions-12/FileId/139620/
14-04491,appeal,true_duplicate_deleted,byte-identical full_text; discarded source_url: https://doha.ogc.osd.mil/Industrial-Security-Program/Industrial-Security-Clearance-Decisions/ISCR-Hearing-Decisions/Archived-ISCR-Hearing-Decisions/2016-and-Prior-ISCR-Hearing-Decisions-12/FileId/139632/
14-04479,appeal,true_duplicate_deleted,byte-identical full_text; discarded source_url: https://doha.ogc.osd.mil/Industrial-Security-Program/Industrial-Security-Clearance-Decisions/ISCR-Hearing-Decisions/Archived-ISCR-Hearing-Decisions/2016-and-Prior-ISCR-Hearing-Decisions-12/FileId/139629/
14-04509,appeal,true_duplicate_deleted,byte-identical full_text; discarded source_url: https://doha.ogc.osd.mil/Industrial-Security-Program/Industrial-Security-Clearance-Decisions/ISCR-Hearing-Decisions/Archived-ISCR-Hearing-Decisions/2016-and-Prior-ISCR-Hearing-Decisions-12/FileId/139643/
14-04553,appeal,true_duplicate_deleted,byte-identical full_text; discarded source_url: https://doha.ogc.osd.mil/Industrial-Security-Program/Industrial-Security-Clearance-Decisions/ISCR-Hearing-Decisions/Archived-ISCR-Hearing-Decisions/2016-and-Prior-ISCR-Hearing-Decisions-12/FileId/139650/
14-04565,appeal,true_duplicate_deleted,byte-identical full_text; discarded source_url: https://doha.ogc.osd.mil/Industrial-Security-Program/Industrial-Security-Clearance-Decisions/ISCR-Hearing-Decisions/Archived-ISCR-Hearing-Decisions/2016-and-Prior-ISCR-Hearing-Decisions-12/FileId/139656/
14-04570,appeal,true_duplicate_deleted,byte-identical full_text; discarded source_url: https://doha.ogc.osd.mil/Industrial-Security-Program/Industrial-Security-Clearance-Decisions/ISCR-Hearing-Decisions/Archived-ISCR-Hearing-Decisions/2016-and-Prior-ISCR-Hearing-Decisions-12/FileId/139659/
14-04587,appeal,true_duplicate_deleted,byte-identical full_text; discarded source_url: https://doha.ogc.osd.mil/Industrial-Security-Program/Industrial-Security-Clearance-Decisions/ISCR-Hearing-Decisions/Archived-ISCR-Hearing-Decisions/2016-and-Prior-ISCR-Hearing-Decisions-12/FileId/139666/
14-04648,appeal,true_duplicate_deleted,byte-identical full_text; discarded source_url: https://doha.ogc.osd.mil/Industrial-Security-Program/Industrial-Security-Clearance-Decisions/ISCR-Hearing-Decisions/Archived-ISCR-Hearing-Decisions/2016-and-Prior-ISCR-Hearing-Decisions-12/FileId/139683/
14-04653,appeal,true_duplicate_deleted,byte-identical full_text; discarded source_url: https://doha.ogc.osd.mil/Industrial-Security-Program/Industrial-Security-Clearance-Decisions/ISCR-Hearing-Decisions/Archived-ISCR-Hearing-Decisions/2016-and-Prior-ISCR-Hearing-Decisions-12/FileId/139685/
14-04660,appeal,true_duplicate_deleted,byte-identical full_text; discarded source_url: https://doha.ogc.osd.mil/Industrial-Security-Program/Industrial-Security-Clearance-Decisions/ISCR-Hearing-Decisions/Archived-ISCR-Hearing-Decisions/2016-and-Prior-ISCR-Hearing-Decisions-12/FileId/139692/
14-04664,appeal,true_duplicate_deleted,byte-identical full_text; discarded source_url: https://doha.ogc.osd.mil/Industrial-Security-Program/Industrial-Security-Clearance-Decisions/ISCR-Hearing-Decisions/Archived-ISCR-Hearing-Decisions/2016-and-Prior-ISCR-Hearing-Decisions-12/FileId/139695/
14-04597,appeal,true_duplicate_deleted,byte-identical full_text; discarded source_url: https://doha.ogc.osd.mil/Industrial-Security-Program/Industrial-Security-Clearance-Decisions/ISCR-Hearing-Decisions/Archived-ISCR-Hearing-Decisions/2016-and-Prior-ISCR-Hearing-Decisions-12/FileId/139668/
14-04719,appeal,true_duplicate_deleted,byte-identical full_text; discarded source_url: https://doha.ogc.osd.mil/Industrial-Security-Program/Industrial-Security-Clearance-Decisions/ISCR-Hearing-Decisions/Archived-ISCR-Hearing-Decisions/2016-and-Prior-ISCR-Hearing-Decisions-12/FileId/139711/
14-04743,appeal,true_duplicate_deleted,byte-identical full_text; discarded source_url: https://doha.ogc.osd.mil/Industrial-Security-Program/Industrial-Security-Clearance-Decisions/ISCR-Hearing-Decisions/Archived-ISCR-Hearing-Decisions/2016-and-Prior-ISCR-Hearing-Decisions-12/FileId/139724/
14-04752,appeal,true_duplicate_deleted,byte-identical full_text; discarded source_url: https://doha.ogc.osd.mil/Industrial-Security-Program/Industrial-Security-Clearance-Decisions/ISCR-Hearing-Decisions/Archived-ISCR-Hearing-Decisions/2016-and-Prior-ISCR-Hearing-Decisions-12/FileId/139725/
14-04802,appeal,true_duplicate_deleted,byte-identical full_text; discarded source_url: https://doha.ogc.osd.mil/Industrial-Security-Program/Industrial-Security-Clearance-Decisions/ISCR-Hearing-Decisions/Archived-ISCR-Hearing-Decisions/2016-and-Prior-ISCR-Hearing-Decisions-12/FileId/139743/
14-04825,appeal,true_duplicate_deleted,byte-identical full_text; discarded source_url: https://doha.ogc.osd.mil/Industrial-Security-Program/Industrial-Security-Clearance-Decisions/ISCR-Hearing-Decisions/Archived-ISCR-Hearing-Decisions/2016-and-Prior-ISCR-Hearing-Decisions-12/FileId/139751/
14-04839,appeal,true_duplicate_deleted,byte-identical full_text; discarded source_url: https://doha.ogc.osd.mil/Industrial-Security-Program/Industrial-Security-Clearance-Decisions/ISCR-Hearing-Decisions/Archived-ISCR-Hearing-Decisions/2016-and-Prior-ISCR-Hearing-Decisions-12/FileId/139758/
14-04878,appeal,true_duplicate_deleted,byte-identical full_text; discarded source_url: https://doha.ogc.osd.mil/Industrial-Security-Program/Industrial-Security-Clearance-Decisions/ISCR-Hearing-Decisions/Archived-ISCR-Hearing-Decisions/2016-and-Prior-ISCR-Hearing-Decisions-12/FileId/139775/
14-04926,appeal,true_duplicate_deleted,byte-identical full_text; discarded source_url: https://doha.ogc.osd.mil/Industrial-Security-Program/Industrial-Security-Clearance-Decisions/ISCR-Hearing-Decisions/Archived-ISCR-Hearing-Decisions/2016-and-Prior-ISCR-Hearing-Decisions-12/FileId/139785/
14-04937,appeal,true_duplicate_deleted,byte-identical full_text; discarded source_url: https://doha.ogc.osd.mil/Industrial-Security-Program/Industrial-Security-Clearance-Decisions/ISCR-Hearing-Decisions/Archived-ISCR-Hearing-Decisions/2016-and-Prior-ISCR-Hearing-Decisions-12/FileId/139791/
14-04939,appeal,true_duplicate_deleted,byte-identical full_text; discarded source_url: https://doha.ogc.osd.mil/Industrial-Security-Program/Industrial-Security-Clearance-Decisions/ISCR-Hearing-Decisions/Archived-ISCR-Hearing-Decisions/2016-and-Prior-ISCR-Hearing-Decisions-12/FileId/139793/
14-04959,appeal,true_duplicate_deleted,byte-identical full_text; discarded source_url: https://doha.ogc.osd.mil/Industrial-Security-Program/Industrial-Security-Clearance-Decisions/ISCR-Hearing-Decisions/Archived-ISCR-Hearing-Decisions/2016-and-Prior-ISCR-Hearing-Decisions-12/FileId/139795/
14-04993,appeal,true_duplicate_deleted,byte-identical full_text; discarded source_url: https://doha.ogc.osd.mil/Industrial-Security-Program/Industrial-Security-Clearance-Decisions/ISCR-Hearing-Decisions/Archived-ISCR-Hearing-Decisions/2016-and-Prior-ISCR-Hearing-Decisions-12/FileId/139808/
14-05022,appeal,true_duplicate_deleted,byte-identical full_text; discarded source_url: https://doha.ogc.osd.mil/Industrial-Security-Program/Industrial-Security-Clearance-Decisions/ISCR-Hearing-Decisions/Archived-ISCR-Hearing-Decisions/2016-and-Prior-ISCR-Hearing-Decisions-12/FileId/139823/
14-05013,appeal,true_duplicate_deleted,byte-identical full_text; discarded source_url: https://doha.ogc.osd.mil/Industrial-Security-Program/Industrial-Security-Clearance-Decisions/ISCR-Hearing-Decisions/Archived-ISCR-Hearing-Decisions/2016-and-Prior-ISCR-Hearing-Decisions-12/FileId/139816/
14-05023,appeal,true_duplicate_deleted,byte-identical full_text; discarded source_url: https://doha.ogc.osd.mil/Industrial-Security-Program/Industrial-Security-Clearance-Decisions/ISCR-Hearing-Decisions/Archived-ISCR-Hearing-Decisions/2016-and-Prior-ISCR-Hearing-Decisions-12/FileId/139824/
14-05074,appeal,true_duplicate_deleted,byte-identical full_text; discarded source_url: https://doha.ogc.osd.mil/Industrial-Security-Program/Industrial-Security-Clearance-Decisions/ISCR-Hearing-Decisions/Archived-ISCR-Hearing-Decisions/2016-and-Prior-ISCR-Hearing-Decisions-12/FileId/139831/
14-05084,appeal,true_duplicate_deleted,byte-identical full_text; discarded source_url: https://doha.ogc.osd.mil/Industrial-Security-Program/Industrial-Security-Clearance-Decisions/ISCR-Hearing-Decisions/Archived-ISCR-Hearing-Decisions/2016-and-Prior-ISCR-Hearing-Decisions-12/FileId/139837/
14-05094,appeal,true_duplicate_deleted,byte-identical full_text; discarded source_url: https://doha.ogc.osd.mil/Industrial-Security-Program/Industrial-Security-Clearance-Decisions/ISCR-Hearing-Decisions/Archived-ISCR-Hearing-Decisions/2016-and-Prior-ISCR-Hearing-Decisions-12/FileId/139839/
14-05095,appeal,true_duplicate_deleted,byte-identical full_text; discarded source_url: https://doha.ogc.osd.mil/Industrial-Security-Program/Industrial-Security-Clearance-Decisions/ISCR-Hearing-Decisions/Archived-ISCR-Hearing-Decisions/2016-and-Prior-ISCR-Hearing-Decisions-12/FileId/139840/
14-05098,appeal,true_duplicate_deleted,byte-identical full_text; discarded source_url: https://doha.ogc.osd.mil/Industrial-Security-Program/Industrial-Security-Clearance-Decisions/ISCR-Hearing-Decisions/Archived-ISCR-Hearing-Decisions/2016-and-Prior-ISCR-Hearing-Decisions-12/FileId/139845/
14-05127,appeal,true_duplicate_deleted,byte-identical full_text; discarded source_url: https://doha.ogc.osd.mil/Industrial-Security-Program/Industrial-Security-Clearance-Decisions/ISCR-Hearing-Decisions/Archived-ISCR-Hearing-Decisions/2016-and-Prior-ISCR-Hearing-Decisions-12/FileId/139852/
14-05141,appeal,true_duplicate_deleted,byte-identical full_text; discarded source_url: https://doha.ogc.osd.mil/Industrial-Security-Program/Industrial-Security-Clearance-Decisions/ISCR-Hearing-Decisions/Archived-ISCR-Hearing-Decisions/2016-and-Prior-ISCR-Hearing-Decisions-12/FileId/139853/
14-05150,appeal,true_duplicate_deleted,byte-identical full_text; discarded source_url: https://doha.ogc.osd.mil/Industrial-Security-Program/Industrial-Security-Clearance-Decisions/ISCR-Hearing-Decisions/Archived-ISCR-Hearing-Decisions/2016-and-Prior-ISCR-Hearing-Decisions-12/FileId/139860/
14-05198,appeal,true_duplicate_deleted,byte-identical full_text; discarded source_url: https://doha.ogc.osd.mil/Industrial-Security-Program/Industrial-Security-Clearance-Decisions/ISCR-Hearing-Decisions/Archived-ISCR-Hearing-Decisions/2016-and-Prior-ISCR-Hearing-Decisions-12/FileId/139873/
14-05201,appeal,true_duplicate_deleted,byte-identical full_text; discarded source_url: https://doha.ogc.osd.mil/Industrial-Security-Program/Industrial-Security-Clearance-Decisions/ISCR-Hearing-Decisions/Archived-ISCR-Hearing-Decisions/2016-and-Prior-ISCR-Hearing-Decisions-12/FileId/139879/
14-05238,appeal,true_duplicate_deleted,byte-identical full_text; discarded source_url: https://doha.ogc.osd.mil/Industrial-Security-Program/Industrial-Security-Clearance-Decisions/ISCR-Hearing-Decisions/Archived-ISCR-Hearing-Decisions/2016-and-Prior-ISCR-Hearing-Decisions-12/FileId/139886/
14-05240,appeal,true_duplicate_deleted,byte-identical full_text; discarded source_url: https://doha.ogc.osd.mil/Industrial-Security-Program/Industrial-Security-Clearance-Decisions/ISCR-Hearing-Decisions/Archived-ISCR-Hearing-Decisions/2016-and-Prior-ISCR-Hearing-Decisions-12/FileId/139888/
14-05251,appeal,true_duplicate_deleted,byte-identical full_text; discarded source_url: https://doha.ogc.osd.mil/Industrial-Security-Program/Industrial-Security-Clearance-Decisions/ISCR-Hearing-Decisions/Archived-ISCR-Hearing-Decisions/2016-and-Prior-ISCR-Hearing-Decisions-12/FileId/139894/
14-05359,appeal,true_duplicate_deleted,byte-identical full_text; discarded source_url: https://doha.ogc.osd.mil/Industrial-Security-Program/Industrial-Security-Clearance-Decisions/ISCR-Hearing-Decisions/Archived-ISCR-Hearing-Decisions/2016-and-Prior-ISCR-Hearing-Decisions-12/FileId/139924/
14-05328,appeal,true_duplicate_deleted,byte-identical full_text; discarded source_url: https://doha.ogc.osd.mil/Industrial-Security-Program/Industrial-Security-Clearance-Decisions/ISCR-Hearing-Decisions/Archived-ISCR-Hearing-Decisions/2016-and-Prior-ISCR-Hearing-Decisions-12/FileId/139911/
14-05362,appeal,true_duplicate_deleted,byte-identical full_text; discarded source_url: https://doha.ogc.osd.mil/Industrial-Security-Program/Industrial-Security-Clearance-Decisions/ISCR-Hearing-Decisions/Archived-ISCR-Hearing-Decisions/2016-and-Prior-ISCR-Hearing-Decisions-12/FileId/139925/
14-05357,appeal,true_duplicate_deleted,byte-identical full_text; discarded source_url: https://doha.ogc.osd.mil/Industrial-Security-Program/Industrial-Security-Clearance-Decisions/ISCR-Hearing-Decisions/Archived-ISCR-Hearing-Decisions/2016-and-Prior-ISCR-Hearing-Decisions-12/FileId/139921/
14-05366,appeal,true_duplicate_deleted,byte-identical full_text; discarded source_url: https://doha.ogc.osd.mil/Industrial-Security-Program/Industrial-Security-Clearance-Decisions/ISCR-Hearing-Decisions/Archived-ISCR-Hearing-Decisions/2016-and-Prior-ISCR-Hearing-Decisions-12/FileId/139928/
14-05330,appeal,true_duplicate_deleted,byte-identical full_text; discarded source_url: https://doha.ogc.osd.mil/Industrial-Security-Program/Industrial-Security-Clearance-Decisions/ISCR-Hearing-Decisions/Archived-ISCR-Hearing-Decisions/2016-and-Prior-ISCR-Hearing-Decisions-12/FileId/139913/
14-05409,appeal,true_duplicate_deleted,byte-identical full_text; discarded source_url: https://doha.ogc.osd.mil/Industrial-Security-Program/Industrial-Security-Clearance-Decisions/ISCR-Hearing-Decisions/Archived-ISCR-Hearing-Decisions/2016-and-Prior-ISCR-Hearing-Decisions-12/FileId/139938/
14-05412,appeal,true_duplicate_deleted,byte-identical full_text; discarded source_url: https://doha.ogc.osd.mil/Industrial-Security-Program/Industrial-Security-Clearance-Decisions/ISCR-Hearing-Decisions/Archived-ISCR-Hearing-Decisions/2016-and-Prior-ISCR-Hearing-Decisions-12/FileId/139943/
14-05468,appeal,true_duplicate_deleted,byte-identical full_text; discarded source_url: https://doha.ogc.osd.mil/Industrial-Security-Program/Industrial-Security-Clearance-Decisions/ISCR-Hearing-Decisions/Archived-ISCR-Hearing-Decisions/2016-and-Prior-ISCR-Hearing-Decisions-12/FileId/139959/
14-05476,appeal,true_duplicate_deleted,byte-identical full_text; discarded source_url: https://doha.ogc.osd.mil/Industrial-Security-Program/Industrial-Security-Clearance-Decisions/ISCR-Hearing-Decisions/Archived-ISCR-Hearing-Decisions/2016-and-Prior-ISCR-Hearing-Decisions-12/FileId/139960/
14-05484,appeal,true_duplicate_deleted,byte-identical full_text; discarded source_url: https://doha.ogc.osd.mil/Industrial-Security-Program/Industrial-Security-Clearance-Decisions/ISCR-Hearing-Decisions/Archived-ISCR-Hearing-Decisions/2016-and-Prior-ISCR-Hearing-Decisions-12/FileId/139965/
14-05486,appeal,true_duplicate_deleted,byte-identical full_text; discarded source_url: https://doha.ogc.osd.mil/Industrial-Security-Program/Industrial-Security-Clearance-Decisions/ISCR-Hearing-Decisions/Archived-ISCR-Hearing-Decisions/2016-and-Prior-ISCR-Hearing-Decisions-12/FileId/139968/
14-05488,appeal,true_duplicate_deleted,byte-identical full_text; discarded source_url: https://doha.ogc.osd.mil/Industrial-Security-Program/Industrial-Security-Clearance-Decisions/ISCR-Hearing-Decisions/Archived-ISCR-Hearing-Decisions/2016-and-Prior-ISCR-Hearing-Decisions-12/FileId/139971/
14-05489,appeal,true_duplicate_deleted,byte-identical full_text; discarded source_url: https://doha.ogc.osd.mil/Industrial-Security-Program/Industrial-Security-Clearance-Decisions/ISCR-Hearing-Decisions/Archived-ISCR-Hearing-Decisions/2016-and-Prior-ISCR-Hearing-Decisions-12/FileId/139973/
14-05728,appeal,true_duplicate_deleted,byte-identical full_text; discarded source_url: https://doha.ogc.osd.mil/Industrial-Security-Program/Industrial-Security-Clearance-Decisions/ISCR-Hearing-Decisions/Archived-ISCR-Hearing-Decisions/2016-and-Prior-ISCR-Hearing-Decisions-12/FileId/140029/
14-05740,appeal,true_duplicate_deleted,byte-identical full_text; discarded source_url: https://doha.ogc.osd.mil/Industrial-Security-Program/Industrial-Security-Clearance-Decisions/ISCR-Hearing-Decisions/Archived-ISCR-Hearing-Decisions/2016-and-Prior-ISCR-Hearing-Decisions-12/FileId/140036/
14-05764,appeal,true_duplicate_deleted,byte-identical full_text; discarded source_url: https://doha.ogc.osd.mil/Industrial-Security-Program/Industrial-Security-Clearance-Decisions/ISCR-Hearing-Decisions/Archived-ISCR-Hearing-Decisions/2016-and-Prior-ISCR-Hearing-Decisions-12/FileId/140044/
14-05762,appeal,true_duplicate_deleted,byte-identical full_text; discarded source_url: https://doha.ogc.osd.mil/Industrial-Security-Program/Industrial-Security-Clearance-Decisions/ISCR-Hearing-Decisions/Archived-ISCR-Hearing-Decisions/2016-and-Prior-ISCR-Hearing-Decisions-12/FileId/140045/
14-05795,appeal,true_duplicate_deleted,byte-identical full_text; discarded source_url: https://doha.ogc.osd.mil/Industrial-Security-Program/Industrial-Security-Clearance-Decisions/ISCR-Hearing-Decisions/Archived-ISCR-Hearing-Decisions/2016-and-Prior-ISCR-Hearing-Decisions-12/FileId/140051/
14-05794,appeal,true_duplicate_deleted,byte-identical full_text; discarded source_url: https://doha.ogc.osd.mil/Industrial-Security-Program/Industrial-Security-Clearance-Decisions/ISCR-Hearing-Decisions/Archived-ISCR-Hearing-Decisions/2016-and-Prior-ISCR-Hearing-Decisions-12/FileId/140052/
14-05920,appeal,true_duplicate_deleted,byte-identical full_text; discarded source_url: https://doha.ogc.osd.mil/Industrial-Security-Program/Industrial-Security-Clearance-Decisions/ISCR-Hearing-Decisions/Archived-ISCR-Hearing-Decisions/2016-and-Prior-ISCR-Hearing-Decisions-12/FileId/140076/
14-05934,appeal,true_duplicate_deleted,byte-identical full_text; discarded source_url: https://doha.ogc.osd.mil/Industrial-Security-Program/Industrial-Security-Clearance-Decisions/ISCR-Hearing-Decisions/Archived-ISCR-Hearing-Decisions/2016-and-Prior-ISCR-Hearing-Decisions-12/FileId/140077/
14-05803,appeal,true_duplicate_deleted,byte-identical full_text; discarded source_url: https://doha.ogc.osd.mil/Industrial-Security-Program/Industrial-Security-Clearance-Decisions/ISCR-Hearing-Decisions/Archived-ISCR-Hearing-Decisions/2016-and-Prior-ISCR-Hearing-Decisions-12/FileId/140054/
14-06011,appeal,true_duplicate_deleted,byte-identical full_text; discarded source_url: https://doha.ogc.osd.mil/Industrial-Security-Program/Industrial-Security-Clearance-Decisions/ISCR-Hearing-Decisions/Archived-ISCR-Hearing-Decisions/2016-and-Prior-ISCR-Hearing-Decisions-12/FileId/140097/
14-05986,appeal,true_duplicate_deleted,byte-identical full_text; discarded source_url: https://doha.ogc.osd.mil/Industrial-Security-Program/Industrial-Security-Clearance-Decisions/ISCR-Hearing-Decisions/Archived-ISCR-Hearing-Decisions/2016-and-Prior-ISCR-Hearing-Decisions-12/FileId/140091/
14-06093,appeal,true_duplicate_deleted,byte-identical full_text; discarded source_url: https://doha.ogc.osd.mil/Industrial-Security-Program/Industrial-Security-Clearance-Decisions/ISCR-Hearing-Decisions/Archived-ISCR-Hearing-Decisions/2016-and-Prior-ISCR-Hearing-Decisions-12/FileId/140112/
14-06095,appeal,true_duplicate_deleted,byte-identical full_text; discarded source_url: https://doha.ogc.osd.mil/Industrial-Security-Program/Industrial-Security-Clearance-Decisions/ISCR-Hearing-Decisions/Archived-ISCR-Hearing-Decisions/2016-and-Prior-ISCR-Hearing-Decisions-12/FileId/140114/
14-06127,appeal,true_duplicate_deleted,byte-identical full_text; discarded source_url: https://doha.ogc.osd.mil/Industrial-Security-Program/Industrial-Security-Clearance-Decisions/ISCR-Hearing-Decisions/Archived-ISCR-Hearing-Decisions/2016-and-Prior-ISCR-Hearing-Decisions-12/FileId/140123/
14-06131,appeal,true_duplicate_deleted,byte-identical full_text; discarded source_url: https://doha.ogc.osd.mil/Industrial-Security-Program/Industrial-Security-Clearance-Decisions/ISCR-Hearing-Decisions/Archived-ISCR-Hearing-Decisions/2016-and-Prior-ISCR-Hearing-Decisions-12/FileId/140125/
14-06135,appeal,true_duplicate_deleted,byte-identical full_text; discarded source_url: https://doha.ogc.osd.mil/Industrial-Security-Program/Industrial-Security-Clearance-Decisions/ISCR-Hearing-Decisions/Archived-ISCR-Hearing-Decisions/2016-and-Prior-ISCR-Hearing-Decisions-12/FileId/140127/
14-06203,appeal,true_duplicate_deleted,byte-identical full_text; discarded source_url: https://doha.ogc.osd.mil/Industrial-Security-Program/Industrial-Security-Clearance-Decisions/ISCR-Hearing-Decisions/Archived-ISCR-Hearing-Decisions/2016-and-Prior-ISCR-Hearing-Decisions-12/FileId/140136/
14-06226,appeal,true_duplicate_deleted,byte-identical full_text; discarded source_url: https://doha.ogc.osd.mil/Industrial-Security-Program/Industrial-Security-Clearance-Decisions/ISCR-Hearing-Decisions/Archived-ISCR-Hearing-Decisions/2016-and-Prior-ISCR-Hearing-Decisions-12/FileId/140140/
14-06259,appeal,true_duplicate_deleted,byte-identical full_text; discarded source_url: https://doha.ogc.osd.mil/Industrial-Security-Program/Industrial-Security-Clearance-Decisions/ISCR-Hearing-Decisions/Archived-ISCR-Hearing-Decisions/2016-and-Prior-ISCR-Hearing-Decisions-12/FileId/140154/
14-06206,appeal,true_duplicate_deleted,byte-identical full_text; discarded source_url: https://doha.ogc.osd.mil/Industrial-Security-Program/Industrial-Security-Clearance-Decisions/ISCR-Hearing-Decisions/Archived-ISCR-Hearing-Decisions/2016-and-Prior-ISCR-Hearing-Decisions-12/FileId/140137/
14-06292,appeal,true_duplicate_deleted,byte-identical full_text; discarded source_url: https://doha.ogc.osd.mil/Industrial-Security-Program/Industrial-Security-Clearance-Decisions/ISCR-Hearing-Decisions/Archived-ISCR-Hearing-Decisions/2016-and-Prior-ISCR-Hearing-Decisions-12/FileId/140163/
14-06293,appeal,true_duplicate_deleted,byte-identical full_text; discarded source_url: https://doha.ogc.osd.mil/Industrial-Security-Program/Industrial-Security-Clearance-Decisions/ISCR-Hearing-Decisions/Archived-ISCR-Hearing-Decisions/2016-and-Prior-ISCR-Hearing-Decisions-12/FileId/140165/
14-06338,appeal,true_duplicate_deleted,byte-identical full_text; discarded source_url: https://doha.ogc.osd.mil/Industrial-Security-Program/Industrial-Security-Clearance-Decisions/ISCR-Hearing-Decisions/Archived-ISCR-Hearing-Decisions/2016-and-Prior-ISCR-Hearing-Decisions-12/FileId/140176/
14-06346,appeal,true_duplicate_deleted,byte-identical full_text; discarded source_url: https://doha.ogc.osd.mil/Industrial-Security-Program/Industrial-Security-Clearance-Decisions/ISCR-Hearing-Decisions/Archived-ISCR-Hearing-Decisions/2016-and-Prior-ISCR-Hearing-Decisions-12/FileId/140180/
14-06351,appeal,true_duplicate_deleted,byte-identical full_text; discarded source_url: https://doha.ogc.osd.mil/Industrial-Security-Program/Industrial-Security-Clearance-Decisions/ISCR-Hearing-Decisions/Archived-ISCR-Hearing-Decisions/2016-and-Prior-ISCR-Hearing-Decisions-12/FileId/140182/
14-06359,appeal,true_duplicate_deleted,byte-identical full_text; discarded source_url: https://doha.ogc.osd.mil/Industrial-Security-Program/Industrial-Security-Clearance-Decisions/ISCR-Hearing-Decisions/Archived-ISCR-Hearing-Decisions/2016-and-Prior-ISCR-Hearing-Decisions-12/FileId/140188/
14-06406,appeal,true_duplicate_deleted,byte-identical full_text; discarded source_url: https://doha.ogc.osd.mil/Industrial-Security-Program/Industrial-Security-Clearance-Decisions/ISCR-Hearing-Decisions/Archived-ISCR-Hearing-Decisions/2016-and-Prior-ISCR-Hearing-Decisions-12/FileId/140195/
14-06419,appeal,true_duplicate_deleted,byte-identical full_text; discarded source_url: https://doha.ogc.osd.mil/Industrial-Security-Program/Industrial-Security-Clearance-Decisions/ISCR-Hearing-Decisions/Archived-ISCR-Hearing-Decisions/2016-and-Prior-ISCR-Hearing-Decisions-12/FileId/140196/
14-06436,appeal,true_duplicate_deleted,byte-identical full_text; discarded source_url: https://doha.ogc.osd.mil/Industrial-Security-Program/Industrial-Security-Clearance-Decisions/ISCR-Hearing-Decisions/Archived-ISCR-Hearing-Decisions/2016-and-Prior-ISCR-Hearing-Decisions-12/FileId/140205/
14-06467,appeal,true_duplicate_deleted,byte-identical full_text; discarded source_url: https://doha.ogc.osd.mil/Industrial-Security-Program/Industrial-Security-Clearance-Decisions/ISCR-Hearing-Decisions/Archived-ISCR-Hearing-Decisions/2016-and-Prior-ISCR-Hearing-Decisions-12/FileId/140215/
14-06440,appeal,true_duplicate_deleted,byte-identical full_text; discarded source_url: https://doha.ogc.osd.mil/Industrial-Security-Program/Industrial-Security-Clearance-Decisions/ISCR-Hearing-Decisions/Archived-ISCR-Hearing-Decisions/2016-and-Prior-ISCR-Hearing-Decisions-12/FileId/140208/
14-06491,appeal,true_duplicate_deleted,byte-identical full_text; discarded source_url: https://doha.ogc.osd.mil/Industrial-Security-Program/Industrial-Security-Clearance-Decisions/ISCR-Hearing-Decisions/Archived-ISCR-Hearing-Decisions/2016-and-Prior-ISCR-Hearing-Decisions-12/FileId/140219/
14-06592,appeal,true_duplicate_deleted,byte-identical full_text; discarded source_url: https://doha.ogc.osd.mil/Industrial-Security-Program/Industrial-Security-Clearance-Decisions/ISCR-Hearing-Decisions/Archived-ISCR-Hearing-Decisions/2016-and-Prior-ISCR-Hearing-Decisions-12/FileId/140247/
14-06631,appeal,true_duplicate_deleted,byte-identical full_text; discarded source_url: https://doha.ogc.osd.mil/Industrial-Security-Program/Industrial-Security-Clearance-Decisions/ISCR-Hearing-Decisions/Archived-ISCR-Hearing-Decisions/2016-and-Prior-ISCR-Hearing-Decisions-12/FileId/140258/
14-06508,appeal,true_duplicate_deleted,byte-identical full_text; discarded source_url: https://doha.ogc.osd.mil/Industrial-Security-Program/Industrial-Security-Clearance-Decisions/ISCR-Hearing-Decisions/Archived-ISCR-Hearing-Decisions/2016-and-Prior-ISCR-Hearing-Decisions-12/FileId/140225/
14-06634,appeal,true_duplicate_deleted,byte-identical full_text; discarded source_url: https://doha.ogc.osd.mil/Industrial-Security-Program/Industrial-Security-Clearance-Decisions/ISCR-Hearing-Decisions/Archived-ISCR-Hearing-Decisions/2016-and-Prior-ISCR-Hearing-Decisions-12/FileId/140262/
14-06653,appeal,true_duplicate_deleted,byte-identical full_text; discarded source_url: https://doha.ogc.osd.mil/Industrial-Security-Program/Industrial-Security-Clearance-Decisions/ISCR-Hearing-Decisions/Archived-ISCR-Hearing-Decisions/2016-and-Prior-ISCR-Hearing-Decisions-12/FileId/140264/
14-06675,appeal,true_duplicate_deleted,byte-identical full_text; discarded source_url: https://doha.ogc.osd.mil/Industrial-Security-Program/Industrial-Security-Clearance-Decisions/ISCR-Hearing-Decisions/Archived-ISCR-Hearing-Decisions/2016-and-Prior-ISCR-Hearing-Decisions-12/FileId/140267/
14-06686,appeal,true_duplicate_deleted,byte-identical full_text; discarded source_url: https://doha.ogc.osd.mil/Industrial-Security-Program/Industrial-Security-Clearance-Decisions/ISCR-Hearing-Decisions/Archived-ISCR-Hearing-Decisions/2016-and-Prior-ISCR-Hearing-Decisions-12/FileId/140271/
14-06746,appeal,true_duplicate_deleted,byte-identical full_text; discarded source_url: https://doha.ogc.osd.mil/Industrial-Security-Program/Industrial-Security-Clearance-Decisions/ISCR-Hearing-Decisions/Archived-ISCR-Hearing-Decisions/2016-and-Prior-ISCR-Hearing-Decisions-12/FileId/140284/
14-06744,appeal,true_duplicate_deleted,byte-identical full_text; discarded source_url: https://doha.ogc.osd.mil/Industrial-Security-Program/Industrial-Security-Clearance-Decisions/ISCR-Hearing-Decisions/Archived-ISCR-Hearing-Decisions/2016-and-Prior-ISCR-Hearing-Decisions-12/FileId/140283/
14-06751,appeal,true_duplicate_deleted,byte-identical full_text; discarded source_url: https://doha.ogc.osd.mil/Industrial-Security-Program/Industrial-Security-Clearance-Decisions/ISCR-Hearing-Decisions/Archived-ISCR-Hearing-Decisions/2016-and-Prior-ISCR-Hearing-Decisions-12/FileId/140290/
14-06781,appeal,true_duplicate_deleted,byte-identical full_text; discarded source_url: https://doha.ogc.osd.mil/Industrial-Security-Program/Industrial-Security-Clearance-Decisions/ISCR-Hearing-Decisions/Archived-ISCR-Hearing-Decisions/2016-and-Prior-ISCR-Hearing-Decisions-12/FileId/140296/
14-06788,appeal,true_duplicate_deleted,byte-identical full_text; discarded source_url: https://doha.ogc.osd.mil/Industrial-Security-Program/Industrial-Security-Clearance-Decisions/ISCR-Hearing-Decisions/Archived-ISCR-Hearing-Decisions/2016-and-Prior-ISCR-Hearing-Decisions-12/FileId/140298/
14-06808,appeal,true_duplicate_deleted,byte-identical full_text; discarded source_url: https://doha.ogc.osd.mil/Industrial-Security-Program/Industrial-Security-Clearance-Decisions/ISCR-Hearing-Decisions/Archived-ISCR-Hearing-Decisions/2016-and-Prior-ISCR-Hearing-Decisions-12/FileId/140299/
14-06916,appeal,true_duplicate_deleted,byte-identical full_text; discarded source_url: https://doha.ogc.osd.mil/Industrial-Security-Program/Industrial-Security-Clearance-Decisions/ISCR-Hearing-Decisions/Archived-ISCR-Hearing-Decisions/2016-and-Prior-ISCR-Hearing-Decisions-12/FileId/140319/
14-06895,appeal,true_duplicate_deleted,byte-identical full_text; discarded source_url: https://doha.ogc.osd.mil/Industrial-Security-Program/Industrial-Security-Clearance-Decisions/ISCR-Hearing-Decisions/Archived-ISCR-Hearing-Decisions/2016-and-Prior-ISCR-Hearing-Decisions-12/FileId/140315/
14-06917,appeal,true_duplicate_deleted,byte-identical full_text; discarded source_url: https://doha.ogc.osd.mil/Industrial-Security-Program/Industrial-Security-Clearance-Decisions/ISCR-Hearing-Decisions/Archived-ISCR-Hearing-Decisions/2016-and-Prior-ISCR-Hearing-Decisions-12/FileId/140324/
14-06931,appeal,true_duplicate_deleted,byte-identical full_text; discarded source_url: https://doha.ogc.osd.mil/Industrial-Security-Program/Industrial-Security-Clearance-Decisions/ISCR-Hearing-Decisions/Archived-ISCR-Hearing-Decisions/2016-and-Prior-ISCR-Hearing-Decisions-12/FileId/140329/
14-06958,appeal,true_duplicate_deleted,byte-identical full_text; discarded source_url: https://doha.ogc.osd.mil/Industrial-Security-Program/Industrial-Security-Clearance-Decisions/ISCR-Hearing-Decisions/Archived-ISCR-Hearing-Decisions/2016-and-Prior-ISCR-Hearing-Decisions-12/FileId/140339/
14-06971,appeal,true_duplicate_deleted,byte-identical full_text; discarded source_url: https://doha.ogc.osd.mil/Industrial-Security-Program/Industrial-Security-Clearance-Decisions/ISCR-Hearing-Decisions/Archived-ISCR-Hearing-Decisions/2016-and-Prior-ISCR-Hearing-Decisions-12/FileId/140342/
14-07018,appeal,true_duplicate_deleted,byte-identical full_text; discarded source_url: https://doha.ogc.osd.mil/Industrial-Security-Program/Industrial-Security-Clearance-Decisions/ISCR-Hearing-Decisions/Archived-ISCR-Hearing-Decisions/2016-and-Prior-ISCR-Hearing-Decisions-12/FileId/140355/
15-00017,appeal,true_duplicate_deleted,byte-identical full_text; discarded source_url: https://doha.ogc.osd.mil/Industrial-Security-Program/Industrial-Security-Clearance-Decisions/ISCR-Hearing-Decisions/Archived-ISCR-Hearing-Decisions/2016-and-Prior-ISCR-Hearing-Decisions-12/FileId/140373/
15-00020,appeal,true_duplicate_deleted,byte-identical full_text; discarded source_url: https://doha.ogc.osd.mil/Industrial-Security-Program/Industrial-Security-Clearance-Decisions/ISCR-Hearing-Decisions/Archived-ISCR-Hearing-Decisions/2016-and-Prior-ISCR-Hearing-Decisions-12/FileId/140374/
15-00042,appeal,true_duplicate_deleted,byte-identical full_text; discarded source_url: https://doha.ogc.osd.mil/Industrial-Security-Program/Industrial-Security-Clearance-Decisions/ISCR-Hearing-Decisions/Archived-ISCR-Hearing-Decisions/2016-and-Prior-ISCR-Hearing-Decisions-12/FileId/140386/
15-00022,appeal,true_duplicate_deleted,byte-identical full_text; discarded source_url: https://doha.ogc.osd.mil/Industrial-Security-Program/Industrial-Security-Clearance-Decisions/ISCR-Hearing-Decisions/Archived-ISCR-Hearing-Decisions/2016-and-Prior-ISCR-Hearing-Decisions-12/FileId/140378/
15-00092,appeal,true_duplicate_deleted,byte-identical full_text; discarded source_url: https://doha.ogc.osd.mil/Industrial-Security-Program/Industrial-Security-Clearance-Decisions/ISCR-Hearing-Decisions/Archived-ISCR-Hearing-Decisions/2016-and-Prior-ISCR-Hearing-Decisions-12/FileId/140395/
15-00207,appeal,true_duplicate_deleted,byte-identical full_text; discarded source_url: https://doha.ogc.osd.mil/Industrial-Security-Program/Industrial-Security-Clearance-Decisions/ISCR-Hearing-Decisions/Archived-ISCR-Hearing-Decisions/2016-and-Prior-ISCR-Hearing-Decisions-12/FileId/140408/
15-00208,appeal,true_duplicate_deleted,byte-identical full_text; discarded source_url: https://doha.ogc.osd.mil/Industrial-Security-Program/Industrial-Security-Clearance-Decisions/ISCR-Hearing-Decisions/Archived-ISCR-Hearing-Decisions/2016-and-Prior-ISCR-Hearing-Decisions-12/FileId/140412/
15-00186,appeal,true_duplicate_deleted,byte-identical full_text; discarded source_url: https://doha.ogc.osd.mil/Industrial-Security-Program/Industrial-Security-Clearance-Decisions/ISCR-Hearing-Decisions/Archived-ISCR-Hearing-Decisions/2016-and-Prior-ISCR-Hearing-Decisions-12/FileId/140402/
15-00216,appeal,true_duplicate_deleted,byte-identical full_text; discarded source_url: https://doha.ogc.osd.mil/Industrial-Security-Program/Industrial-Security-Clearance-Decisions/ISCR-Hearing-Decisions/Archived-ISCR-Hearing-Decisions/2016-and-Prior-ISCR-Hearing-Decisions-12/FileId/140415/
15-00254,appeal,true_duplicate_deleted,byte-identical full_text; discarded source_url: https://doha.ogc.osd.mil/Industrial-Security-Program/Industrial-Security-Clearance-Decisions/ISCR-Hearing-Decisions/Archived-ISCR-Hearing-Decisions/2016-and-Prior-ISCR-Hearing-Decisions-12/FileId/140419/
15-00318,appeal,true_duplicate_deleted,byte-identical full_text; discarded source_url: https://doha.ogc.osd.mil/Industrial-Security-Program/Industrial-Security-Clearance-Decisions/ISCR-Hearing-Decisions/Archived-ISCR-Hearing-Decisions/2016-and-Prior-ISCR-Hearing-Decisions-12/FileId/140435/
15-00327,appeal,true_duplicate_deleted,byte-identical full_text; discarded source_url: https://doha.ogc.osd.mil/Industrial-Security-Program/Industrial-Security-Clearance-Decisions/ISCR-Hearing-Decisions/Archived-ISCR-Hearing-Decisions/2016-and-Prior-ISCR-Hearing-Decisions-12/FileId/140440/
15-00424,appeal,true_duplicate_deleted,byte-identical full_text; discarded source_url: https://doha.ogc.osd.mil/Industrial-Security-Program/Industrial-Security-Clearance-Decisions/ISCR-Hearing-Decisions/Archived-ISCR-Hearing-Decisions/2016-and-Prior-ISCR-Hearing-Decisions-12/FileId/140449/
15-00552,appeal,true_duplicate_deleted,byte-identical full_text; discarded source_url: https://doha.ogc.osd.mil/Industrial-Security-Program/Industrial-Security-Clearance-Decisions/ISCR-Hearing-Decisions/Archived-ISCR-Hearing-Decisions/2016-and-Prior-ISCR-Hearing-Decisions-12/FileId/140474/
15-00633,appeal,true_duplicate_deleted,byte-identical full_text; discarded source_url: https://doha.ogc.osd.mil/Industrial-Security-Program/Industrial-Security-Clearance-Decisions/ISCR-Hearing-Decisions/Archived-ISCR-Hearing-Decisions/2016-and-Prior-ISCR-Hearing-Decisions-12/FileId/140486/
15-00682,appeal,true_duplicate_deleted,byte-identical full_text; discarded source_url: https://doha.ogc.osd.mil/Industrial-Security-Program/Industrial-Security-Clearance-Decisions/ISCR-Hearing-Decisions/Archived-ISCR-Hearing-Decisions/2016-and-Prior-ISCR-Hearing-Decisions-12/FileId/140487/
15-00650,appeal,true_duplicate_deleted,byte-identical full_text; discarded source_url: https://doha.ogc.osd.mil/Industrial-Security-Program/Industrial-Security-Clearance-Decisions/ISCR-Hearing-Decisions/Archived-ISCR-Hearing-Decisions/2016-and-Prior-ISCR-Hearing-Decisions-12/FileId/140483/
15-00693,appeal,true_duplicate_deleted,byte-identical full_text; discarded source_url: https://doha.ogc.osd.mil/Industrial-Security-Program/Industrial-Security-Clearance-Decisions/ISCR-Hearing-Decisions/Archived-ISCR-Hearing-Decisions/2016-and-Prior-ISCR-Hearing-Decisions-12/FileId/140493/
15-00802,appeal,true_duplicate_deleted,byte-identical full_text; discarded source_url: https://doha.ogc.osd.mil/Industrial-Security-Program/Industrial-Security-Clearance-Decisions/ISCR-Hearing-Decisions/Archived-ISCR-Hearing-Decisions/2016-and-Prior-ISCR-Hearing-Decisions-12/FileId/140502/
15-00821,appeal,true_duplicate_deleted,byte-identical full_text; discarded source_url: https://doha.ogc.osd.mil/Industrial-Security-Program/Industrial-Security-Clearance-Decisions/ISCR-Hearing-Decisions/Archived-ISCR-Hearing-Decisions/2016-and-Prior-ISCR-Hearing-Decisions-12/FileId/140509/
15-00804,appeal,true_duplicate_deleted,byte-identical full_text; discarded source_url: https://doha.ogc.osd.mil/Industrial-Security-Program/Industrial-Security-Clearance-Decisions/ISCR-Hearing-Decisions/Archived-ISCR-Hearing-Decisions/2016-and-Prior-ISCR-Hearing-Decisions-12/FileId/140503/
15-00895,appeal,true_duplicate_deleted,byte-identical full_text; discarded source_url: https://doha.ogc.osd.mil/Industrial-Security-Program/Industrial-Security-Clearance-Decisions/ISCR-Hearing-Decisions/Archived-ISCR-Hearing-Decisions/2016-and-Prior-ISCR-Hearing-Decisions-12/FileId/140518/
15-00898,appeal,true_duplicate_deleted,byte-identical full_text; discarded source_url: https://doha.ogc.osd.mil/Industrial-Security-Program/Industrial-Security-Clearance-Decisions/ISCR-Hearing-Decisions/Archived-ISCR-Hearing-Decisions/2016-and-Prior-ISCR-Hearing-Decisions-12/FileId/140519/
15-00910,appeal,true_duplicate_deleted,byte-identical full_text; discarded source_url: https://doha.ogc.osd.mil/Industrial-Security-Program/Industrial-Security-Clearance-Decisions/ISCR-Hearing-Decisions/Archived-ISCR-Hearing-Decisions/2016-and-Prior-ISCR-Hearing-Decisions-12/FileId/140524/
15-00949,appeal,true_duplicate_deleted,byte-identical full_text; discarded source_url: https://doha.ogc.osd.mil/Industrial-Security-Program/Industrial-Security-Clearance-Decisions/ISCR-Hearing-Decisions/Archived-ISCR-Hearing-Decisions/2016-and-Prior-ISCR-Hearing-Decisions-12/FileId/140527/
15-01031,appeal,true_duplicate_deleted,byte-identical full_text; discarded source_url: https://doha.ogc.osd.mil/Industrial-Security-Program/Industrial-Security-Clearance-Decisions/ISCR-Hearing-Decisions/Archived-ISCR-Hearing-Decisions/2016-and-Prior-ISCR-Hearing-Decisions-12/FileId/140533/
15-00977,appeal,true_duplicate_deleted,byte-identical full_text; discarded source_url: https://doha.ogc.osd.mil/Industrial-Security-Program/Industrial-Security-Clearance-Decisions/ISCR-Hearing-Decisions/Archived-ISCR-Hearing-Decisions/2016-and-Prior-ISCR-Hearing-Decisions-12/FileId/140553/
15-01017,appeal,true_duplicate_deleted,byte-identical full_text; discarded source_url: https://doha.ogc.osd.mil/Industrial-Security-Program/Industrial-Security-Clearance-Decisions/ISCR-Hearing-Decisions/Archived-ISCR-Hearing-Decisions/2016-and-Prior-ISCR-Hearing-Decisions-12/FileId/140528/
15-01070,appeal,true_duplicate_deleted,byte-identical full_text; discarded source_url: https://doha.ogc.osd.mil/Industrial-Security-Program/Industrial-Security-Clearance-Decisions/ISCR-Hearing-Decisions/Archived-ISCR-Hearing-Decisions/2016-and-Prior-ISCR-Hearing-Decisions-12/FileId/140560/
15-01094,appeal,true_duplicate_deleted,byte-identical full_text; discarded source_url: https://doha.ogc.osd.mil/Industrial-Security-Program/Industrial-Security-Clearance-Decisions/ISCR-Hearing-Decisions/Archived-ISCR-Hearing-Decisions/2016-and-Prior-ISCR-Hearing-Decisions-12/FileId/140568/
15-01099,appeal,true_duplicate_deleted,byte-identical full_text; discarded source_url: https://doha.ogc.osd.mil/Industrial-Security-Program/Industrial-Security-Clearance-Decisions/ISCR-Hearing-Decisions/Archived-ISCR-Hearing-Decisions/2016-and-Prior-ISCR-Hearing-Decisions-12/FileId/140567/
15-01138,appeal,true_duplicate_deleted,byte-identical full_text; discarded source_url: https://doha.ogc.osd.mil/Industrial-Security-Program/Industrial-Security-Clearance-Decisions/ISCR-Hearing-Decisions/Archived-ISCR-Hearing-Decisions/2016-and-Prior-ISCR-Hearing-Decisions-12/FileId/140576/
15-01173,appeal,true_duplicate_deleted,byte-identical full_text; discarded source_url: https://doha.ogc.osd.mil/Industrial-Security-Program/Industrial-Security-Clearance-Decisions/ISCR-Hearing-Decisions/Archived-ISCR-Hearing-Decisions/2016-and-Prior-ISCR-Hearing-Decisions-12/FileId/140580/
15-01184,appeal,true_duplicate_deleted,byte-identical full_text; discarded source_url: https://doha.ogc.osd.mil/Industrial-Security-Program/Industrial-Security-Clearance-Decisions/ISCR-Hearing-Decisions/Archived-ISCR-Hearing-Decisions/2016-and-Prior-ISCR-Hearing-Decisions-12/FileId/140584/
15-01270,appeal,true_duplicate_deleted,byte-identical full_text; discarded source_url: https://doha.ogc.osd.mil/Industrial-Security-Program/Industrial-Security-Clearance-Decisions/ISCR-Hearing-Decisions/Archived-ISCR-Hearing-Decisions/2016-and-Prior-ISCR-Hearing-Decisions-12/FileId/140601/
15-01253,appeal,true_duplicate_deleted,byte-identical full_text; discarded source_url: https://doha.ogc.osd.mil/Industrial-Security-Program/Industrial-Security-Clearance-Decisions/ISCR-Hearing-Decisions/Archived-ISCR-Hearing-Decisions/2016-and-Prior-ISCR-Hearing-Decisions-12/FileId/140594/
15-01191,appeal,true_duplicate_deleted,byte-identical full_text; discarded source_url: https://doha.ogc.osd.mil/Industrial-Security-Program/Industrial-Security-Clearance-Decisions/ISCR-Hearing-Decisions/Archived-ISCR-Hearing-Decisions/2016-and-Prior-ISCR-Hearing-Decisions-12/FileId/140585/
15-01208,appeal,true_duplicate_deleted,byte-identical full_text; discarded source_url: https://doha.ogc.osd.mil/Industrial-Security-Program/Industrial-Security-Clearance-Decisions/ISCR-Hearing-Decisions/Archived-ISCR-Hearing-Decisions/2016-and-Prior-ISCR-Hearing-Decisions-12/FileId/140589/
15-01285,appeal,true_duplicate_deleted,byte-identical full_text; discarded source_url: https://doha.ogc.osd.mil/Industrial-Security-Program/Industrial-Security-Clearance-Decisions/ISCR-Hearing-Decisions/Archived-ISCR-Hearing-Decisions/2016-and-Prior-ISCR-Hearing-Decisions-12/FileId/140603/
15-01494,appeal,true_duplicate_deleted,byte-identical full_text; discarded source_url: https://doha.ogc.osd.mil/Industrial-Security-Program/Industrial-Security-Clearance-Decisions/ISCR-Hearing-Decisions/Archived-ISCR-Hearing-Decisions/2016-and-Prior-ISCR-Hearing-Decisions-12/FileId/140624/
15-01515,appeal,true_duplicate_deleted,byte-identical full_text; discarded source_url: https://doha.ogc.osd.mil/Industrial-Security-Program/Industrial-Security-Clearance-Decisions/ISCR-Hearing-Decisions/Archived-ISCR-Hearing-Decisions/2016-and-Prior-ISCR-Hearing-Decisions-12/FileId/140625/
15-01564,appeal,true_duplicate_deleted,byte-identical full_text; discarded source_url: https://doha.ogc.osd.mil/Industrial-Security-Program/Industrial-Security-Clearance-Decisions/ISCR-Hearing-Decisions/Archived-ISCR-Hearing-Decisions/2016-and-Prior-ISCR-Hearing-Decisions-12/FileId/140534/
15-01545,appeal,true_duplicate_deleted,byte-identical full_text; discarded source_url: https://doha.ogc.osd.mil/Industrial-Security-Program/Industrial-Security-Clearance-Decisions/ISCR-Hearing-Decisions/Archived-ISCR-Hearing-Decisions/2016-and-Prior-ISCR-Hearing-Decisions-12/FileId/140631/
15-01588,appeal,true_duplicate_deleted,byte-identical full_text; discarded source_url: https://doha.ogc.osd.mil/Industrial-Security-Program/Industrial-Security-Clearance-Decisions/ISCR-Hearing-Decisions/Archived-ISCR-Hearing-Decisions/2016-and-Prior-ISCR-Hearing-Decisions-12/FileId/140634/
15-01599,appeal,true_duplicate_deleted,byte-identical full_text; discarded source_url: https://doha.ogc.osd.mil/Industrial-Security-Program/Industrial-Security-Clearance-Decisions/ISCR-Hearing-Decisions/Archived-ISCR-Hearing-Decisions/2016-and-Prior-ISCR-Hearing-Decisions-12/FileId/140637/
15-01689,appeal,true_duplicate_deleted,byte-identical full_text; discarded source_url: https://doha.ogc.osd.mil/Industrial-Security-Program/Industrial-Security-Clearance-Decisions/ISCR-Hearing-Decisions/Archived-ISCR-Hearing-Decisions/2016-and-Prior-ISCR-Hearing-Decisions-12/FileId/140639/
15-01753,appeal,true_duplicate_deleted,byte-identical full_text; discarded source_url: https://doha.ogc.osd.mil/Industrial-Security-Program/Industrial-Security-Clearance-Decisions/ISCR-Hearing-Decisions/Archived-ISCR-Hearing-Decisions/2016-and-Prior-ISCR-Hearing-Decisions-12/FileId/140650/
15-01690,appeal,true_duplicate_deleted,byte-identical full_text; discarded source_url: https://doha.ogc.osd.mil/Industrial-Security-Program/Industrial-Security-Clearance-Decisions/ISCR-Hearing-Decisions/Archived-ISCR-Hearing-Decisions/2016-and-Prior-ISCR-Hearing-Decisions-12/FileId/140638/
15-01724,appeal,true_duplicate_deleted,byte-identical full_text; discarded source_url: https://doha.ogc.osd.mil/Industrial-Security-Program/Industrial-Security-Clearance-Decisions/ISCR-Hearing-Decisions/Archived-ISCR-Hearing-Decisions/2016-and-Prior-ISCR-Hearing-Decisions-12/FileId/140644/
15-01967,appeal,true_duplicate_deleted,byte-identical full_text; discarded source_url: https://doha.ogc.osd.mil/Industrial-Security-Program/Industrial-Security-Clearance-Decisions/ISCR-Hearing-Decisions/Archived-ISCR-Hearing-Decisions/2016-and-Prior-ISCR-Hearing-Decisions-12/FileId/140677/
15-02156,appeal,true_duplicate_deleted,byte-identical full_text; discarded source_url: https://doha.ogc.osd.mil/Industrial-Security-Program/Industrial-Security-Clearance-Decisions/ISCR-Hearing-Decisions/Archived-ISCR-Hearing-Decisions/2016-and-Prior-ISCR-Hearing-Decisions-12/FileId/140693/
15-02153,appeal,true_duplicate_deleted,byte-identical full_text; discarded source_url: https://doha.ogc.osd.mil/Industrial-Security-Program/Industrial-Security-Clearance-Decisions/ISCR-Hearing-Decisions/Archived-ISCR-Hearing-Decisions/2016-and-Prior-ISCR-Hearing-Decisions-12/FileId/140694/
15-02093,appeal,true_duplicate_deleted,byte-identical full_text; discarded source_url: https://doha.ogc.osd.mil/Industrial-Security-Program/Industrial-Security-Clearance-Decisions/ISCR-Hearing-Decisions/Archived-ISCR-Hearing-Decisions/2016-and-Prior-ISCR-Hearing-Decisions-12/FileId/140689/
15-02326,appeal,true_duplicate_deleted,byte-identical full_text; discarded source_url: https://doha.ogc.osd.mil/Industrial-Security-Program/Industrial-Security-Clearance-Decisions/ISCR-Hearing-Decisions/Archived-ISCR-Hearing-Decisions/2016-and-Prior-ISCR-Hearing-Decisions-12/FileId/140707/
15-02329,appeal,true_duplicate_deleted,byte-identical full_text; discarded source_url: https://doha.ogc.osd.mil/Industrial-Security-Program/Industrial-Security-Clearance-Decisions/ISCR-Hearing-Decisions/Archived-ISCR-Hearing-Decisions/2016-and-Prior-ISCR-Hearing-Decisions-12/FileId/140713/
15-02333,appeal,true_duplicate_deleted,byte-identical full_text; discarded source_url: https://doha.ogc.osd.mil/Industrial-Security-Program/Industrial-Security-Clearance-Decisions/ISCR-Hearing-Decisions/Archived-ISCR-Hearing-Decisions/2016-and-Prior-ISCR-Hearing-Decisions-12/FileId/140714/
15-02400,appeal,true_duplicate_deleted,byte-identical full_text; discarded source_url: https://doha.ogc.osd.mil/Industrial-Security-Program/Industrial-Security-Clearance-Decisions/ISCR-Hearing-Decisions/Archived-ISCR-Hearing-Decisions/2016-and-Prior-ISCR-Hearing-Decisions-12/FileId/140541/
15-02477,appeal,true_duplicate_deleted,byte-identical full_text; discarded source_url: https://doha.ogc.osd.mil/Industrial-Security-Program/Industrial-Security-Clearance-Decisions/ISCR-Hearing-Decisions/Archived-ISCR-Hearing-Decisions/2016-and-Prior-ISCR-Hearing-Decisions-12/FileId/140719/
15-02479,appeal,true_duplicate_deleted,byte-identical full_text; discarded source_url: https://doha.ogc.osd.mil/Industrial-Security-Program/Industrial-Security-Clearance-Decisions/ISCR-Hearing-Decisions/Archived-ISCR-Hearing-Decisions/2016-and-Prior-ISCR-Hearing-Decisions-12/FileId/140546/
15-02585,appeal,true_duplicate_deleted,byte-identical full_text; discarded source_url: https://doha.ogc.osd.mil/Industrial-Security-Program/Industrial-Security-Clearance-Decisions/ISCR-Hearing-Decisions/Archived-ISCR-Hearing-Decisions/2016-and-Prior-ISCR-Hearing-Decisions-12/FileId/140724/
15-02692,appeal,true_duplicate_deleted,byte-identical full_text; discarded source_url: https://doha.ogc.osd.mil/Industrial-Security-Program/Industrial-Security-Clearance-Decisions/ISCR-Hearing-Decisions/Archived-ISCR-Hearing-Decisions/2016-and-Prior-ISCR-Hearing-Decisions-12/FileId/140727/
15-02760,appeal,true_duplicate_deleted,byte-identical full_text; discarded source_url: https://doha.ogc.osd.mil/Industrial-Security-Program/Industrial-Security-Clearance-Decisions/ISCR-Hearing-Decisions/Archived-ISCR-Hearing-Decisions/2016-and-Prior-ISCR-Hearing-Decisions-12/FileId/140731/
15-02854,appeal,true_duplicate_deleted,byte-identical full_text; discarded source_url: https://doha.ogc.osd.mil/Industrial-Security-Program/Industrial-Security-Clearance-Decisions/ISCR-Hearing-Decisions/Archived-ISCR-Hearing-Decisions/2016-and-Prior-ISCR-Hearing-Decisions-12/FileId/140734/
15-02905,appeal,true_duplicate_deleted,byte-identical full_text; discarded source_url: https://doha.ogc.osd.mil/Industrial-Security-Program/Industrial-Security-Clearance-Decisions/ISCR-Hearing-Decisions/Archived-ISCR-Hearing-Decisions/2016-and-Prior-ISCR-Hearing-Decisions-12/FileId/140735/
15-02920,appeal,true_duplicate_deleted,byte-identical full_text; discarded source_url: https://doha.ogc.osd.mil/Industrial-Security-Program/Industrial-Security-Clearance-Decisions/ISCR-Hearing-Decisions/Archived-ISCR-Hearing-Decisions/2016-and-Prior-ISCR-Hearing-Decisions-12/FileId/140738/
15-02933,appeal,true_duplicate_deleted,byte-identical full_text; discarded source_url: https://doha.ogc.osd.mil/Industrial-Security-Program/Industrial-Security-Clearance-Decisions/ISCR-Hearing-Decisions/Archived-ISCR-Hearing-Decisions/2016-and-Prior-ISCR-Hearing-Decisions-12/FileId/140741/
15-03205,appeal,true_duplicate_deleted,byte-identical full_text; discarded source_url: https://doha.ogc.osd.mil/Industrial-Security-Program/Industrial-Security-Clearance-Decisions/ISCR-Hearing-Decisions/Archived-ISCR-Hearing-Decisions/2016-and-Prior-ISCR-Hearing-Decisions-12/FileId/140747/
15-03095,appeal,true_duplicate_deleted,byte-identical full_text; discarded source_url: https://doha.ogc.osd.mil/Industrial-Security-Program/Industrial-Security-Clearance-Decisions/ISCR-Hearing-Decisions/Archived-ISCR-Hearing-Decisions/2016-and-Prior-ISCR-Hearing-Decisions-12/FileId/140746/
15-03293,appeal,true_duplicate_deleted,byte-identical full_text; discarded source_url: https://doha.ogc.osd.mil/Industrial-Security-Program/Industrial-Security-Clearance-Decisions/ISCR-Hearing-Decisions/Archived-ISCR-Hearing-Decisions/2016-and-Prior-ISCR-Hearing-Decisions-12/FileId/140750/
15-03302,appeal,true_duplicate_deleted,byte-identical full_text; discarded source_url: https://doha.ogc.osd.mil/Industrial-Security-Program/Industrial-Security-Clearance-Decisions/ISCR-Hearing-Decisions/Archived-ISCR-Hearing-Decisions/2016-and-Prior-ISCR-Hearing-Decisions-12/FileId/140753/
15-03334,appeal,true_duplicate_deleted,byte-identical full_text; discarded source_url: https://doha.ogc.osd.mil/Industrial-Security-Program/Industrial-Security-Clearance-Decisions/ISCR-Hearing-Decisions/Archived-ISCR-Hearing-Decisions/2016-and-Prior-ISCR-Hearing-Decisions-12/FileId/140757/
15-03363,appeal,true_duplicate_deleted,byte-identical full_text; discarded source_url: https://doha.ogc.osd.mil/Industrial-Security-Program/Industrial-Security-Clearance-Decisions/ISCR-Hearing-Decisions/Archived-ISCR-Hearing-Decisions/2016-and-Prior-ISCR-Hearing-Decisions-12/FileId/140760/
15-03403,appeal,true_duplicate_deleted,byte-identical full_text; discarded source_url: https://doha.ogc.osd.mil/Industrial-Security-Program/Industrial-Security-Clearance-Decisions/ISCR-Hearing-Decisions/Archived-ISCR-Hearing-Decisions/2016-and-Prior-ISCR-Hearing-Decisions-12/FileId/140761/
15-03435,appeal,true_duplicate_deleted,byte-identical full_text; discarded source_url: https://doha.ogc.osd.mil/Industrial-Security-Program/Industrial-Security-Clearance-Decisions/ISCR-Hearing-Decisions/Archived-ISCR-Hearing-Decisions/2016-and-Prior-ISCR-Hearing-Decisions-12/FileId/140763/
15-03458,appeal,true_duplicate_deleted,byte-identical full_text; discarded source_url: https://doha.ogc.osd.mil/Industrial-Security-Program/Industrial-Security-Clearance-Decisions/ISCR-Hearing-Decisions/Archived-ISCR-Hearing-Decisions/2016-and-Prior-ISCR-Hearing-Decisions-12/FileId/140764/
15-03481,appeal,true_duplicate_deleted,byte-identical full_text; discarded source_url: https://doha.ogc.osd.mil/Industrial-Security-Program/Industrial-Security-Clearance-Decisions/ISCR-Hearing-Decisions/Archived-ISCR-Hearing-Decisions/2016-and-Prior-ISCR-Hearing-Decisions-12/FileId/140765/
15-03527,appeal,true_duplicate_deleted,byte-identical full_text; discarded source_url: https://doha.ogc.osd.mil/Industrial-Security-Program/Industrial-Security-Clearance-Decisions/ISCR-Hearing-Decisions/Archived-ISCR-Hearing-Decisions/2016-and-Prior-ISCR-Hearing-Decisions-12/FileId/140548/
15-03727,appeal,true_duplicate_deleted,byte-identical full_text; discarded source_url: https://doha.ogc.osd.mil/Industrial-Security-Program/Industrial-Security-Clearance-Decisions/ISCR-Hearing-Decisions/Archived-ISCR-Hearing-Decisions/2016-and-Prior-ISCR-Hearing-Decisions-12/FileId/140771/
15-03875,appeal,true_duplicate_deleted,byte-identical full_text; discarded source_url: https://doha.ogc.osd.mil/Industrial-Security-Program/Industrial-Security-Clearance-Decisions/ISCR-Hearing-Decisions/Archived-ISCR-Hearing-Decisions/2016-and-Prior-ISCR-Hearing-Decisions-12/FileId/140775/
15-04096,appeal,true_duplicate_deleted,byte-identical full_text; discarded source_url: https://doha.ogc.osd.mil/Industrial-Security-Program/Industrial-Security-Clearance-Decisions/ISCR-Hearing-Decisions/Archived-ISCR-Hearing-Decisions/2016-and-Prior-ISCR-Hearing-Decisions-12/FileId/140777/
15-04153,appeal,true_duplicate_deleted,byte-identical full_text; discarded source_url: https://doha.ogc.osd.mil/Industrial-Security-Program/Industrial-Security-Clearance-Decisions/ISCR-Hearing-Decisions/Archived-ISCR-Hearing-Decisions/2016-and-Prior-ISCR-Hearing-Decisions-12/FileId/139107/
15-04446,appeal,true_duplicate_deleted,byte-identical full_text; discarded source_url: https://doha.ogc.osd.mil/Industrial-Security-Program/Industrial-Security-Clearance-Decisions/ISCR-Hearing-Decisions/Archived-ISCR-Hearing-Decisions/2016-and-Prior-ISCR-Hearing-Decisions-12/FileId/139113/
15-04456,appeal,true_duplicate_deleted,byte-identical full_text; discarded source_url: https://doha.ogc.osd.mil/Industrial-Security-Program/Industrial-Security-Clearance-Decisions/ISCR-Hearing-Decisions/Archived-ISCR-Hearing-Decisions/2016-and-Prior-ISCR-Hearing-Decisions-12/FileId/139110/
15-04560,appeal,true_duplicate_deleted,byte-identical full_text; discarded source_url: https://doha.ogc.osd.mil/Industrial-Security-Program/Industrial-Security-Clearance-Decisions/ISCR-Hearing-Decisions/Archived-ISCR-Hearing-Decisions/2016-and-Prior-ISCR-Hearing-Decisions-12/FileId/139126/
15-04623,appeal,true_duplicate_deleted,byte-identical full_text; discarded source_url: https://doha.ogc.osd.mil/Industrial-Security-Program/Industrial-Security-Clearance-Decisions/ISCR-Hearing-Decisions/Archived-ISCR-Hearing-Decisions/2016-and-Prior-ISCR-Hearing-Decisions-12/FileId/139103/
15-05252,appeal,true_duplicate_deleted,byte-identical full_text; discarded source_url: https://doha.ogc.osd.mil/Industrial-Security-Program/Industrial-Security-Clearance-Decisions/ISCR-Hearing-Decisions/Archived-ISCR-Hearing-Decisions/2016-and-Prior-ISCR-Hearing-Decisions-12/FileId/139109/
15-05294,appeal,true_duplicate_deleted,byte-identical full_text; discarded source_url: https://doha.ogc.osd.mil/Industrial-Security-Program/Industrial-Security-Clearance-Decisions/ISCR-Hearing-Decisions/Archived-ISCR-Hearing-Decisions/2016-and-Prior-ISCR-Hearing-Decisions-12/FileId/139112/
15-05305,appeal,true_duplicate_deleted,byte-identical full_text; discarded source_url: https://doha.ogc.osd.mil/Industrial-Security-Program/Industrial-Security-Clearance-Decisions/ISCR-Hearing-Decisions/Archived-ISCR-Hearing-Decisions/2016-and-Prior-ISCR-Hearing-Decisions-12/FileId/139116/
15-05418,appeal,true_duplicate_deleted,byte-identical full_text; discarded source_url: https://doha.ogc.osd.mil/Industrial-Security-Program/Industrial-Security-Clearance-Decisions/ISCR-Hearing-Decisions/Archived-ISCR-Hearing-Decisions/2016-and-Prior-ISCR-Hearing-Decisions-12/FileId/139117/
15-06228,appeal,true_duplicate_deleted,byte-identical full_text; discarded source_url: https://doha.ogc.osd.mil/Industrial-Security-Program/Industrial-Security-Clearance-Decisions/ISCR-Hearing-Decisions/Archived-ISCR-Hearing-Decisions/2016-and-Prior-ISCR-Hearing-Decisions-12/FileId/139124/
02-25196,appeal,true_duplicate_deleted,byte-identical full_text; discarded source_url: https://doha.ogc.osd.mil/Industrial-Security-Program/Industrial-Security-Clearance-Decisions/DOHA-Appeal-Board/Archived-DOHA-Appeal-Board/2016-and-Prior-DOHA-Appeal-Board/2016-and-Prior-DOHA-Appeal-Board-1/FileId/152153/
02-26033,appeal,true_duplicate_deleted,byte-identical full_text; discarded source_url: https://doha.ogc.osd.mil/Industrial-Security-Program/Industrial-Security-Clearance-Decisions/DOHA-Appeal-Board/Archived-DOHA-Appeal-Board/2016-and-Prior-DOHA-Appeal-Board/2016-and-Prior-DOHA-Appeal-Board-1/FileId/152155/
03-06241,appeal,true_duplicate_deleted,byte-identical full_text; discarded source_url: https://doha.ogc.osd.mil/Industrial-Security-Program/Industrial-Security-Clearance-Decisions/DOHA-Appeal-Board/Archived-DOHA-Appeal-Board/2016-and-Prior-DOHA-Appeal-Board/2016-and-Prior-DOHA-Appeal-Board-1/FileId/152156/
03-07214,appeal,true_duplicate_deleted,byte-identical full_text; discarded source_url: https://doha.ogc.osd.mil/Industrial-Security-Program/Industrial-Security-Clearance-Decisions/DOHA-Appeal-Board/Archived-DOHA-Appeal-Board/2016-and-Prior-DOHA-Appeal-Board/2016-and-Prior-DOHA-Appeal-Board-1/FileId/152154/
09-01418,appeal,true_duplicate_deleted,byte-identical full_text; discarded source_url: https://doha.ogc.osd.mil/Industrial-Security-Program/Industrial-Security-Clearance-Decisions/DOHA-Appeal-Board/Archived-DOHA-Appeal-Board/2016-and-Prior-DOHA-Appeal-Board/2016-and-Prior-DOHA-Appeal-Board-1/FileId/151935/
09-01617,appeal,true_duplicate_deleted,byte-identical full_text; discarded source_url: https://doha.ogc.osd.mil/Industrial-Security-Program/Industrial-Security-Clearance-Decisions/DOHA-Appeal-Board/Archived-DOHA-Appeal-Board/2016-and-Prior-DOHA-Appeal-Board/2016-and-Prior-DOHA-Appeal-Board-1/FileId/151939/
09-01652,appeal,true_duplicate_deleted,byte-identical full_text; discarded source_url: https://doha.ogc.osd.mil/Industrial-Security-Program/Industrial-Security-Clearance-Decisions/DOHA-Appeal-Board/Archived-DOHA-Appeal-Board/2016-and-Prior-DOHA-Appeal-Board/2016-and-Prior-DOHA-Appeal-Board-1/FileId/151942/
09-01719,appeal,true_duplicate_deleted,byte-identical full_text; discarded source_url: https://doha.ogc.osd.mil/Industrial-Security-Program/Industrial-Security-Clearance-Decisions/DOHA-Appeal-Board/Archived-DOHA-Appeal-Board/2016-and-Prior-DOHA-Appeal-Board/2016-and-Prior-DOHA-Appeal-Board-1/FileId/151943/
09-01735,appeal,true_duplicate_deleted,byte-identical full_text; discarded source_url: https://doha.ogc.osd.mil/Industrial-Security-Program/Industrial-Security-Clearance-Decisions/DOHA-Appeal-Board/Archived-DOHA-Appeal-Board/2016-and-Prior-DOHA-Appeal-Board/2016-and-Prior-DOHA-Appeal-Board-1/FileId/151946/
09-01793,appeal,true_duplicate_deleted,byte-identical full_text; discarded source_url: https://doha.ogc.osd.mil/Industrial-Security-Program/Industrial-Security-Clearance-Decisions/DOHA-Appeal-Board/Archived-DOHA-Appeal-Board/2016-and-Prior-DOHA-Appeal-Board/2016-and-Prior-DOHA-Appeal-Board-1/FileId/151944/
09-01753,appeal,true_duplicate_deleted,byte-identical full_text; discarded source_url: https://doha.ogc.osd.mil/Industrial-Security-Program/Industrial-Security-Clearance-Decisions/DOHA-Appeal-Board/Archived-DOHA-Appeal-Board/2016-and-Prior-DOHA-Appeal-Board/2016-and-Prior-DOHA-Appeal-Board-1/FileId/151945/
09-01800,appeal,true_duplicate_deleted,byte-identical full_text; discarded source_url: https://doha.ogc.osd.mil/Industrial-Security-Program/Industrial-Security-Clearance-Decisions/DOHA-Appeal-Board/Archived-DOHA-Appeal-Board/2016-and-Prior-DOHA-Appeal-Board/2016-and-Prior-DOHA-Appeal-Board-1/FileId/151949/
09-01896,appeal,true_duplicate_deleted,byte-identical full_text; discarded source_url: https://doha.ogc.osd.mil/Industrial-Security-Program/Industrial-Security-Clearance-Decisions/DOHA-Appeal-Board/Archived-DOHA-Appeal-Board/2016-and-Prior-DOHA-Appeal-Board/2016-and-Prior-DOHA-Appeal-Board-1/FileId/151950/
09-01960,appeal,true_duplicate_deleted,byte-identical full_text; discarded source_url: https://doha.ogc.osd.mil/Industrial-Security-Program/Industrial-Security-Clearance-Decisions/DOHA-Appeal-Board/Archived-DOHA-Appeal-Board/2016-and-Prior-DOHA-Appeal-Board/2016-and-Prior-DOHA-Appeal-Board-1/FileId/151947/
09-01970,appeal,true_duplicate_deleted,byte-identical full_text; discarded source_url: https://doha.ogc.osd.mil/Industrial-Security-Program/Industrial-Security-Clearance-Decisions/DOHA-Appeal-Board/Archived-DOHA-Appeal-Board/2016-and-Prior-DOHA-Appeal-Board/2016-and-Prior-DOHA-Appeal-Board-1/FileId/151951/
09-02045,appeal,true_duplicate_deleted,byte-identical full_text; discarded source_url: https://doha.ogc.osd.mil/Industrial-Security-Program/Industrial-Security-Clearance-Decisions/DOHA-Appeal-Board/Archived-DOHA-Appeal-Board/2016-and-Prior-DOHA-Appeal-Board/2016-and-Prior-DOHA-Appeal-Board-1/FileId/151952/
09-02110,appeal,true_duplicate_deleted,byte-identical full_text; discarded source_url: https://doha.ogc.osd.mil/Industrial-Security-Program/Industrial-Security-Clearance-Decisions/DOHA-Appeal-Board/Archived-DOHA-Appeal-Board/2016-and-Prior-DOHA-Appeal-Board/2016-and-Prior-DOHA-Appeal-Board-1/FileId/151953/
09-02160,appeal,true_duplicate_deleted,byte-identical full_text; discarded source_url: https://doha.ogc.osd.mil/Industrial-Security-Program/Industrial-Security-Clearance-Decisions/DOHA-Appeal-Board/Archived-DOHA-Appeal-Board/2016-and-Prior-DOHA-Appeal-Board/2016-and-Prior-DOHA-Appeal-Board-1/FileId/151954/
09-02220,appeal,true_duplicate_deleted,byte-identical full_text; discarded source_url: https://doha.ogc.osd.mil/Industrial-Security-Program/Industrial-Security-Clearance-Decisions/DOHA-Appeal-Board/Archived-DOHA-Appeal-Board/2016-and-Prior-DOHA-Appeal-Board/2016-and-Prior-DOHA-Appeal-Board-1/FileId/151958/
09-02239,appeal,true_duplicate_deleted,byte-identical full_text; discarded source_url: https://doha.ogc.osd.mil/Industrial-Security-Program/Industrial-Security-Clearance-Decisions/DOHA-Appeal-Board/Archived-DOHA-Appeal-Board/2016-and-Prior-DOHA-Appeal-Board/2016-and-Prior-DOHA-Appeal-Board-1/FileId/151957/
09-02260,appeal,true_duplicate_deleted,byte-identical full_text; discarded source_url: https://doha.ogc.osd.mil/Industrial-Security-Program/Industrial-Security-Clearance-Decisions/DOHA-Appeal-Board/Archived-DOHA-Appeal-Board/2016-and-Prior-DOHA-Appeal-Board/2016-and-Prior-DOHA-Appeal-Board-1/FileId/151959/
09-02281,appeal,true_duplicate_deleted,byte-identical full_text; discarded source_url: https://doha.ogc.osd.mil/Industrial-Security-Program/Industrial-Security-Clearance-Decisions/DOHA-Appeal-Board/Archived-DOHA-Appeal-Board/2016-and-Prior-DOHA-Appeal-Board/2016-and-Prior-DOHA-Appeal-Board-1/FileId/151960/
09-02388,appeal,true_duplicate_deleted,byte-identical full_text; discarded source_url: https://doha.ogc.osd.mil/Industrial-Security-Program/Industrial-Security-Clearance-Decisions/DOHA-Appeal-Board/Archived-DOHA-Appeal-Board/2016-and-Prior-DOHA-Appeal-Board/2016-and-Prior-DOHA-Appeal-Board-1/FileId/151961/
09-02404,appeal,true_duplicate_deleted,byte-identical full_text; discarded source_url: https://doha.ogc.osd.mil/Industrial-Security-Program/Industrial-Security-Clearance-Decisions/DOHA-Appeal-Board/Archived-DOHA-Appeal-Board/2016-and-Prior-DOHA-Appeal-Board/2016-and-Prior-DOHA-Appeal-Board-1/FileId/151964/
09-02496,appeal,true_duplicate_deleted,byte-identical full_text; discarded source_url: https://doha.ogc.osd.mil/Industrial-Security-Program/Industrial-Security-Clearance-Decisions/DOHA-Appeal-Board/Archived-DOHA-Appeal-Board/2016-and-Prior-DOHA-Appeal-Board/2016-and-Prior-DOHA-Appeal-Board-1/FileId/151962/
09-02566,appeal,true_duplicate_deleted,byte-identical full_text; discarded source_url: https://doha.ogc.osd.mil/Industrial-Security-Program/Industrial-Security-Clearance-Decisions/DOHA-Appeal-Board/Archived-DOHA-Appeal-Board/2016-and-Prior-DOHA-Appeal-Board/2016-and-Prior-DOHA-Appeal-Board-1/FileId/151963/
09-02646,appeal,true_duplicate_deleted,byte-identical full_text; discarded source_url: https://doha.ogc.osd.mil/Industrial-Security-Program/Industrial-Security-Clearance-Decisions/DOHA-Appeal-Board/Archived-DOHA-Appeal-Board/2016-and-Prior-DOHA-Appeal-Board/2016-and-Prior-DOHA-Appeal-Board-1/FileId/151967/
09-02670,appeal,true_duplicate_deleted,byte-identical full_text; discarded source_url: https://doha.ogc.osd.mil/Industrial-Security-Program/Industrial-Security-Clearance-Decisions/DOHA-Appeal-Board/Archived-DOHA-Appeal-Board/2016-and-Prior-DOHA-Appeal-Board/2016-and-Prior-DOHA-Appeal-Board-1/FileId/151966/
09-02708,appeal,true_duplicate_deleted,byte-identical full_text; discarded source_url: https://doha.ogc.osd.mil/Industrial-Security-Program/Industrial-Security-Clearance-Decisions/DOHA-Appeal-Board/Archived-DOHA-Appeal-Board/2016-and-Prior-DOHA-Appeal-Board/2016-and-Prior-DOHA-Appeal-Board-1/FileId/151972/
09-02732,appeal,true_duplicate_deleted,byte-identical full_text; discarded source_url: https://doha.ogc.osd.mil/Industrial-Security-Program/Industrial-Security-Clearance-Decisions/DOHA-Appeal-Board/Archived-DOHA-Appeal-Board/2016-and-Prior-DOHA-Appeal-Board/2016-and-Prior-DOHA-Appeal-Board-1/FileId/151968/
09-02752,appeal,true_duplicate_deleted,byte-identical full_text; discarded source_url: https://doha.ogc.osd.mil/Industrial-Security-Program/Industrial-Security-Clearance-Decisions/DOHA-Appeal-Board/Archived-DOHA-Appeal-Board/2016-and-Prior-DOHA-Appeal-Board/2016-and-Prior-DOHA-Appeal-Board-1/FileId/151970/
09-02800,appeal,true_duplicate_deleted,byte-identical full_text; discarded source_url: https://doha.ogc.osd.mil/Industrial-Security-Program/Industrial-Security-Clearance-Decisions/DOHA-Appeal-Board/Archived-DOHA-Appeal-Board/2016-and-Prior-DOHA-Appeal-Board/2016-and-Prior-DOHA-Appeal-Board-1/FileId/151969/
09-02839,appeal,true_duplicate_deleted,byte-identical full_text; discarded source_url: https://doha.ogc.osd.mil/Industrial-Security-Program/Industrial-Security-Clearance-Decisions/DOHA-Appeal-Board/Archived-DOHA-Appeal-Board/2016-and-Prior-DOHA-Appeal-Board/2016-and-Prior-DOHA-Appeal-Board-1/FileId/151971/
09-02907,appeal,true_duplicate_deleted,byte-identical full_text; discarded source_url: https://doha.ogc.osd.mil/Industrial-Security-Program/Industrial-Security-Clearance-Decisions/DOHA-Appeal-Board/Archived-DOHA-Appeal-Board/2016-and-Prior-DOHA-Appeal-Board/2016-and-Prior-DOHA-Appeal-Board-1/FileId/151974/
02-18668,appeal,true_duplicate_deleted,byte-identical full_text; discarded source_url: https://doha.ogc.osd.mil/Industrial-Security-Program/Industrial-Security-Clearance-Decisions/DOHA-Appeal-Board/Archived-DOHA-Appeal-Board/2016-and-Prior-DOHA-Appeal-Board/2016-and-Prior-DOHA-Appeal-Board-3/FileId/154352/
02-19136,appeal,true_duplicate_deleted,byte-identical full_text; discarded source_url: https://doha.ogc.osd.mil/Industrial-Security-Program/Industrial-Security-Clearance-Decisions/DOHA-Appeal-Board/Archived-DOHA-Appeal-Board/2016-and-Prior-DOHA-Appeal-Board/2016-and-Prior-DOHA-Appeal-Board-3/FileId/154355/
02-19115,appeal,true_duplicate_deleted,byte-identical full_text; discarded source_url: https://doha.ogc.osd.mil/Industrial-Security-Program/Industrial-Security-Clearance-Decisions/DOHA-Appeal-Board/Archived-DOHA-Appeal-Board/2016-and-Prior-DOHA-Appeal-Board/2016-and-Prior-DOHA-Appeal-Board-3/FileId/154350/
02-19479,appeal,true_duplicate_deleted,byte-identical full_text; discarded source_url: https://doha.ogc.osd.mil/Industrial-Security-Program/Industrial-Security-Clearance-Decisions/DOHA-Appeal-Board/Archived-DOHA-Appeal-Board/2016-and-Prior-DOHA-Appeal-Board/2016-and-Prior-DOHA-Appeal-Board-3/FileId/154357/
02-18802,appeal,true_duplicate_deleted,byte-identical full_text; discarded source_url: https://doha.ogc.osd.mil/Industrial-Security-Program/Industrial-Security-Clearance-Decisions/DOHA-Appeal-Board/Archived-DOHA-Appeal-Board/2016-and-Prior-DOHA-Appeal-Board/2016-and-Prior-DOHA-Appeal-Board-3/FileId/154351/
02-19503,appeal,true_duplicate_deleted,byte-identical full_text; discarded source_url: https://doha.ogc.osd.mil/Industrial-Security-Program/Industrial-Security-Clearance-Decisions/DOHA-Appeal-Board/Archived-DOHA-Appeal-Board/2016-and-Prior-DOHA-Appeal-Board/2016-and-Prior-DOHA-Appeal-Board-3/FileId/154356/
02-18678,appeal,true_duplicate_deleted,byte-identical full_text; discarded source_url: https://doha.ogc.osd.mil/Industrial-Security-Program/Industrial-Security-Clearance-Decisions/DOHA-Appeal-Board/Archived-DOHA-Appeal-Board/2016-and-Prior-DOHA-Appeal-Board/2016-and-Prior-DOHA-Appeal-Board-3/FileId/154349/
02-19601,appeal,true_duplicate_deleted,byte-identical full_text; discarded source_url: https://doha.ogc.osd.mil/Industrial-Security-Program/Industrial-Security-Clearance-Decisions/DOHA-Appeal-Board/Archived-DOHA-Appeal-Board/2016-and-Prior-DOHA-Appeal-Board/2016-and-Prior-DOHA-Appeal-Board-3/FileId/154358/
02-19625,appeal,true_duplicate_deleted,byte-identical full_text; discarded source_url: https://doha.ogc.osd.mil/Industrial-Security-Program/Industrial-Security-Clearance-Decisions/DOHA-Appeal-Board/Archived-DOHA-Appeal-Board/2016-and-Prior-DOHA-Appeal-Board/2016-and-Prior-DOHA-Appeal-Board-3/FileId/154365/
02-20031,appeal,true_duplicate_deleted,byte-identical full_text; discarded source_url: https://doha.ogc.osd.mil/Industrial-Security-Program/Industrial-Security-Clearance-Decisions/DOHA-Appeal-Board/Archived-DOHA-Appeal-Board/2016-and-Prior-DOHA-Appeal-Board/2016-and-Prior-DOHA-Appeal-Board-3/FileId/154364/
02-19896,appeal,true_duplicate_deleted,byte-identical full_text; discarded source_url: https://doha.ogc.osd.mil/Industrial-Security-Program/Industrial-Security-Clearance-Decisions/DOHA-Appeal-Board/Archived-DOHA-Appeal-Board/2016-and-Prior-DOHA-Appeal-Board/2016-and-Prior-DOHA-Appeal-Board-3/FileId/154363/
02-20110,appeal,true_duplicate_deleted,byte-identical full_text; discarded source_url: https://doha.ogc.osd.mil/Industrial-Security-Program/Industrial-Security-Clearance-Decisions/DOHA-Appeal-Board/Archived-DOHA-Appeal-Board/2016-and-Prior-DOHA-Appeal-Board/2016-and-Prior-DOHA-Appeal-Board-3/FileId/154361/
02-20115,appeal,true_duplicate_deleted,byte-identical full_text; discarded source_url: https://doha.ogc.osd.mil/Industrial-Security-Program/Industrial-Security-Clearance-Decisions/DOHA-Appeal-Board/Archived-DOHA-Appeal-Board/2016-and-Prior-DOHA-Appeal-Board/2016-and-Prior-DOHA-Appeal-Board-3/FileId/154366/
02-20201,appeal,true_duplicate_deleted,byte-identical full_text; discarded source_url: https://doha.ogc.osd.mil/Industrial-Security-Program/Industrial-Security-Clearance-Decisions/DOHA-Appeal-Board/Archived-DOHA-Appeal-Board/2016-and-Prior-DOHA-Appeal-Board/2016-and-Prior-DOHA-Appeal-Board-3/FileId/154362/
02-20365,appeal,true_duplicate_deleted,byte-identical full_text; discarded source_url: https://doha.ogc.osd.mil/Industrial-Security-Program/Industrial-Security-Clearance-Decisions/DOHA-Appeal-Board/Archived-DOHA-Appeal-Board/2016-and-Prior-DOHA-Appeal-Board/2016-and-Prior-DOHA-Appeal-Board-3/FileId/154359/
02-20349,appeal,true_duplicate_deleted,byte-identical full_text; discarded source_url: https://doha.ogc.osd.mil/Industrial-Security-Program/Industrial-Security-Clearance-Decisions/DOHA-Appeal-Board/Archived-DOHA-Appeal-Board/2016-and-Prior-DOHA-Appeal-Board/2016-and-Prior-DOHA-Appeal-Board-3/FileId/154360/
02-20403,hearing,true_duplicate_deleted,byte-identical full_text; discarded source_url: https://doha.ogc.osd.mil/Industrial-Security-Program/Industrial-Security-Clearance-Decisions/DOHA-Appeal-Board/Archived-DOHA-Appeal-Board/2016-and-Prior-DOHA-Appeal-Board/2016-and-Prior-DOHA-Appeal-Board-3/FileId/154368/
02-20493,appeal,true_duplicate_deleted,byte-identical full_text; discarded source_url: https://doha.ogc.osd.mil/Industrial-Security-Program/Industrial-Security-Clearance-Decisions/DOHA-Appeal-Board/Archived-DOHA-Appeal-Board/2016-and-Prior-DOHA-Appeal-Board/2016-and-Prior-DOHA-Appeal-Board-3/FileId/154369/
02-20576,appeal,true_duplicate_deleted,byte-identical full_text; discarded source_url: https://doha.ogc.osd.mil/Industrial-Security-Program/Industrial-Security-Clearance-Decisions/DOHA-Appeal-Board/Archived-DOHA-Appeal-Board/2016-and-Prior-DOHA-Appeal-Board/2016-and-Prior-DOHA-Appeal-Board-3/FileId/154370/
02-20947,appeal,true_duplicate_deleted,byte-identical full_text; discarded source_url: https://doha.ogc.osd.mil/Industrial-Security-Program/Industrial-Security-Clearance-Decisions/DOHA-Appeal-Board/Archived-DOHA-Appeal-Board/2016-and-Prior-DOHA-Appeal-Board/2016-and-Prior-DOHA-Appeal-Board-3/FileId/154371/
02-20586,appeal,true_duplicate_deleted,byte-identical full_text; discarded source_url: https://doha.ogc.osd.mil/Industrial-Security-Program/Industrial-Security-Clearance-Decisions/DOHA-Appeal-Board/Archived-DOHA-Appeal-Board/2016-and-Prior-DOHA-Appeal-Board/2016-and-Prior-DOHA-Appeal-Board-3/FileId/154372/
02-21012,appeal,true_duplicate_deleted,byte-identical full_text; discarded source_url: https://doha.ogc.osd.mil/Industrial-Security-Program/Industrial-Security-Clearance-Decisions/DOHA-Appeal-Board/Archived-DOHA-Appeal-Board/2016-and-Prior-DOHA-Appeal-Board/2016-and-Prior-DOHA-Appeal-Board-3/FileId/154374/
02-21013,appeal,true_duplicate_deleted,byte-identical full_text; discarded source_url: https://doha.ogc.osd.mil/Industrial-Security-Program/Industrial-Security-Clearance-Decisions/DOHA-Appeal-Board/Archived-DOHA-Appeal-Board/2016-and-Prior-DOHA-Appeal-Board/2016-and-Prior-DOHA-Appeal-Board-3/FileId/154377/
02-21045,appeal,true_duplicate_deleted,byte-identical full_text; discarded source_url: https://doha.ogc.osd.mil/Industrial-Security-Program/Industrial-Security-Clearance-Decisions/DOHA-Appeal-Board/Archived-DOHA-Appeal-Board/2016-and-Prior-DOHA-Appeal-Board/2016-and-Prior-DOHA-Appeal-Board-3/FileId/154375/
02-21060,appeal,true_duplicate_deleted,byte-identical full_text; discarded source_url: https://doha.ogc.osd.mil/Industrial-Security-Program/Industrial-Security-Clearance-Decisions/DOHA-Appeal-Board/Archived-DOHA-Appeal-Board/2016-and-Prior-DOHA-Appeal-Board/2016-and-Prior-DOHA-Appeal-Board-3/FileId/154376/
02-21046,appeal,true_duplicate_deleted,byte-identical full_text; discarded source_url: https://doha.ogc.osd.mil/Industrial-Security-Program/Industrial-Security-Clearance-Decisions/DOHA-Appeal-Board/Archived-DOHA-Appeal-Board/2016-and-Prior-DOHA-Appeal-Board/2016-and-Prior-DOHA-Appeal-Board-3/FileId/154373/
02-21075,appeal,true_duplicate_deleted,byte-identical full_text; discarded source_url: https://doha.ogc.osd.mil/Industrial-Security-Program/Industrial-Security-Clearance-Decisions/DOHA-Appeal-Board/Archived-DOHA-Appeal-Board/2016-and-Prior-DOHA-Appeal-Board/2016-and-Prior-DOHA-Appeal-Board-3/FileId/154378/
02-21087,appeal,true_duplicate_deleted,byte-identical full_text; discarded source_url: https://doha.ogc.osd.mil/Industrial-Security-Program/Industrial-Security-Clearance-Decisions/DOHA-Appeal-Board/Archived-DOHA-Appeal-Board/2016-and-Prior-DOHA-Appeal-Board/2016-and-Prior-DOHA-Appeal-Board-3/FileId/154381/
02-21102,hearing,true_duplicate_deleted,byte-identical full_text; discarded source_url: https://doha.ogc.osd.mil/Industrial-Security-Program/Industrial-Security-Clearance-Decisions/DOHA-Appeal-Board/Archived-DOHA-Appeal-Board/2016-and-Prior-DOHA-Appeal-Board/2016-and-Prior-DOHA-Appeal-Board-3/FileId/154382/
02-21242,appeal,true_duplicate_deleted,byte-identical full_text; discarded source_url: https://doha.ogc.osd.mil/Industrial-Security-Program/Industrial-Security-Clearance-Decisions/DOHA-Appeal-Board/Archived-DOHA-Appeal-Board/2016-and-Prior-DOHA-Appeal-Board/2016-and-Prior-DOHA-Appeal-Board-3/FileId/154379/
02-21282,appeal,true_duplicate_deleted,byte-identical full_text; discarded source_url: https://doha.ogc.osd.mil/Industrial-Security-Program/Industrial-Security-Clearance-Decisions/DOHA-Appeal-Board/Archived-DOHA-Appeal-Board/2016-and-Prior-DOHA-Appeal-Board/2016-and-Prior-DOHA-Appeal-Board-3/FileId/154388/
02-21604,appeal,true_duplicate_deleted,byte-identical full_text; discarded source_url: https://doha.ogc.osd.mil/Industrial-Security-Program/Industrial-Security-Clearance-Decisions/DOHA-Appeal-Board/Archived-DOHA-Appeal-Board/2016-and-Prior-DOHA-Appeal-Board/2016-and-Prior-DOHA-Appeal-Board-3/FileId/154384/
02-21385,appeal,true_duplicate_deleted,byte-identical full_text; discarded source_url: https://doha.ogc.osd.mil/Industrial-Security-Program/Industrial-Security-Clearance-Decisions/DOHA-Appeal-Board/Archived-DOHA-Appeal-Board/2016-and-Prior-DOHA-Appeal-Board/2016-and-Prior-DOHA-Appeal-Board-3/FileId/154386/
02-21773,appeal,true_duplicate_deleted,byte-identical full_text; discarded source_url: https://doha.ogc.osd.mil/Industrial-Security-Program/Industrial-Security-Clearance-Decisions/DOHA-Appeal-Board/Archived-DOHA-Appeal-Board/2016-and-Prior-DOHA-Appeal-Board/2016-and-Prior-DOHA-Appeal-Board-3/FileId/154390/
02-21614,appeal,true_duplicate_deleted,byte-identical full_text; discarded source_url: https://doha.ogc.osd.mil/Industrial-Security-Program/Industrial-Security-Clearance-Decisions/DOHA-Appeal-Board/Archived-DOHA-Appeal-Board/2016-and-Prior-DOHA-Appeal-Board/2016-and-Prior-DOHA-Appeal-Board-3/FileId/154391/
02-21927,appeal,true_duplicate_deleted,byte-identical full_text; discarded source_url: https://doha.ogc.osd.mil/Industrial-Security-Program/Industrial-Security-Clearance-Decisions/DOHA-Appeal-Board/Archived-DOHA-Appeal-Board/2016-and-Prior-DOHA-Appeal-Board/2016-and-Prior-DOHA-Appeal-Board-3/FileId/154387/
02-22067,appeal,true_duplicate_deleted,byte-identical full_text; discarded source_url: https://doha.ogc.osd.mil/Industrial-Security-Program/Industrial-Security-Clearance-Decisions/DOHA-Appeal-Board/Archived-DOHA-Appeal-Board/2016-and-Prior-DOHA-Appeal-Board/2016-and-Prior-DOHA-Appeal-Board-3/FileId/154383/
02-22163,appeal,true_duplicate_deleted,byte-identical full_text; discarded source_url: https://doha.ogc.osd.mil/Industrial-Security-Program/Industrial-Security-Clearance-Decisions/DOHA-Appeal-Board/Archived-DOHA-Appeal-Board/2016-and-Prior-DOHA-Appeal-Board/2016-and-Prior-DOHA-Appeal-Board-3/FileId/154389/
02-22173,appeal,true_duplicate_deleted,byte-identical full_text; discarded source_url: https://doha.ogc.osd.mil/Industrial-Security-Program/Industrial-Security-Clearance-Decisions/DOHA-Appeal-Board/Archived-DOHA-Appeal-Board/2016-and-Prior-DOHA-Appeal-Board/2016-and-Prior-DOHA-Appeal-Board-3/FileId/154385/
02-22240,appeal,true_duplicate_deleted,byte-identical full_text; discarded source_url: https://doha.ogc.osd.mil/Industrial-Security-Program/Industrial-Security-Clearance-Decisions/DOHA-Appeal-Board/Archived-DOHA-Appeal-Board/2016-and-Prior-DOHA-Appeal-Board/2016-and-Prior-DOHA-Appeal-Board-3/FileId/154392/
02-22325,appeal,true_duplicate_deleted,byte-identical full_text; discarded source_url: https://doha.ogc.osd.mil/Industrial-Security-Program/Industrial-Security-Clearance-Decisions/DOHA-Appeal-Board/Archived-DOHA-Appeal-Board/2016-and-Prior-DOHA-Appeal-Board/2016-and-Prior-DOHA-Appeal-Board-3/FileId/154394/
02-22366,appeal,true_duplicate_deleted,byte-identical full_text; discarded source_url: https://doha.ogc.osd.mil/Industrial-Security-Program/Industrial-Security-Clearance-Decisions/DOHA-Appeal-Board/Archived-DOHA-Appeal-Board/2016-and-Prior-DOHA-Appeal-Board/2016-and-Prior-DOHA-Appeal-Board-3/FileId/154393/
02-22404,appeal,true_duplicate_deleted,byte-identical full_text; discarded source_url: https://doha.ogc.osd.mil/Industrial-Security-Program/Industrial-Security-Clearance-Decisions/DOHA-Appeal-Board/Archived-DOHA-Appeal-Board/2016-and-Prior-DOHA-Appeal-Board/2016-and-Prior-DOHA-Appeal-Board-3/FileId/154395/
02-22421,appeal,true_duplicate_deleted,byte-identical full_text; discarded source_url: https://doha.ogc.osd.mil/Industrial-Security-Program/Industrial-Security-Clearance-Decisions/DOHA-Appeal-Board/Archived-DOHA-Appeal-Board/2016-and-Prior-DOHA-Appeal-Board/2016-and-Prior-DOHA-Appeal-Board-3/FileId/154396/
02-22461,appeal,true_duplicate_deleted,byte-identical full_text; discarded source_url: https://doha.ogc.osd.mil/Industrial-Security-Program/Industrial-Security-Clearance-Decisions/DOHA-Appeal-Board/Archived-DOHA-Appeal-Board/2016-and-Prior-DOHA-Appeal-Board/2016-and-Prior-DOHA-Appeal-Board-3/FileId/154398/
02-22556,appeal,true_duplicate_deleted,byte-identical full_text; discarded source_url: https://doha.ogc.osd.mil/Industrial-Security-Program/Industrial-Security-Clearance-Decisions/DOHA-Appeal-Board/Archived-DOHA-Appeal-Board/2016-and-Prior-DOHA-Appeal-Board/2016-and-Prior-DOHA-Appeal-Board-3/FileId/154402/
02-22603,appeal,true_duplicate_deleted,byte-identical full_text; discarded source_url: https://doha.ogc.osd.mil/Industrial-Security-Program/Industrial-Security-Clearance-Decisions/DOHA-Appeal-Board/Archived-DOHA-Appeal-Board/2016-and-Prior-DOHA-Appeal-Board/2016-and-Prior-DOHA-Appeal-Board-3/FileId/154401/
02-22657,appeal,true_duplicate_deleted,byte-identical full_text; discarded source_url: https://doha.ogc.osd.mil/Industrial-Security-Program/Industrial-Security-Clearance-Decisions/DOHA-Appeal-Board/Archived-DOHA-Appeal-Board/2016-and-Prior-DOHA-Appeal-Board/2016-and-Prior-DOHA-Appeal-Board-3/FileId/154399/
02-22685,appeal,true_duplicate_deleted,byte-identical full_text; discarded source_url: https://doha.ogc.osd.mil/Industrial-Security-Program/Industrial-Security-Clearance-Decisions/DOHA-Appeal-Board/Archived-DOHA-Appeal-Board/2016-and-Prior-DOHA-Appeal-Board/2016-and-Prior-DOHA-Appeal-Board-3/FileId/154406/
02-23073,appeal,true_duplicate_deleted,byte-identical full_text; discarded source_url: https://doha.ogc.osd.mil/Industrial-Security-Program/Industrial-Security-Clearance-Decisions/DOHA-Appeal-Board/Archived-DOHA-Appeal-Board/2016-and-Prior-DOHA-Appeal-Board/2016-and-Prior-DOHA-Appeal-Board-3/FileId/154403/
02-23118,appeal,true_duplicate_deleted,byte-identical full_text; discarded source_url: https://doha.ogc.osd.mil/Industrial-Security-Program/Industrial-Security-Clearance-Decisions/DOHA-Appeal-Board/Archived-DOHA-Appeal-Board/2016-and-Prior-DOHA-Appeal-Board/2016-and-Prior-DOHA-Appeal-Board-3/FileId/154407/
02-23133,appeal,true_duplicate_deleted,byte-identical full_text; discarded source_url: https://doha.ogc.osd.mil/Industrial-Security-Program/Industrial-Security-Clearance-Decisions/DOHA-Appeal-Board/Archived-DOHA-Appeal-Board/2016-and-Prior-DOHA-Appeal-Board/2016-and-Prior-DOHA-Appeal-Board-3/FileId/154404/
02-23186,appeal,true_duplicate_deleted,byte-identical full_text; discarded source_url: https://doha.ogc.osd.mil/Industrial-Security-Program/Industrial-Security-Clearance-Decisions/DOHA-Appeal-Board/Archived-DOHA-Appeal-Board/2016-and-Prior-DOHA-Appeal-Board/2016-and-Prior-DOHA-Appeal-Board-3/FileId/154408/
02-23336,appeal,true_duplicate_deleted,byte-identical full_text; discarded source_url: https://doha.ogc.osd.mil/Industrial-Security-Program/Industrial-Security-Clearance-Decisions/DOHA-Appeal-Board/Archived-DOHA-Appeal-Board/2016-and-Prior-DOHA-Appeal-Board/2016-and-Prior-DOHA-Appeal-Board-3/FileId/154409/
02-23365,appeal,true_duplicate_deleted,byte-identical full_text; discarded source_url: https://doha.ogc.osd.mil/Industrial-Security-Program/Industrial-Security-Clearance-Decisions/DOHA-Appeal-Board/Archived-DOHA-Appeal-Board/2016-and-Prior-DOHA-Appeal-Board/2016-and-Prior-DOHA-Appeal-Board-3/FileId/154411/
02-23506,appeal,true_duplicate_deleted,byte-identical full_text; discarded source_url: https://doha.ogc.osd.mil/Industrial-Security-Program/Industrial-Security-Clearance-Decisions/DOHA-Appeal-Board/Archived-DOHA-Appeal-Board/2016-and-Prior-DOHA-Appeal-Board/2016-and-Prior-DOHA-Appeal-Board-3/FileId/154410/
02-23630,appeal,true_duplicate_deleted,byte-identical full_text; discarded source_url: https://doha.ogc.osd.mil/Industrial-Security-Program/Industrial-Security-Clearance-Decisions/DOHA-Appeal-Board/Archived-DOHA-Appeal-Board/2016-and-Prior-DOHA-Appeal-Board/2016-and-Prior-DOHA-Appeal-Board-3/FileId/154416/
02-23805,appeal,true_duplicate_deleted,byte-identical full_text; discarded source_url: https://doha.ogc.osd.mil/Industrial-Security-Program/Industrial-Security-Clearance-Decisions/DOHA-Appeal-Board/Archived-DOHA-Appeal-Board/2016-and-Prior-DOHA-Appeal-Board/2016-and-Prior-DOHA-Appeal-Board-3/FileId/154413/
02-23860,appeal,true_duplicate_deleted,byte-identical full_text; discarded source_url: https://doha.ogc.osd.mil/Industrial-Security-Program/Industrial-Security-Clearance-Decisions/DOHA-Appeal-Board/Archived-DOHA-Appeal-Board/2016-and-Prior-DOHA-Appeal-Board/2016-and-Prior-DOHA-Appeal-Board-3/FileId/154418/
02-23883,appeal,true_duplicate_deleted,byte-identical full_text; discarded source_url: https://doha.ogc.osd.mil/Industrial-Security-Program/Industrial-Security-Clearance-Decisions/DOHA-Appeal-Board/Archived-DOHA-Appeal-Board/2016-and-Prior-DOHA-Appeal-Board/2016-and-Prior-DOHA-Appeal-Board-3/FileId/154415/
02-23979,appeal,true_duplicate_deleted,byte-identical full_text; discarded source_url: https://doha.ogc.osd.mil/Industrial-Security-Program/Industrial-Security-Clearance-Decisions/DOHA-Appeal-Board/Archived-DOHA-Appeal-Board/2016-and-Prior-DOHA-Appeal-Board/2016-and-Prior-DOHA-Appeal-Board-3/FileId/154412/
02-24062,appeal,true_duplicate_deleted,byte-identical full_text; discarded source_url: https://doha.ogc.osd.mil/Industrial-Security-Program/Industrial-Security-Clearance-Decisions/DOHA-Appeal-Board/Archived-DOHA-Appeal-Board/2016-and-Prior-DOHA-Appeal-Board/2016-and-Prior-DOHA-Appeal-Board-3/FileId/154419/
02-24227,appeal,true_duplicate_deleted,byte-identical full_text; discarded source_url: https://doha.ogc.osd.mil/Industrial-Security-Program/Industrial-Security-Clearance-Decisions/DOHA-Appeal-Board/Archived-DOHA-Appeal-Board/2016-and-Prior-DOHA-Appeal-Board/2016-and-Prior-DOHA-Appeal-Board-3/FileId/154417/
02-24254,appeal,true_duplicate_deleted,byte-identical full_text; discarded source_url: https://doha.ogc.osd.mil/Industrial-Security-Program/Industrial-Security-Clearance-Decisions/DOHA-Appeal-Board/Archived-DOHA-Appeal-Board/2016-and-Prior-DOHA-Appeal-Board/2016-and-Prior-DOHA-Appeal-Board-3/FileId/154420/
02-24267,appeal,true_duplicate_deleted,byte-identical full_text; discarded source_url: https://doha.ogc.osd.mil/Industrial-Security-Program/Industrial-Security-Clearance-Decisions/DOHA-Appeal-Board/Archived-DOHA-Appeal-Board/2016-and-Prior-DOHA-Appeal-Board/2016-and-Prior-DOHA-Appeal-Board-3/FileId/154421/
02-24452,appeal,true_duplicate_deleted,byte-identical full_text; discarded source_url: https://doha.ogc.osd.mil/Industrial-Security-Program/Industrial-Security-Clearance-Decisions/DOHA-Appeal-Board/Archived-DOHA-Appeal-Board/2016-and-Prior-DOHA-Appeal-Board/2016-and-Prior-DOHA-Appeal-Board-3/FileId/154422/
02-24479,appeal,true_duplicate_deleted,byte-identical full_text; discarded source_url: https://doha.ogc.osd.mil/Industrial-Security-Program/Industrial-Security-Clearance-Decisions/DOHA-Appeal-Board/Archived-DOHA-Appeal-Board/2016-and-Prior-DOHA-Appeal-Board/2016-and-Prior-DOHA-Appeal-Board-3/FileId/154427/
02-24512,appeal,true_duplicate_deleted,byte-identical full_text; discarded source_url: https://doha.ogc.osd.mil/Industrial-Security-Program/Industrial-Security-Clearance-Decisions/DOHA-Appeal-Board/Archived-DOHA-Appeal-Board/2016-and-Prior-DOHA-Appeal-Board/2016-and-Prior-DOHA-Appeal-Board-3/FileId/154424/
02-24566,appeal,true_duplicate_deleted,byte-identical full_text; discarded source_url: https://doha.ogc.osd.mil/Industrial-Security-Program/Industrial-Security-Clearance-Decisions/DOHA-Appeal-Board/Archived-DOHA-Appeal-Board/2016-and-Prior-DOHA-Appeal-Board/2016-and-Prior-DOHA-Appeal-Board-3/FileId/154423/
02-24578,appeal,true_duplicate_deleted,byte-identical full_text; discarded source_url: https://doha.ogc.osd.mil/Industrial-Security-Program/Industrial-Security-Clearance-Decisions/DOHA-Appeal-Board/Archived-DOHA-Appeal-Board/2016-and-Prior-DOHA-Appeal-Board/2016-and-Prior-DOHA-Appeal-Board-3/FileId/154428/
02-24719,appeal,true_duplicate_deleted,byte-identical full_text; discarded source_url: https://doha.ogc.osd.mil/Industrial-Security-Program/Industrial-Security-Clearance-Decisions/DOHA-Appeal-Board/Archived-DOHA-Appeal-Board/2016-and-Prior-DOHA-Appeal-Board/2016-and-Prior-DOHA-Appeal-Board-3/FileId/154425/
02-24743,appeal,true_duplicate_deleted,byte-identical full_text; discarded source_url: https://doha.ogc.osd.mil/Industrial-Security-Program/Industrial-Security-Clearance-Decisions/DOHA-Appeal-Board/Archived-DOHA-Appeal-Board/2016-and-Prior-DOHA-Appeal-Board/2016-and-Prior-DOHA-Appeal-Board-3/FileId/154426/
02-24752,appeal,true_duplicate_deleted,byte-identical full_text; discarded source_url: https://doha.ogc.osd.mil/Industrial-Security-Program/Industrial-Security-Clearance-Decisions/DOHA-Appeal-Board/Archived-DOHA-Appeal-Board/2016-and-Prior-DOHA-Appeal-Board/2016-and-Prior-DOHA-Appeal-Board-3/FileId/154430/
02-24875,appeal,true_duplicate_deleted,byte-identical full_text; discarded source_url: https://doha.ogc.osd.mil/Industrial-Security-Program/Industrial-Security-Clearance-Decisions/DOHA-Appeal-Board/Archived-DOHA-Appeal-Board/2016-and-Prior-DOHA-Appeal-Board/2016-and-Prior-DOHA-Appeal-Board-3/FileId/154429/
02-24942,appeal,true_duplicate_deleted,byte-identical full_text; discarded source_url: https://doha.ogc.osd.mil/Industrial-Security-Program/Industrial-Security-Clearance-Decisions/DOHA-Appeal-Board/Archived-DOHA-Appeal-Board/2016-and-Prior-DOHA-Appeal-Board/2016-and-Prior-DOHA-Appeal-Board-3/FileId/154431/
02-24965,hearing,true_duplicate_deleted,byte-identical full_text; discarded source_url: https://doha.ogc.osd.mil/Industrial-Security-Program/Industrial-Security-Clearance-Decisions/DOHA-Appeal-Board/Archived-DOHA-Appeal-Board/2016-and-Prior-DOHA-Appeal-Board/2016-and-Prior-DOHA-Appeal-Board-3/FileId/154433/
02-25499,appeal,true_duplicate_deleted,byte-identical full_text; discarded source_url: https://doha.ogc.osd.mil/Industrial-Security-Program/Industrial-Security-Clearance-Decisions/DOHA-Appeal-Board/Archived-DOHA-Appeal-Board/2016-and-Prior-DOHA-Appeal-Board/2016-and-Prior-DOHA-Appeal-Board-3/FileId/154436/
02-25725,appeal,true_duplicate_deleted,byte-identical full_text; discarded source_url: https://doha.ogc.osd.mil/Industrial-Security-Program/Industrial-Security-Clearance-Decisions/DOHA-Appeal-Board/Archived-DOHA-Appeal-Board/2016-and-Prior-DOHA-Appeal-Board/2016-and-Prior-DOHA-Appeal-Board-3/FileId/154434/
02-26018,appeal,true_duplicate_deleted,byte-identical full_text; discarded source_url: https://doha.ogc.osd.mil/Industrial-Security-Program/Industrial-Security-Clearance-Decisions/DOHA-Appeal-Board/Archived-DOHA-Appeal-Board/2016-and-Prior-DOHA-Appeal-Board/2016-and-Prior-DOHA-Appeal-Board-3/FileId/154442/
02-26130,appeal,true_duplicate_deleted,byte-identical full_text; discarded source_url: https://doha.ogc.osd.mil/Industrial-Security-Program/Industrial-Security-Clearance-Decisions/DOHA-Appeal-Board/Archived-DOHA-Appeal-Board/2016-and-Prior-DOHA-Appeal-Board/2016-and-Prior-DOHA-Appeal-Board-3/FileId/154435/
02-26209,appeal,true_duplicate_deleted,byte-identical full_text; discarded source_url: https://doha.ogc.osd.mil/Industrial-Security-Program/Industrial-Security-Clearance-Decisions/DOHA-Appeal-Board/Archived-DOHA-Appeal-Board/2016-and-Prior-DOHA-Appeal-Board/2016-and-Prior-DOHA-Appeal-Board-3/FileId/154438/
02-26217,appeal,true_duplicate_deleted,byte-identical full_text; discarded source_url: https://doha.ogc.osd.mil/Industrial-Security-Program/Industrial-Security-Clearance-Decisions/DOHA-Appeal-Board/Archived-DOHA-Appeal-Board/2016-and-Prior-DOHA-Appeal-Board/2016-and-Prior-DOHA-Appeal-Board-3/FileId/154439/
02-26331,appeal,true_duplicate_deleted,byte-identical full_text; discarded source_url: https://doha.ogc.osd.mil/Industrial-Security-Program/Industrial-Security-Clearance-Decisions/DOHA-Appeal-Board/Archived-DOHA-Appeal-Board/2016-and-Prior-DOHA-Appeal-Board/2016-and-Prior-DOHA-Appeal-Board-3/FileId/154437/
02-26333,hearing,true_duplicate_deleted,byte-identical full_text; discarded source_url: https://doha.ogc.osd.mil/Industrial-Security-Program/Industrial-Security-Clearance-Decisions/DOHA-Appeal-Board/Archived-DOHA-Appeal-Board/2016-and-Prior-DOHA-Appeal-Board/2016-and-Prior-DOHA-Appeal-Board-3/FileId/154443/
02-26685,appeal,true_duplicate_deleted,byte-identical full_text; discarded source_url: https://doha.ogc.osd.mil/Industrial-Security-Program/Industrial-Security-Clearance-Decisions/DOHA-Appeal-Board/Archived-DOHA-Appeal-Board/2016-and-Prior-DOHA-Appeal-Board/2016-and-Prior-DOHA-Appeal-Board-3/FileId/154440/
02-26706,appeal,true_duplicate_deleted,byte-identical full_text; discarded source_url: https://doha.ogc.osd.mil/Industrial-Security-Program/Industrial-Security-Clearance-Decisions/DOHA-Appeal-Board/Archived-DOHA-Appeal-Board/2016-and-Prior-DOHA-Appeal-Board/2016-and-Prior-DOHA-Appeal-Board-3/FileId/154444/
02-26976,appeal,true_duplicate_deleted,byte-identical full_text; discarded source_url: https://doha.ogc.osd.mil/Industrial-Security-Program/Industrial-Security-Clearance-Decisions/DOHA-Appeal-Board/Archived-DOHA-Appeal-Board/2016-and-Prior-DOHA-Appeal-Board/2016-and-Prior-DOHA-Appeal-Board-3/FileId/154441/
02-26826,appeal,true_duplicate_deleted,byte-identical full_text; discarded source_url: https://doha.ogc.osd.mil/Industrial-Security-Program/Industrial-Security-Clearance-Decisions/DOHA-Appeal-Board/Archived-DOHA-Appeal-Board/2016-and-Prior-DOHA-Appeal-Board/2016-and-Prior-DOHA-Appeal-Board-3/FileId/154445/
02-26978,appeal,true_duplicate_deleted,byte-identical full_text; discarded source_url: https://doha.ogc.osd.mil/Industrial-Security-Program/Industrial-Security-Clearance-Decisions/DOHA-Appeal-Board/Archived-DOHA-Appeal-Board/2016-and-Prior-DOHA-Appeal-Board/2016-and-Prior-DOHA-Appeal-Board-3/FileId/154446/
02-27076,appeal,true_duplicate_deleted,byte-identical full_text; discarded source_url: https://doha.ogc.osd.mil/Industrial-Security-Program/Industrial-Security-Clearance-Decisions/DOHA-Appeal-Board/Archived-DOHA-Appeal-Board/2016-and-Prior-DOHA-Appeal-Board/2016-and-Prior-DOHA-Appeal-Board-3/FileId/154447/
02-27081,appeal,true_duplicate_deleted,byte-identical full_text; discarded source_url: https://doha.ogc.osd.mil/Industrial-Security-Program/Industrial-Security-Clearance-Decisions/DOHA-Appeal-Board/Archived-DOHA-Appeal-Board/2016-and-Prior-DOHA-Appeal-Board/2016-and-Prior-DOHA-Appeal-Board-3/FileId/154449/
02-27133,appeal,true_duplicate_deleted,byte-identical full_text; discarded source_url: https://doha.ogc.osd.mil/Industrial-Security-Program/Industrial-Security-Clearance-Decisions/DOHA-Appeal-Board/Archived-DOHA-Appeal-Board/2016-and-Prior-DOHA-Appeal-Board/2016-and-Prior-DOHA-Appeal-Board-3/FileId/154451/
02-27156,appeal,true_duplicate_deleted,byte-identical full_text; discarded source_url: https://doha.ogc.osd.mil/Industrial-Security-Program/Industrial-Security-Clearance-Decisions/DOHA-Appeal-Board/Archived-DOHA-Appeal-Board/2016-and-Prior-DOHA-Appeal-Board/2016-and-Prior-DOHA-Appeal-Board-3/FileId/154453/
02-27259,appeal,true_duplicate_deleted,byte-identical full_text; discarded source_url: https://doha.ogc.osd.mil/Industrial-Security-Program/Industrial-Security-Clearance-Decisions/DOHA-Appeal-Board/Archived-DOHA-Appeal-Board/2016-and-Prior-DOHA-Appeal-Board/2016-and-Prior-DOHA-Appeal-Board-3/FileId/154457/
02-27335,appeal,true_duplicate_deleted,byte-identical full_text; discarded source_url: https://doha.ogc.osd.mil/Industrial-Security-Program/Industrial-Security-Clearance-Decisions/DOHA-Appeal-Board/Archived-DOHA-Appeal-Board/2016-and-Prior-DOHA-Appeal-Board/2016-and-Prior-DOHA-Appeal-Board-3/FileId/154452/
02-27444,appeal,true_duplicate_deleted,byte-identical full_text; discarded source_url: https://doha.ogc.osd.mil/Industrial-Security-Program/Industrial-Security-Clearance-Decisions/DOHA-Appeal-Board/Archived-DOHA-Appeal-Board/2016-and-Prior-DOHA-Appeal-Board/2016-and-Prior-DOHA-Appeal-Board-3/FileId/154455/
02-27515,appeal,true_duplicate_deleted,byte-identical full_text; discarded source_url: https://doha.ogc.osd.mil/Industrial-Security-Program/Industrial-Security-Clearance-Decisions/DOHA-Appeal-Board/Archived-DOHA-Appeal-Board/2016-and-Prior-DOHA-Appeal-Board/2016-and-Prior-DOHA-Appeal-Board-3/FileId/154456/
02-27698,appeal,true_duplicate_deleted,byte-identical full_text; discarded source_url: https://doha.ogc.osd.mil/Industrial-Security-Program/Industrial-Security-Clearance-Decisions/DOHA-Appeal-Board/Archived-DOHA-Appeal-Board/2016-and-Prior-DOHA-Appeal-Board/2016-and-Prior-DOHA-Appeal-Board-3/FileId/154454/
02-27870,appeal,true_duplicate_deleted,byte-identical full_text; discarded source_url: https://doha.ogc.osd.mil/Industrial-Security-Program/Industrial-Security-Clearance-Decisions/DOHA-Appeal-Board/Archived-DOHA-Appeal-Board/2016-and-Prior-DOHA-Appeal-Board/2016-and-Prior-DOHA-Appeal-Board-3/FileId/154448/
02-28041,appeal,true_duplicate_deleted,byte-identical full_text; discarded source_url: https://doha.ogc.osd.mil/Industrial-Security-Program/Industrial-Security-Clearance-Decisions/DOHA-Appeal-Board/Archived-DOHA-Appeal-Board/2016-and-Prior-DOHA-Appeal-Board/2016-and-Prior-DOHA-Appeal-Board-3/FileId/154458/
02-28256,appeal,true_duplicate_deleted,byte-identical full_text; discarded source_url: https://doha.ogc.osd.mil/Industrial-Security-Program/Industrial-Security-Clearance-Decisions/DOHA-Appeal-Board/Archived-DOHA-Appeal-Board/2016-and-Prior-DOHA-Appeal-Board/2016-and-Prior-DOHA-Appeal-Board-3/FileId/154462/
02-28447,appeal,true_duplicate_deleted,byte-identical full_text; discarded source_url: https://doha.ogc.osd.mil/Industrial-Security-Program/Industrial-Security-Clearance-Decisions/DOHA-Appeal-Board/Archived-DOHA-Appeal-Board/2016-and-Prior-DOHA-Appeal-Board/2016-and-Prior-DOHA-Appeal-Board-3/FileId/154465/
02-28502,appeal,true_duplicate_deleted,byte-identical full_text; discarded source_url: https://doha.ogc.osd.mil/Industrial-Security-Program/Industrial-Security-Clearance-Decisions/DOHA-Appeal-Board/Archived-DOHA-Appeal-Board/2016-and-Prior-DOHA-Appeal-Board/2016-and-Prior-DOHA-Appeal-Board-3/FileId/154463/
02-28568,appeal,true_duplicate_deleted,byte-identical full_text; discarded source_url: https://doha.ogc.osd.mil/Industrial-Security-Program/Industrial-Security-Clearance-Decisions/DOHA-Appeal-Board/Archived-DOHA-Appeal-Board/2016-and-Prior-DOHA-Appeal-Board/2016-and-Prior-DOHA-Appeal-Board-3/FileId/154464/
02-28821,appeal,true_duplicate_deleted,byte-identical full_text; discarded source_url: https://doha.ogc.osd.mil/Industrial-Security-Program/Industrial-Security-Clearance-Decisions/DOHA-Appeal-Board/Archived-DOHA-Appeal-Board/2016-and-Prior-DOHA-Appeal-Board/2016-and-Prior-DOHA-Appeal-Board-3/FileId/154467/
02-28838,appeal,true_duplicate_deleted,byte-identical full_text; discarded source_url: https://doha.ogc.osd.mil/Industrial-Security-Program/Industrial-Security-Clearance-Decisions/DOHA-Appeal-Board/Archived-DOHA-Appeal-Board/2016-and-Prior-DOHA-Appeal-Board/2016-and-Prior-DOHA-Appeal-Board-3/FileId/154459/
02-28792,appeal,true_duplicate_deleted,byte-identical full_text; discarded source_url: https://doha.ogc.osd.mil/Industrial-Security-Program/Industrial-Security-Clearance-Decisions/DOHA-Appeal-Board/Archived-DOHA-Appeal-Board/2016-and-Prior-DOHA-Appeal-Board/2016-and-Prior-DOHA-Appeal-Board-3/FileId/154466/
02-28436,appeal,true_duplicate_deleted,byte-identical full_text; discarded source_url: https://doha.ogc.osd.mil/Industrial-Security-Program/Industrial-Security-Clearance-Decisions/DOHA-Appeal-Board/Archived-DOHA-Appeal-Board/2016-and-Prior-DOHA-Appeal-Board/2016-and-Prior-DOHA-Appeal-Board-3/FileId/154468/
02-28915,appeal,true_duplicate_deleted,byte-identical full_text; discarded source_url: https://doha.ogc.osd.mil/Industrial-Security-Program/Industrial-Security-Clearance-Decisions/DOHA-Appeal-Board/Archived-DOHA-Appeal-Board/2016-and-Prior-DOHA-Appeal-Board/2016-and-Prior-DOHA-Appeal-Board-3/FileId/154460/
02-28891,appeal,true_duplicate_deleted,byte-identical full_text; discarded source_url: https://doha.ogc.osd.mil/Industrial-Security-Program/Industrial-Security-Clearance-Decisions/DOHA-Appeal-Board/Archived-DOHA-Appeal-Board/2016-and-Prior-DOHA-Appeal-Board/2016-and-Prior-DOHA-Appeal-Board-3/FileId/154469/
02-28917,appeal,true_duplicate_deleted,byte-identical full_text; discarded source_url: https://doha.ogc.osd.mil/Industrial-Security-Program/Industrial-Security-Clearance-Decisions/DOHA-Appeal-Board/Archived-DOHA-Appeal-Board/2016-and-Prior-DOHA-Appeal-Board/2016-and-Prior-DOHA-Appeal-Board-3/FileId/154472/
02-28921,appeal,true_duplicate_deleted,byte-identical full_text; discarded source_url: https://doha.ogc.osd.mil/Industrial-Security-Program/Industrial-Security-Clearance-Decisions/DOHA-Appeal-Board/Archived-DOHA-Appeal-Board/2016-and-Prior-DOHA-Appeal-Board/2016-and-Prior-DOHA-Appeal-Board-3/FileId/154471/
02-28935,appeal,true_duplicate_deleted,byte-identical full_text; discarded source_url: https://doha.ogc.osd.mil/Industrial-Security-Program/Industrial-Security-Clearance-Decisions/DOHA-Appeal-Board/Archived-DOHA-Appeal-Board/2016-and-Prior-DOHA-Appeal-Board/2016-and-Prior-DOHA-Appeal-Board-3/FileId/154475/
02-29044,appeal,true_duplicate_deleted,byte-identical full_text; discarded source_url: https://doha.ogc.osd.mil/Industrial-Security-Program/Industrial-Security-Clearance-Decisions/DOHA-Appeal-Board/Archived-DOHA-Appeal-Board/2016-and-Prior-DOHA-Appeal-Board/2016-and-Prior-DOHA-Appeal-Board-3/FileId/154480/
02-29035,appeal,true_duplicate_deleted,byte-identical full_text; discarded source_url: https://doha.ogc.osd.mil/Industrial-Security-Program/Industrial-Security-Clearance-Decisions/DOHA-Appeal-Board/Archived-DOHA-Appeal-Board/2016-and-Prior-DOHA-Appeal-Board/2016-and-Prior-DOHA-Appeal-Board-3/FileId/154473/
02-29279,appeal,true_duplicate_deleted,byte-identical full_text; discarded source_url: https://doha.ogc.osd.mil/Industrial-Security-Program/Industrial-Security-Clearance-Decisions/DOHA-Appeal-Board/Archived-DOHA-Appeal-Board/2016-and-Prior-DOHA-Appeal-Board/2016-and-Prior-DOHA-Appeal-Board-3/FileId/154474/
02-29328,appeal,true_duplicate_deleted,byte-identical full_text; discarded source_url: https://doha.ogc.osd.mil/Industrial-Security-Program/Industrial-Security-Clearance-Decisions/DOHA-Appeal-Board/Archived-DOHA-Appeal-Board/2016-and-Prior-DOHA-Appeal-Board/2016-and-Prior-DOHA-Appeal-Board-3/FileId/154470/
02-29373,appeal,true_duplicate_deleted,byte-identical full_text; discarded source_url: https://doha.ogc.osd.mil/Industrial-Security-Program/Industrial-Security-Clearance-Decisions/DOHA-Appeal-Board/Archived-DOHA-Appeal-Board/2016-and-Prior-DOHA-Appeal-Board/2016-and-Prior-DOHA-Appeal-Board-3/FileId/154479/
02-29558,appeal,true_duplicate_deleted,byte-identical full_text; discarded source_url: https://doha.ogc.osd.mil/Industrial-Security-Program/Industrial-Security-Clearance-Decisions/DOHA-Appeal-Board/Archived-DOHA-Appeal-Board/2016-and-Prior-DOHA-Appeal-Board/2016-and-Prior-DOHA-Appeal-Board-3/FileId/154478/
02-29403,appeal,true_duplicate_deleted,byte-identical full_text; discarded source_url: https://doha.ogc.osd.mil/Industrial-Security-Program/Industrial-Security-Clearance-Decisions/DOHA-Appeal-Board/Archived-DOHA-Appeal-Board/2016-and-Prior-DOHA-Appeal-Board/2016-and-Prior-DOHA-Appeal-Board-3/FileId/154477/
02-29563,appeal,true_duplicate_deleted,byte-identical full_text; discarded source_url: https://doha.ogc.osd.mil/Industrial-Security-Program/Industrial-Security-Clearance-Decisions/DOHA-Appeal-Board/Archived-DOHA-Appeal-Board/2016-and-Prior-DOHA-Appeal-Board/2016-and-Prior-DOHA-Appeal-Board-3/FileId/154481/
02-29615,appeal,true_duplicate_deleted,byte-identical full_text; discarded source_url: https://doha.ogc.osd.mil/Industrial-Security-Program/Industrial-Security-Clearance-Decisions/DOHA-Appeal-Board/Archived-DOHA-Appeal-Board/2016-and-Prior-DOHA-Appeal-Board/2016-and-Prior-DOHA-Appeal-Board-3/FileId/154482/
02-29608,appeal,true_duplicate_deleted,byte-identical full_text; discarded source_url: https://doha.ogc.osd.mil/Industrial-Security-Program/Industrial-Security-Clearance-Decisions/DOHA-Appeal-Board/Archived-DOHA-Appeal-Board/2016-and-Prior-DOHA-Appeal-Board/2016-and-Prior-DOHA-Appeal-Board-3/FileId/154476/
02-29631,appeal,true_duplicate_deleted,byte-identical full_text; discarded source_url: https://doha.ogc.osd.mil/Industrial-Security-Program/Industrial-Security-Clearance-Decisions/DOHA-Appeal-Board/Archived-DOHA-Appeal-Board/2016-and-Prior-DOHA-Appeal-Board/2016-and-Prior-DOHA-Appeal-Board-3/FileId/154484/
02-29665,appeal,true_duplicate_deleted,byte-identical full_text; discarded source_url: https://doha.ogc.osd.mil/Industrial-Security-Program/Industrial-Security-Clearance-Decisions/DOHA-Appeal-Board/Archived-DOHA-Appeal-Board/2016-and-Prior-DOHA-Appeal-Board/2016-and-Prior-DOHA-Appeal-Board-3/FileId/154486/
02-29696,appeal,true_duplicate_deleted,byte-identical full_text; discarded source_url: https://doha.ogc.osd.mil/Industrial-Security-Program/Industrial-Security-Clearance-Decisions/DOHA-Appeal-Board/Archived-DOHA-Appeal-Board/2016-and-Prior-DOHA-Appeal-Board/2016-and-Prior-DOHA-Appeal-Board-3/FileId/154483/
02-29715,appeal,true_duplicate_deleted,byte-identical full_text; discarded source_url: https://doha.ogc.osd.mil/Industrial-Security-Program/Industrial-Security-Clearance-Decisions/DOHA-Appeal-Board/Archived-DOHA-Appeal-Board/2016-and-Prior-DOHA-Appeal-Board/2016-and-Prior-DOHA-Appeal-Board-3/FileId/154487/
02-29726,appeal,true_duplicate_deleted,byte-identical full_text; discarded source_url: https://doha.ogc.osd.mil/Industrial-Security-Program/Industrial-Security-Clearance-Decisions/DOHA-Appeal-Board/Archived-DOHA-Appeal-Board/2016-and-Prior-DOHA-Appeal-Board/2016-and-Prior-DOHA-Appeal-Board-3/FileId/154490/
02-29727,appeal,true_duplicate_deleted,byte-identical full_text; discarded source_url: https://doha.ogc.osd.mil/Industrial-Security-Program/Industrial-Security-Clearance-Decisions/DOHA-Appeal-Board/Archived-DOHA-Appeal-Board/2016-and-Prior-DOHA-Appeal-Board/2016-and-Prior-DOHA-Appeal-Board-3/FileId/154485/
02-29739,appeal,true_duplicate_deleted,byte-identical full_text; discarded source_url: https://doha.ogc.osd.mil/Industrial-Security-Program/Industrial-Security-Clearance-Decisions/DOHA-Appeal-Board/Archived-DOHA-Appeal-Board/2016-and-Prior-DOHA-Appeal-Board/2016-and-Prior-DOHA-Appeal-Board-3/FileId/154491/
02-29884,appeal,true_duplicate_deleted,byte-identical full_text; discarded source_url: https://doha.ogc.osd.mil/Industrial-Security-Program/Industrial-Security-Clearance-Decisions/DOHA-Appeal-Board/Archived-DOHA-Appeal-Board/2016-and-Prior-DOHA-Appeal-Board/2016-and-Prior-DOHA-Appeal-Board-3/FileId/154492/
02-29952,appeal,true_duplicate_deleted,byte-identical full_text; discarded source_url: https://doha.ogc.osd.mil/Industrial-Security-Program/Industrial-Security-Clearance-Decisions/DOHA-Appeal-Board/Archived-DOHA-Appeal-Board/2016-and-Prior-DOHA-Appeal-Board/2016-and-Prior-DOHA-Appeal-Board-3/FileId/154489/
02-30039,appeal,true_duplicate_deleted,byte-identical full_text; discarded source_url: https://doha.ogc.osd.mil/Industrial-Security-Program/Industrial-Security-Clearance-Decisions/DOHA-Appeal-Board/Archived-DOHA-Appeal-Board/2016-and-Prior-DOHA-Appeal-Board/2016-and-Prior-DOHA-Appeal-Board-3/FileId/154488/
02-30045,appeal,true_duplicate_deleted,byte-identical full_text; discarded source_url: https://doha.ogc.osd.mil/Industrial-Security-Program/Industrial-Security-Clearance-Decisions/DOHA-Appeal-Board/Archived-DOHA-Appeal-Board/2016-and-Prior-DOHA-Appeal-Board/2016-and-Prior-DOHA-Appeal-Board-3/FileId/154493/
02-30373,appeal,true_duplicate_deleted,byte-identical full_text; discarded source_url: https://doha.ogc.osd.mil/Industrial-Security-Program/Industrial-Security-Clearance-Decisions/DOHA-Appeal-Board/Archived-DOHA-Appeal-Board/2016-and-Prior-DOHA-Appeal-Board/2016-and-Prior-DOHA-Appeal-Board-3/FileId/154495/
02-30304,appeal,true_duplicate_deleted,byte-identical full_text; discarded source_url: https://doha.ogc.osd.mil/Industrial-Security-Program/Industrial-Security-Clearance-Decisions/DOHA-Appeal-Board/Archived-DOHA-Appeal-Board/2016-and-Prior-DOHA-Appeal-Board/2016-and-Prior-DOHA-Appeal-Board-3/FileId/154494/
02-30369,appeal,true_duplicate_deleted,byte-identical full_text; discarded source_url: https://doha.ogc.osd.mil/Industrial-Security-Program/Industrial-Security-Clearance-Decisions/DOHA-Appeal-Board/Archived-DOHA-Appeal-Board/2016-and-Prior-DOHA-Appeal-Board/2016-and-Prior-DOHA-Appeal-Board-3/FileId/154497/
02-30535,appeal,true_duplicate_deleted,byte-identical full_text; discarded source_url: https://doha.ogc.osd.mil/Industrial-Security-Program/Industrial-Security-Clearance-Decisions/DOHA-Appeal-Board/Archived-DOHA-Appeal-Board/2016-and-Prior-DOHA-Appeal-Board/2016-and-Prior-DOHA-Appeal-Board-3/FileId/154496/
02-30587,appeal,true_duplicate_deleted,byte-identical full_text; discarded source_url: https://doha.ogc.osd.mil/Industrial-Security-Program/Industrial-Security-Clearance-Decisions/DOHA-Appeal-Board/Archived-DOHA-Appeal-Board/2016-and-Prior-DOHA-Appeal-Board/2016-and-Prior-DOHA-Appeal-Board-3/FileId/154498/
02-30603,appeal,true_duplicate_deleted,byte-identical full_text; discarded source_url: https://doha.ogc.osd.mil/Industrial-Security-Program/Industrial-Security-Clearance-Decisions/DOHA-Appeal-Board/Archived-DOHA-Appeal-Board/2016-and-Prior-DOHA-Appeal-Board/2016-and-Prior-DOHA-Appeal-Board-3/FileId/154503/
02-30929,appeal,true_duplicate_deleted,byte-identical full_text; discarded source_url: https://doha.ogc.osd.mil/Industrial-Security-Program/Industrial-Security-Clearance-Decisions/DOHA-Appeal-Board/Archived-DOHA-Appeal-Board/2016-and-Prior-DOHA-Appeal-Board/2016-and-Prior-DOHA-Appeal-Board-3/FileId/154501/
02-30913,appeal,true_duplicate_deleted,byte-identical full_text; discarded source_url: https://doha.ogc.osd.mil/Industrial-Security-Program/Industrial-Security-Clearance-Decisions/DOHA-Appeal-Board/Archived-DOHA-Appeal-Board/2016-and-Prior-DOHA-Appeal-Board/2016-and-Prior-DOHA-Appeal-Board-3/FileId/154499/
02-30864,appeal,true_duplicate_deleted,byte-identical full_text; discarded source_url: https://doha.ogc.osd.mil/Industrial-Security-Program/Industrial-Security-Clearance-Decisions/DOHA-Appeal-Board/Archived-DOHA-Appeal-Board/2016-and-Prior-DOHA-Appeal-Board/2016-and-Prior-DOHA-Appeal-Board-3/FileId/154504/
02-30941,appeal,true_duplicate_deleted,byte-identical full_text; discarded source_url: https://doha.ogc.osd.mil/Industrial-Security-Program/Industrial-Security-Clearance-Decisions/DOHA-Appeal-Board/Archived-DOHA-Appeal-Board/2016-and-Prior-DOHA-Appeal-Board/2016-and-Prior-DOHA-Appeal-Board-3/FileId/154500/
02-31045,appeal,true_duplicate_deleted,byte-identical full_text; discarded source_url: https://doha.ogc.osd.mil/Industrial-Security-Program/Industrial-Security-Clearance-Decisions/DOHA-Appeal-Board/Archived-DOHA-Appeal-Board/2016-and-Prior-DOHA-Appeal-Board/2016-and-Prior-DOHA-Appeal-Board-3/FileId/154502/
02-31083,appeal,true_duplicate_deleted,byte-identical full_text; discarded source_url: https://doha.ogc.osd.mil/Industrial-Security-Program/Industrial-Security-Clearance-Decisions/DOHA-Appeal-Board/Archived-DOHA-Appeal-Board/2016-and-Prior-DOHA-Appeal-Board/2016-and-Prior-DOHA-Appeal-Board-3/FileId/154505/
02-31154,appeal,true_duplicate_deleted,byte-identical full_text; discarded source_url: https://doha.ogc.osd.mil/Industrial-Security-Program/Industrial-Security-Clearance-Decisions/DOHA-Appeal-Board/Archived-DOHA-Appeal-Board/2016-and-Prior-DOHA-Appeal-Board/2016-and-Prior-DOHA-Appeal-Board-3/FileId/154506/
02-31188,appeal,true_duplicate_deleted,byte-identical full_text; discarded source_url: https://doha.ogc.osd.mil/Industrial-Security-Program/Industrial-Security-Clearance-Decisions/DOHA-Appeal-Board/Archived-DOHA-Appeal-Board/2016-and-Prior-DOHA-Appeal-Board/2016-and-Prior-DOHA-Appeal-Board-3/FileId/154508/
02-31406,appeal,true_duplicate_deleted,byte-identical full_text; discarded source_url: https://doha.ogc.osd.mil/Industrial-Security-Program/Industrial-Security-Clearance-Decisions/DOHA-Appeal-Board/Archived-DOHA-Appeal-Board/2016-and-Prior-DOHA-Appeal-Board/2016-and-Prior-DOHA-Appeal-Board-3/FileId/154509/
02-31428,appeal,true_duplicate_deleted,byte-identical full_text; discarded source_url: https://doha.ogc.osd.mil/Industrial-Security-Program/Industrial-Security-Clearance-Decisions/DOHA-Appeal-Board/Archived-DOHA-Appeal-Board/2016-and-Prior-DOHA-Appeal-Board/2016-and-Prior-DOHA-Appeal-Board-3/FileId/154510/
02-31506,appeal,true_duplicate_deleted,byte-identical full_text; discarded source_url: https://doha.ogc.osd.mil/Industrial-Security-Program/Industrial-Security-Clearance-Decisions/DOHA-Appeal-Board/Archived-DOHA-Appeal-Board/2016-and-Prior-DOHA-Appeal-Board/2016-and-Prior-DOHA-Appeal-Board-3/FileId/154507/
02-31537,appeal,true_duplicate_deleted,byte-identical full_text; discarded source_url: https://doha.ogc.osd.mil/Industrial-Security-Program/Industrial-Security-Clearance-Decisions/DOHA-Appeal-Board/Archived-DOHA-Appeal-Board/2016-and-Prior-DOHA-Appeal-Board/2016-and-Prior-DOHA-Appeal-Board-3/FileId/154511/
02-31602,appeal,true_duplicate_deleted,byte-identical full_text; discarded source_url: https://doha.ogc.osd.mil/Industrial-Security-Program/Industrial-Security-Clearance-Decisions/DOHA-Appeal-Board/Archived-DOHA-Appeal-Board/2016-and-Prior-DOHA-Appeal-Board/2016-and-Prior-DOHA-Appeal-Board-3/FileId/154515/
02-31872,appeal,true_duplicate_deleted,byte-identical full_text; discarded source_url: https://doha.ogc.osd.mil/Industrial-Security-Program/Industrial-Security-Clearance-Decisions/DOHA-Appeal-Board/Archived-DOHA-Appeal-Board/2016-and-Prior-DOHA-Appeal-Board/2016-and-Prior-DOHA-Appeal-Board-3/FileId/154512/
02-31959,appeal,true_duplicate_deleted,byte-identical full_text; discarded source_url: https://doha.ogc.osd.mil/Industrial-Security-Program/Industrial-Security-Clearance-Decisions/DOHA-Appeal-Board/Archived-DOHA-Appeal-Board/2016-and-Prior-DOHA-Appeal-Board/2016-and-Prior-DOHA-Appeal-Board-3/FileId/154514/
02-32006,appeal,true_duplicate_deleted,byte-identical full_text; discarded source_url: https://doha.ogc.osd.mil/Industrial-Security-Program/Industrial-Security-Clearance-Decisions/DOHA-Appeal-Board/Archived-DOHA-Appeal-Board/2016-and-Prior-DOHA-Appeal-Board/2016-and-Prior-DOHA-Appeal-Board-3/FileId/154516/
02-32303,appeal,true_duplicate_deleted,byte-identical full_text; discarded source_url: https://doha.ogc.osd.mil/Industrial-Security-Program/Industrial-Security-Clearance-Decisions/DOHA-Appeal-Board/Archived-DOHA-Appeal-Board/2016-and-Prior-DOHA-Appeal-Board/2016-and-Prior-DOHA-Appeal-Board-3/FileId/154517/
02-32254,appeal,true_duplicate_deleted,byte-identical full_text; discarded source_url: https://doha.ogc.osd.mil/Industrial-Security-Program/Industrial-Security-Clearance-Decisions/DOHA-Appeal-Board/Archived-DOHA-Appeal-Board/2016-and-Prior-DOHA-Appeal-Board/2016-and-Prior-DOHA-Appeal-Board-3/FileId/154513/
02-32581,appeal,true_duplicate_deleted,byte-identical full_text; discarded source_url: https://doha.ogc.osd.mil/Industrial-Security-Program/Industrial-Security-Clearance-Decisions/DOHA-Appeal-Board/Archived-DOHA-Appeal-Board/2016-and-Prior-DOHA-Appeal-Board/2016-and-Prior-DOHA-Appeal-Board-3/FileId/154518/
02-32606,appeal,true_duplicate_deleted,byte-identical full_text; discarded source_url: https://doha.ogc.osd.mil/Industrial-Security-Program/Industrial-Security-Clearance-Decisions/DOHA-Appeal-Board/Archived-DOHA-Appeal-Board/2016-and-Prior-DOHA-Appeal-Board/2016-and-Prior-DOHA-Appeal-Board-3/FileId/154519/
02-32663,appeal,true_duplicate_deleted,byte-identical full_text; discarded source_url: https://doha.ogc.osd.mil/Industrial-Security-Program/Industrial-Security-Clearance-Decisions/DOHA-Appeal-Board/Archived-DOHA-Appeal-Board/2016-and-Prior-DOHA-Appeal-Board/2016-and-Prior-DOHA-Appeal-Board-3/FileId/154521/
02-32842,appeal,true_duplicate_deleted,byte-identical full_text; discarded source_url: https://doha.ogc.osd.mil/Industrial-Security-Program/Industrial-Security-Clearance-Decisions/DOHA-Appeal-Board/Archived-DOHA-Appeal-Board/2016-and-Prior-DOHA-Appeal-Board/2016-and-Prior-DOHA-Appeal-Board-3/FileId/154525/
02-33038,appeal,true_duplicate_deleted,byte-identical full_text; discarded source_url: https://doha.ogc.osd.mil/Industrial-Security-Program/Industrial-Security-Clearance-Decisions/DOHA-Appeal-Board/Archived-DOHA-Appeal-Board/2016-and-Prior-DOHA-Appeal-Board/2016-and-Prior-DOHA-Appeal-Board-3/FileId/154524/
02-33057,appeal,true_duplicate_deleted,byte-identical full_text; discarded source_url: https://doha.ogc.osd.mil/Industrial-Security-Program/Industrial-Security-Clearance-Decisions/DOHA-Appeal-Board/Archived-DOHA-Appeal-Board/2016-and-Prior-DOHA-Appeal-Board/2016-and-Prior-DOHA-Appeal-Board-3/FileId/154522/
02-33091,appeal,true_duplicate_deleted,byte-identical full_text; discarded source_url: https://doha.ogc.osd.mil/Industrial-Security-Program/Industrial-Security-Clearance-Decisions/DOHA-Appeal-Board/Archived-DOHA-Appeal-Board/2016-and-Prior-DOHA-Appeal-Board/2016-and-Prior-DOHA-Appeal-Board-3/FileId/154520/
02-33092,appeal,true_duplicate_deleted,byte-identical full_text; discarded source_url: https://doha.ogc.osd.mil/Industrial-Security-Program/Industrial-Security-Clearance-Decisions/DOHA-Appeal-Board/Archived-DOHA-Appeal-Board/2016-and-Prior-DOHA-Appeal-Board/2016-and-Prior-DOHA-Appeal-Board-3/FileId/154523/
02-33169,appeal,true_duplicate_deleted,byte-identical full_text; discarded source_url: https://doha.ogc.osd.mil/Industrial-Security-Program/Industrial-Security-Clearance-Decisions/DOHA-Appeal-Board/Archived-DOHA-Appeal-Board/2016-and-Prior-DOHA-Appeal-Board/2016-and-Prior-DOHA-Appeal-Board-3/FileId/154526/
02-33144,appeal,true_duplicate_deleted,byte-identical full_text; discarded source_url: https://doha.ogc.osd.mil/Industrial-Security-Program/Industrial-Security-Clearance-Decisions/DOHA-Appeal-Board/Archived-DOHA-Appeal-Board/2016-and-Prior-DOHA-Appeal-Board/2016-and-Prior-DOHA-Appeal-Board-3/FileId/154527/
02-33174,appeal,true_duplicate_deleted,byte-identical full_text; discarded source_url: https://doha.ogc.osd.mil/Industrial-Security-Program/Industrial-Security-Clearance-Decisions/DOHA-Appeal-Board/Archived-DOHA-Appeal-Board/2016-and-Prior-DOHA-Appeal-Board/2016-and-Prior-DOHA-Appeal-Board-3/FileId/154529/
02-33256,appeal,true_duplicate_deleted,byte-identical full_text; discarded source_url: https://doha.ogc.osd.mil/Industrial-Security-Program/Industrial-Security-Clearance-Decisions/DOHA-Appeal-Board/Archived-DOHA-Appeal-Board/2016-and-Prior-DOHA-Appeal-Board/2016-and-Prior-DOHA-Appeal-Board-3/FileId/154528/
02-33312,appeal,true_duplicate_deleted,byte-identical full_text; discarded source_url: https://doha.ogc.osd.mil/Industrial-Security-Program/Industrial-Security-Clearance-Decisions/DOHA-Appeal-Board/Archived-DOHA-Appeal-Board/2016-and-Prior-DOHA-Appeal-Board/2016-and-Prior-DOHA-Appeal-Board-3/FileId/154530/
02-33581,appeal,true_duplicate_deleted,byte-identical full_text; discarded source_url: https://doha.ogc.osd.mil/Industrial-Security-Program/Industrial-Security-Clearance-Decisions/DOHA-Appeal-Board/Archived-DOHA-Appeal-Board/2016-and-Prior-DOHA-Appeal-Board/2016-and-Prior-DOHA-Appeal-Board-3/FileId/154531/
02-33714,appeal,true_duplicate_deleted,byte-identical full_text; discarded source_url: https://doha.ogc.osd.mil/Industrial-Security-Program/Industrial-Security-Clearance-Decisions/DOHA-Appeal-Board/Archived-DOHA-Appeal-Board/2016-and-Prior-DOHA-Appeal-Board/2016-and-Prior-DOHA-Appeal-Board-3/FileId/154534/
03-00060,appeal,true_duplicate_deleted,byte-identical full_text; discarded source_url: https://doha.ogc.osd.mil/Industrial-Security-Program/Industrial-Security-Clearance-Decisions/DOHA-Appeal-Board/Archived-DOHA-Appeal-Board/2016-and-Prior-DOHA-Appeal-Board/2016-and-Prior-DOHA-Appeal-Board-3/FileId/154535/
03-00112,appeal,true_duplicate_deleted,byte-identical full_text; discarded source_url: https://doha.ogc.osd.mil/Industrial-Security-Program/Industrial-Security-Clearance-Decisions/DOHA-Appeal-Board/Archived-DOHA-Appeal-Board/2016-and-Prior-DOHA-Appeal-Board/2016-and-Prior-DOHA-Appeal-Board-3/FileId/154538/
03-00270,appeal,true_duplicate_deleted,byte-identical full_text; discarded source_url: https://doha.ogc.osd.mil/Industrial-Security-Program/Industrial-Security-Clearance-Decisions/DOHA-Appeal-Board/Archived-DOHA-Appeal-Board/2016-and-Prior-DOHA-Appeal-Board/2016-and-Prior-DOHA-Appeal-Board-3/FileId/154537/
03-00280,appeal,true_duplicate_deleted,byte-identical full_text; discarded source_url: https://doha.ogc.osd.mil/Industrial-Security-Program/Industrial-Security-Clearance-Decisions/DOHA-Appeal-Board/Archived-DOHA-Appeal-Board/2016-and-Prior-DOHA-Appeal-Board/2016-and-Prior-DOHA-Appeal-Board-3/FileId/154533/
03-00526,appeal,true_duplicate_deleted,byte-identical full_text; discarded source_url: https://doha.ogc.osd.mil/Industrial-Security-Program/Industrial-Security-Clearance-Decisions/DOHA-Appeal-Board/Archived-DOHA-Appeal-Board/2016-and-Prior-DOHA-Appeal-Board/2016-and-Prior-DOHA-Appeal-Board-3/FileId/154540/
03-00558,appeal,true_duplicate_deleted,byte-identical full_text; discarded source_url: https://doha.ogc.osd.mil/Industrial-Security-Program/Industrial-Security-Clearance-Decisions/DOHA-Appeal-Board/Archived-DOHA-Appeal-Board/2016-and-Prior-DOHA-Appeal-Board/2016-and-Prior-DOHA-Appeal-Board-3/FileId/154542/
03-00543,appeal,true_duplicate_deleted,byte-identical full_text; discarded source_url: https://doha.ogc.osd.mil/Industrial-Security-Program/Industrial-Security-Clearance-Decisions/DOHA-Appeal-Board/Archived-DOHA-Appeal-Board/2016-and-Prior-DOHA-Appeal-Board/2016-and-Prior-DOHA-Appeal-Board-3/FileId/154541/
03-00577,appeal,true_duplicate_deleted,byte-identical full_text; discarded source_url: https://doha.ogc.osd.mil/Industrial-Security-Program/Industrial-Security-Clearance-Decisions/DOHA-Appeal-Board/Archived-DOHA-Appeal-Board/2016-and-Prior-DOHA-Appeal-Board/2016-and-Prior-DOHA-Appeal-Board-3/FileId/154539/
03-00740,appeal,true_duplicate_deleted,byte-identical full_text; discarded source_url: https://doha.ogc.osd.mil/Industrial-Security-Program/Industrial-Security-Clearance-Decisions/DOHA-Appeal-Board/Archived-DOHA-Appeal-Board/2016-and-Prior-DOHA-Appeal-Board/2016-and-Prior-DOHA-Appeal-Board-3/FileId/154532/
03-00741,appeal,true_duplicate_deleted,byte-identical full_text; discarded source_url: https://doha.ogc.osd.mil/Industrial-Security-Program/Industrial-Security-Clearance-Decisions/DOHA-Appeal-Board/Archived-DOHA-Appeal-Board/2016-and-Prior-DOHA-Appeal-Board/2016-and-Prior-DOHA-Appeal-Board-3/FileId/154543/
03-00759,appeal,true_duplicate_deleted,byte-identical full_text; discarded source_url: https://doha.ogc.osd.mil/Industrial-Security-Program/Industrial-Security-Clearance-Decisions/DOHA-Appeal-Board/Archived-DOHA-Appeal-Board/2016-and-Prior-DOHA-Appeal-Board/2016-and-Prior-DOHA-Appeal-Board-3/FileId/154544/
03-00763,appeal,true_duplicate_deleted,byte-identical full_text; discarded source_url: https://doha.ogc.osd.mil/Industrial-Security-Program/Industrial-Security-Clearance-Decisions/DOHA-Appeal-Board/Archived-DOHA-Appeal-Board/2016-and-Prior-DOHA-Appeal-Board/2016-and-Prior-DOHA-Appeal-Board-3/FileId/154547/
03-01059,appeal,true_duplicate_deleted,byte-identical full_text; discarded source_url: https://doha.ogc.osd.mil/Industrial-Security-Program/Industrial-Security-Clearance-Decisions/DOHA-Appeal-Board/Archived-DOHA-Appeal-Board/2016-and-Prior-DOHA-Appeal-Board/2016-and-Prior-DOHA-Appeal-Board-3/FileId/154545/
03-01009,appeal,true_duplicate_deleted,byte-identical full_text; discarded source_url: https://doha.ogc.osd.mil/Industrial-Security-Program/Industrial-Security-Clearance-Decisions/DOHA-Appeal-Board/Archived-DOHA-Appeal-Board/2016-and-Prior-DOHA-Appeal-Board/2016-and-Prior-DOHA-Appeal-Board-3/FileId/154552/
03-01090,appeal,true_duplicate_deleted,byte-identical full_text; discarded source_url: https://doha.ogc.osd.mil/Industrial-Security-Program/Industrial-Security-Clearance-Decisions/DOHA-Appeal-Board/Archived-DOHA-Appeal-Board/2016-and-Prior-DOHA-Appeal-Board/2016-and-Prior-DOHA-Appeal-Board-3/FileId/154546/
03-01169,appeal,true_duplicate_deleted,byte-identical full_text; discarded source_url: https://doha.ogc.osd.mil/Industrial-Security-Program/Industrial-Security-Clearance-Decisions/DOHA-Appeal-Board/Archived-DOHA-Appeal-Board/2016-and-Prior-DOHA-Appeal-Board/2016-and-Prior-DOHA-Appeal-Board-3/FileId/154550/
03-01184,appeal,true_duplicate_deleted,byte-identical full_text; discarded source_url: https://doha.ogc.osd.mil/Industrial-Security-Program/Industrial-Security-Clearance-Decisions/DOHA-Appeal-Board/Archived-DOHA-Appeal-Board/2016-and-Prior-DOHA-Appeal-Board/2016-and-Prior-DOHA-Appeal-Board-3/FileId/154548/
03-01201,appeal,true_duplicate_deleted,byte-identical full_text; discarded source_url: https://doha.ogc.osd.mil/Industrial-Security-Program/Industrial-Security-Clearance-Decisions/DOHA-Appeal-Board/Archived-DOHA-Appeal-Board/2016-and-Prior-DOHA-Appeal-Board/2016-and-Prior-DOHA-Appeal-Board-3/FileId/154549/
03-01240,appeal,true_duplicate_deleted,byte-identical full_text; discarded source_url: https://doha.ogc.osd.mil/Industrial-Security-Program/Industrial-Security-Clearance-Decisions/DOHA-Appeal-Board/Archived-DOHA-Appeal-Board/2016-and-Prior-DOHA-Appeal-Board/2016-and-Prior-DOHA-Appeal-Board-3/FileId/154553/
03-01273,appeal,true_duplicate_deleted,byte-identical full_text; discarded source_url: https://doha.ogc.osd.mil/Industrial-Security-Program/Industrial-Security-Clearance-Decisions/DOHA-Appeal-Board/Archived-DOHA-Appeal-Board/2016-and-Prior-DOHA-Appeal-Board/2016-and-Prior-DOHA-Appeal-Board-3/FileId/154551/
03-01542,appeal,true_duplicate_deleted,byte-identical full_text; discarded source_url: https://doha.ogc.osd.mil/Industrial-Security-Program/Industrial-Security-Clearance-Decisions/DOHA-Appeal-Board/Archived-DOHA-Appeal-Board/2016-and-Prior-DOHA-Appeal-Board/2016-and-Prior-DOHA-Appeal-Board-3/FileId/154554/
03-01578,appeal,true_duplicate_deleted,byte-identical full_text; discarded source_url: https://doha.ogc.osd.mil/Industrial-Security-Program/Industrial-Security-Clearance-Decisions/DOHA-Appeal-Board/Archived-DOHA-Appeal-Board/2016-and-Prior-DOHA-Appeal-Board/2016-and-Prior-DOHA-Appeal-Board-3/FileId/154556/
03-01647,appeal,true_duplicate_deleted,byte-identical full_text; discarded source_url: https://doha.ogc.osd.mil/Industrial-Security-Program/Industrial-Security-Clearance-Decisions/DOHA-Appeal-Board/Archived-DOHA-Appeal-Board/2016-and-Prior-DOHA-Appeal-Board/2016-and-Prior-DOHA-Appeal-Board-3/FileId/154557/
03-02097,appeal,true_duplicate_deleted,byte-identical full_text; discarded source_url: https://doha.ogc.osd.mil/Industrial-Security-Program/Industrial-Security-Clearance-Decisions/DOHA-Appeal-Board/Archived-DOHA-Appeal-Board/2016-and-Prior-DOHA-Appeal-Board/2016-and-Prior-DOHA-Appeal-Board-3/FileId/154559/
03-02181,appeal,true_duplicate_deleted,byte-identical full_text; discarded source_url: https://doha.ogc.osd.mil/Industrial-Security-Program/Industrial-Security-Clearance-Decisions/DOHA-Appeal-Board/Archived-DOHA-Appeal-Board/2016-and-Prior-DOHA-Appeal-Board/2016-and-Prior-DOHA-Appeal-Board-3/FileId/154555/
03-02374,appeal,true_duplicate_deleted,byte-identical full_text; discarded source_url: https://doha.ogc.osd.mil/Industrial-Security-Program/Industrial-Security-Clearance-Decisions/DOHA-Appeal-Board/Archived-DOHA-Appeal-Board/2016-and-Prior-DOHA-Appeal-Board/2016-and-Prior-DOHA-Appeal-Board-3/FileId/154558/
03-02382,appeal,true_duplicate_deleted,byte-identical full_text; discarded source_url: https://doha.ogc.osd.mil/Industrial-Security-Program/Industrial-Security-Clearance-Decisions/DOHA-Appeal-Board/Archived-DOHA-Appeal-Board/2016-and-Prior-DOHA-Appeal-Board/2016-and-Prior-DOHA-Appeal-Board-3/FileId/154561/
03-02486,appeal,true_duplicate_deleted,byte-identical full_text; discarded source_url: https://doha.ogc.osd.mil/Industrial-Security-Program/Industrial-Security-Clearance-Decisions/DOHA-Appeal-Board/Archived-DOHA-Appeal-Board/2016-and-Prior-DOHA-Appeal-Board/2016-and-Prior-DOHA-Appeal-Board-3/FileId/154560/
03-03974,appeal,true_duplicate_deleted,byte-identical full_text; discarded source_url: https://doha.ogc.osd.mil/Industrial-Security-Program/Industrial-Security-Clearance-Decisions/DOHA-Appeal-Board/Archived-DOHA-Appeal-Board/2016-and-Prior-DOHA-Appeal-Board/2016-and-Prior-DOHA-Appeal-Board-3/FileId/154566/
03-02994,appeal,true_duplicate_deleted,byte-identical full_text; discarded source_url: https://doha.ogc.osd.mil/Industrial-Security-Program/Industrial-Security-Clearance-Decisions/DOHA-Appeal-Board/Archived-DOHA-Appeal-Board/2016-and-Prior-DOHA-Appeal-Board/2016-and-Prior-DOHA-Appeal-Board-3/FileId/154564/
03-02877,appeal,true_duplicate_deleted,byte-identical full_text; discarded source_url: https://doha.ogc.osd.mil/Industrial-Security-Program/Industrial-Security-Clearance-Decisions/DOHA-Appeal-Board/Archived-DOHA-Appeal-Board/2016-and-Prior-DOHA-Appeal-Board/2016-and-Prior-DOHA-Appeal-Board-3/FileId/154563/
03-02878,appeal,true_duplicate_deleted,byte-identical full_text; discarded source_url: https://doha.ogc.osd.mil/Industrial-Security-Program/Industrial-Security-Clearance-Decisions/DOHA-Appeal-Board/Archived-DOHA-Appeal-Board/2016-and-Prior-DOHA-Appeal-Board/2016-and-Prior-DOHA-Appeal-Board-3/FileId/154565/
03-02805,appeal,true_duplicate_deleted,byte-identical full_text; discarded source_url: https://doha.ogc.osd.mil/Industrial-Security-Program/Industrial-Security-Clearance-Decisions/DOHA-Appeal-Board/Archived-DOHA-Appeal-Board/2016-and-Prior-DOHA-Appeal-Board/2016-and-Prior-DOHA-Appeal-Board-3/FileId/154562/
03-04090,appeal,true_duplicate_deleted,byte-identical full_text; discarded source_url: https://doha.ogc.osd.mil/Industrial-Security-Program/Industrial-Security-Clearance-Decisions/DOHA-Appeal-Board/Archived-DOHA-Appeal-Board/2016-and-Prior-DOHA-Appeal-Board/2016-and-Prior-DOHA-Appeal-Board-3/FileId/154567/
03-04147,appeal,true_duplicate_deleted,byte-identical full_text; discarded source_url: https://doha.ogc.osd.mil/Industrial-Security-Program/Industrial-Security-Clearance-Decisions/DOHA-Appeal-Board/Archived-DOHA-Appeal-Board/2016-and-Prior-DOHA-Appeal-Board/2016-and-Prior-DOHA-Appeal-Board-3/FileId/154569/
03-04244,appeal,true_duplicate_deleted,byte-identical full_text; discarded source_url: https://doha.ogc.osd.mil/Industrial-Security-Program/Industrial-Security-Clearance-Decisions/DOHA-Appeal-Board/Archived-DOHA-Appeal-Board/2016-and-Prior-DOHA-Appeal-Board/2016-and-Prior-DOHA-Appeal-Board-3/FileId/154572/
03-04172,appeal,true_duplicate_deleted,byte-identical full_text; discarded source_url: https://doha.ogc.osd.mil/Industrial-Security-Program/Industrial-Security-Clearance-Decisions/DOHA-Appeal-Board/Archived-DOHA-Appeal-Board/2016-and-Prior-DOHA-Appeal-Board/2016-and-Prior-DOHA-Appeal-Board-3/FileId/154570/
03-04300,appeal,true_duplicate_deleted,byte-identical full_text; discarded source_url: https://doha.ogc.osd.mil/Industrial-Security-Program/Industrial-Security-Clearance-Decisions/DOHA-Appeal-Board/Archived-DOHA-Appeal-Board/2016-and-Prior-DOHA-Appeal-Board/2016-and-Prior-DOHA-Appeal-Board-3/FileId/154571/
03-04343,appeal,true_duplicate_deleted,byte-identical full_text; discarded source_url: https://doha.ogc.osd.mil/Industrial-Security-Program/Industrial-Security-Clearance-Decisions/DOHA-Appeal-Board/Archived-DOHA-Appeal-Board/2016-and-Prior-DOHA-Appeal-Board/2016-and-Prior-DOHA-Appeal-Board-3/FileId/154574/
03-04345,appeal,true_duplicate_deleted,byte-identical full_text; discarded source_url: https://doha.ogc.osd.mil/Industrial-Security-Program/Industrial-Security-Clearance-Decisions/DOHA-Appeal-Board/Archived-DOHA-Appeal-Board/2016-and-Prior-DOHA-Appeal-Board/2016-and-Prior-DOHA-Appeal-Board-3/FileId/154575/
03-04549,appeal,true_duplicate_deleted,byte-identical full_text; discarded source_url: https://doha.ogc.osd.mil/Industrial-Security-Program/Industrial-Security-Clearance-Decisions/DOHA-Appeal-Board/Archived-DOHA-Appeal-Board/2016-and-Prior-DOHA-Appeal-Board/2016-and-Prior-DOHA-Appeal-Board-3/FileId/154568/
03-04615,appeal,true_duplicate_deleted,byte-identical full_text; discarded source_url: https://doha.ogc.osd.mil/Industrial-Security-Program/Industrial-Security-Clearance-Decisions/DOHA-Appeal-Board/Archived-DOHA-Appeal-Board/2016-and-Prior-DOHA-Appeal-Board/2016-and-Prior-DOHA-Appeal-Board-3/FileId/154576/
03-04704,appeal,true_duplicate_deleted,byte-identical full_text; discarded source_url: https://doha.ogc.osd.mil/Industrial-Security-Program/Industrial-Security-Clearance-Decisions/DOHA-Appeal-Board/Archived-DOHA-Appeal-Board/2016-and-Prior-DOHA-Appeal-Board/2016-and-Prior-DOHA-Appeal-Board-3/FileId/154577/
03-04740,appeal,true_duplicate_deleted,byte-identical full_text; discarded source_url: https://doha.ogc.osd.mil/Industrial-Security-Program/Industrial-Security-Clearance-Decisions/DOHA-Appeal-Board/Archived-DOHA-Appeal-Board/2016-and-Prior-DOHA-Appeal-Board/2016-and-Prior-DOHA-Appeal-Board-3/FileId/154573/
03-04779,appeal,true_duplicate_deleted,byte-identical full_text; discarded source_url: https://doha.ogc.osd.mil/Industrial-Security-Program/Industrial-Security-Clearance-Decisions/DOHA-Appeal-Board/Archived-DOHA-Appeal-Board/2016-and-Prior-DOHA-Appeal-Board/2016-and-Prior-DOHA-Appeal-Board-3/FileId/154578/
03-04927,appeal,true_duplicate_deleted,byte-identical full_text; discarded source_url: https://doha.ogc.osd.mil/Industrial-Security-Program/Industrial-Security-Clearance-Decisions/DOHA-Appeal-Board/Archived-DOHA-Appeal-Board/2016-and-Prior-DOHA-Appeal-Board/2016-and-Prior-DOHA-Appeal-Board-3/FileId/154579/
03-04931,appeal,true_duplicate_deleted,byte-identical full_text; discarded source_url: https://doha.ogc.osd.mil/Industrial-Security-Program/Industrial-Security-Clearance-Decisions/DOHA-Appeal-Board/Archived-DOHA-Appeal-Board/2016-and-Prior-DOHA-Appeal-Board/2016-and-Prior-DOHA-Appeal-Board-3/FileId/154580/
03-05007,appeal,true_duplicate_deleted,byte-identical full_text; discarded source_url: https://doha.ogc.osd.mil/Industrial-Security-Program/Industrial-Security-Clearance-Decisions/DOHA-Appeal-Board/Archived-DOHA-Appeal-Board/2016-and-Prior-DOHA-Appeal-Board/2016-and-Prior-DOHA-Appeal-Board-3/FileId/154581/
03-05176,appeal,true_duplicate_deleted,byte-identical full_text; discarded source_url: https://doha.ogc.osd.mil/Industrial-Security-Program/Industrial-Security-Clearance-Decisions/DOHA-Appeal-Board/Archived-DOHA-Appeal-Board/2016-and-Prior-DOHA-Appeal-Board/2016-and-Prior-DOHA-Appeal-Board-3/FileId/154583/
03-05197,appeal,true_duplicate_deleted,byte-identical full_text; discarded source_url: https://doha.ogc.osd.mil/Industrial-Security-Program/Industrial-Security-Clearance-Decisions/DOHA-Appeal-Board/Archived-DOHA-Appeal-Board/2016-and-Prior-DOHA-Appeal-Board/2016-and-Prior-DOHA-Appeal-Board-3/FileId/154584/
03-05645,appeal,true_duplicate_deleted,byte-identical full_text; discarded source_url: https://doha.ogc.osd.mil/Industrial-Security-Program/Industrial-Security-Clearance-Decisions/DOHA-Appeal-Board/Archived-DOHA-Appeal-Board/2016-and-Prior-DOHA-Appeal-Board/2016-and-Prior-DOHA-Appeal-Board-3/FileId/154585/
03-05647,appeal,true_duplicate_deleted,byte-identical full_text; discarded source_url: https://doha.ogc.osd.mil/Industrial-Security-Program/Industrial-Security-Clearance-Decisions/DOHA-Appeal-Board/Archived-DOHA-Appeal-Board/2016-and-Prior-DOHA-Appeal-Board/2016-and-Prior-DOHA-Appeal-Board-3/FileId/154586/
03-05686,appeal,true_duplicate_deleted,byte-identical full_text; discarded source_url: https://doha.ogc.osd.mil/Industrial-Security-Program/Industrial-Security-Clearance-Decisions/DOHA-Appeal-Board/Archived-DOHA-Appeal-Board/2016-and-Prior-DOHA-Appeal-Board/2016-and-Prior-DOHA-Appeal-Board-3/FileId/154582/
03-05804,appeal,true_duplicate_deleted,byte-identical full_text; discarded source_url: https://doha.ogc.osd.mil/Industrial-Security-Program/Industrial-Security-Clearance-Decisions/DOHA-Appeal-Board/Archived-DOHA-Appeal-Board/2016-and-Prior-DOHA-Appeal-Board/2016-and-Prior-DOHA-Appeal-Board-3/FileId/154588/
03-06016,appeal,true_duplicate_deleted,byte-identical full_text; discarded source_url: https://doha.ogc.osd.mil/Industrial-Security-Program/Industrial-Security-Clearance-Decisions/DOHA-Appeal-Board/Archived-DOHA-Appeal-Board/2016-and-Prior-DOHA-Appeal-Board/2016-and-Prior-DOHA-Appeal-Board-3/FileId/154587/
03-06028,appeal,true_duplicate_deleted,byte-identical full_text; discarded source_url: https://doha.ogc.osd.mil/Industrial-Security-Program/Industrial-Security-Clearance-Decisions/DOHA-Appeal-Board/Archived-DOHA-Appeal-Board/2016-and-Prior-DOHA-Appeal-Board/2016-and-Prior-DOHA-Appeal-Board-3/FileId/154589/
03-06054,appeal,true_duplicate_deleted,byte-identical full_text; discarded source_url: https://doha.ogc.osd.mil/Industrial-Security-Program/Industrial-Security-Clearance-Decisions/DOHA-Appeal-Board/Archived-DOHA-Appeal-Board/2016-and-Prior-DOHA-Appeal-Board/2016-and-Prior-DOHA-Appeal-Board-3/FileId/154590/
03-06083,appeal,true_duplicate_deleted,byte-identical full_text; discarded source_url: https://doha.ogc.osd.mil/Industrial-Security-Program/Industrial-Security-Clearance-Decisions/DOHA-Appeal-Board/Archived-DOHA-Appeal-Board/2016-and-Prior-DOHA-Appeal-Board/2016-and-Prior-DOHA-Appeal-Board-3/FileId/154592/
03-06249,appeal,true_duplicate_deleted,byte-identical full_text; discarded source_url: https://doha.ogc.osd.mil/Industrial-Security-Program/Industrial-Security-Clearance-Decisions/DOHA-Appeal-Board/Archived-DOHA-Appeal-Board/2016-and-Prior-DOHA-Appeal-Board/2016-and-Prior-DOHA-Appeal-Board-3/FileId/154597/
03-06174,appeal,true_duplicate_deleted,byte-identical full_text; discarded source_url: https://doha.ogc.osd.mil/Industrial-Security-Program/Industrial-Security-Clearance-Decisions/DOHA-Appeal-Board/Archived-DOHA-Appeal-Board/2016-and-Prior-DOHA-Appeal-Board/2016-and-Prior-DOHA-Appeal-Board-3/FileId/154594/
03-06212,appeal,true_duplicate_deleted,byte-identical full_text; discarded source_url: https://doha.ogc.osd.mil/Industrial-Security-Program/Industrial-Security-Clearance-Decisions/DOHA-Appeal-Board/Archived-DOHA-Appeal-Board/2016-and-Prior-DOHA-Appeal-Board/2016-and-Prior-DOHA-Appeal-Board-3/FileId/154596/
03-06259,appeal,true_duplicate_deleted,byte-identical full_text; discarded source_url: https://doha.ogc.osd.mil/Industrial-Security-Program/Industrial-Security-Clearance-Decisions/DOHA-Appeal-Board/Archived-DOHA-Appeal-Board/2016-and-Prior-DOHA-Appeal-Board/2016-and-Prior-DOHA-Appeal-Board-3/FileId/154591/
03-06262,appeal,true_duplicate_deleted,byte-identical full_text; discarded source_url: https://doha.ogc.osd.mil/Industrial-Security-Program/Industrial-Security-Clearance-Decisions/DOHA-Appeal-Board/Archived-DOHA-Appeal-Board/2016-and-Prior-DOHA-Appeal-Board/2016-and-Prior-DOHA-Appeal-Board-3/FileId/154593/
03-06267,appeal,true_duplicate_deleted,byte-identical full_text; discarded source_url: https://doha.ogc.osd.mil/Industrial-Security-Program/Industrial-Security-Clearance-Decisions/DOHA-Appeal-Board/Archived-DOHA-Appeal-Board/2016-and-Prior-DOHA-Appeal-Board/2016-and-Prior-DOHA-Appeal-Board-3/FileId/154595/
03-06863,appeal,true_duplicate_deleted,byte-identical full_text; discarded source_url: https://doha.ogc.osd.mil/Industrial-Security-Program/Industrial-Security-Clearance-Decisions/DOHA-Appeal-Board/Archived-DOHA-Appeal-Board/2016-and-Prior-DOHA-Appeal-Board/2016-and-Prior-DOHA-Appeal-Board-3/FileId/154599/
03-06670,appeal,true_duplicate_deleted,byte-identical full_text; discarded source_url: https://doha.ogc.osd.mil/Industrial-Security-Program/Industrial-Security-Clearance-Decisions/DOHA-Appeal-Board/Archived-DOHA-Appeal-Board/2016-and-Prior-DOHA-Appeal-Board/2016-and-Prior-DOHA-Appeal-Board-3/FileId/154598/
03-07075,appeal,true_duplicate_deleted,byte-identical full_text; discarded source_url: https://doha.ogc.osd.mil/Industrial-Security-Program/Industrial-Security-Clearance-Decisions/DOHA-Appeal-Board/Archived-DOHA-Appeal-Board/2016-and-Prior-DOHA-Appeal-Board/2016-and-Prior-DOHA-Appeal-Board-3/FileId/154601/
03-07245,appeal,true_duplicate_deleted,byte-identical full_text; discarded source_url: https://doha.ogc.osd.mil/Industrial-Security-Program/Industrial-Security-Clearance-Decisions/DOHA-Appeal-Board/Archived-DOHA-Appeal-Board/2016-and-Prior-DOHA-Appeal-Board/2016-and-Prior-DOHA-Appeal-Board-3/FileId/154600/
03-07418,appeal,true_duplicate_deleted,byte-identical full_text; discarded source_url: https://doha.ogc.osd.mil/Industrial-Security-Program/Industrial-Security-Clearance-Decisions/DOHA-Appeal-Board/Archived-DOHA-Appeal-Board/2016-and-Prior-DOHA-Appeal-Board/2016-and-Prior-DOHA-Appeal-Board-3/FileId/154602/
03-07839,appeal,true_duplicate_deleted,byte-identical full_text; discarded source_url: https://doha.ogc.osd.mil/Industrial-Security-Program/Industrial-Security-Clearance-Decisions/DOHA-Appeal-Board/Archived-DOHA-Appeal-Board/2016-and-Prior-DOHA-Appeal-Board/2016-and-Prior-DOHA-Appeal-Board-3/FileId/154606/
03-07826,appeal,true_duplicate_deleted,byte-identical full_text; discarded source_url: https://doha.ogc.osd.mil/Industrial-Security-Program/Industrial-Security-Clearance-Decisions/DOHA-Appeal-Board/Archived-DOHA-Appeal-Board/2016-and-Prior-DOHA-Appeal-Board/2016-and-Prior-DOHA-Appeal-Board-3/FileId/154605/
03-07874,appeal,true_duplicate_deleted,byte-identical full_text; discarded source_url: https://doha.ogc.osd.mil/Industrial-Security-Program/Industrial-Security-Clearance-Decisions/DOHA-Appeal-Board/Archived-DOHA-Appeal-Board/2016-and-Prior-DOHA-Appeal-Board/2016-and-Prior-DOHA-Appeal-Board-3/FileId/154608/
03-08073,appeal,true_duplicate_deleted,byte-identical full_text; discarded source_url: https://doha.ogc.osd.mil/Industrial-Security-Program/Industrial-Security-Clearance-Decisions/DOHA-Appeal-Board/Archived-DOHA-Appeal-Board/2016-and-Prior-DOHA-Appeal-Board/2016-and-Prior-DOHA-Appeal-Board-3/FileId/154607/
03-08097,appeal,true_duplicate_deleted,byte-identical full_text; discarded source_url: https://doha.ogc.osd.mil/Industrial-Security-Program/Industrial-Security-Clearance-Decisions/DOHA-Appeal-Board/Archived-DOHA-Appeal-Board/2016-and-Prior-DOHA-Appeal-Board/2016-and-Prior-DOHA-Appeal-Board-3/FileId/154603/
03-08107,appeal,true_duplicate_deleted,byte-identical full_text; discarded source_url: https://doha.ogc.osd.mil/Industrial-Security-Program/Industrial-Security-Clearance-Decisions/DOHA-Appeal-Board/Archived-DOHA-Appeal-Board/2016-and-Prior-DOHA-Appeal-Board/2016-and-Prior-DOHA-Appeal-Board-3/FileId/154609/
03-08336,appeal,true_duplicate_deleted,byte-identical full_text; discarded source_url: https://doha.ogc.osd.mil/Industrial-Security-Program/Industrial-Security-Clearance-Decisions/DOHA-Appeal-Board/Archived-DOHA-Appeal-Board/2016-and-Prior-DOHA-Appeal-Board/2016-and-Prior-DOHA-Appeal-Board-3/FileId/154610/
03-08346,appeal,true_duplicate_deleted,byte-identical full_text; discarded source_url: https://doha.ogc.osd.mil/Industrial-Security-Program/Industrial-Security-Clearance-Decisions/DOHA-Appeal-Board/Archived-DOHA-Appeal-Board/2016-and-Prior-DOHA-Appeal-Board/2016-and-Prior-DOHA-Appeal-Board-3/FileId/154604/
03-08444,appeal,true_duplicate_deleted,byte-identical full_text; discarded source_url: https://doha.ogc.osd.mil/Industrial-Security-Program/Industrial-Security-Clearance-Decisions/DOHA-Appeal-Board/Archived-DOHA-Appeal-Board/2016-and-Prior-DOHA-Appeal-Board/2016-and-Prior-DOHA-Appeal-Board-3/FileId/154612/
03-08475,appeal,true_duplicate_deleted,byte-identical full_text; discarded source_url: https://doha.ogc.osd.mil/Industrial-Security-Program/Industrial-Security-Clearance-Decisions/DOHA-Appeal-Board/Archived-DOHA-Appeal-Board/2016-and-Prior-DOHA-Appeal-Board/2016-and-Prior-DOHA-Appeal-Board-3/FileId/154611/
03-08512,appeal,true_duplicate_deleted,byte-identical full_text; discarded source_url: https://doha.ogc.osd.mil/Industrial-Security-Program/Industrial-Security-Clearance-Decisions/DOHA-Appeal-Board/Archived-DOHA-Appeal-Board/2016-and-Prior-DOHA-Appeal-Board/2016-and-Prior-DOHA-Appeal-Board-3/FileId/154614/
03-08525,appeal,true_duplicate_deleted,byte-identical full_text; discarded source_url: https://doha.ogc.osd.mil/Industrial-Security-Program/Industrial-Security-Clearance-Decisions/DOHA-Appeal-Board/Archived-DOHA-Appeal-Board/2016-and-Prior-DOHA-Appeal-Board/2016-and-Prior-DOHA-Appeal-Board-3/FileId/154615/
03-08625,appeal,true_duplicate_deleted,byte-identical full_text; discarded source_url: https://doha.ogc.osd.mil/Industrial-Security-Program/Industrial-Security-Clearance-Decisions/DOHA-Appeal-Board/Archived-DOHA-Appeal-Board/2016-and-Prior-DOHA-Appeal-Board/2016-and-Prior-DOHA-Appeal-Board-3/FileId/154616/
03-08813,appeal,true_duplicate_deleted,byte-identical full_text; discarded source_url: https://doha.ogc.osd.mil/Industrial-Security-Program/Industrial-Security-Clearance-Decisions/DOHA-Appeal-Board/Archived-DOHA-Appeal-Board/2016-and-Prior-DOHA-Appeal-Board/2016-and-Prior-DOHA-Appeal-Board-3/FileId/154622/
03-08883,appeal,true_duplicate_deleted,byte-identical full_text; discarded source_url: https://doha.ogc.osd.mil/Industrial-Security-Program/Industrial-Security-Clearance-Decisions/DOHA-Appeal-Board/Archived-DOHA-Appeal-Board/2016-and-Prior-DOHA-Appeal-Board/2016-and-Prior-DOHA-Appeal-Board-3/FileId/154620/
03-08988,appeal,true_duplicate_deleted,byte-identical full_text; discarded source_url: https://doha.ogc.osd.mil/Industrial-Security-Program/Industrial-Security-Clearance-Decisions/DOHA-Appeal-Board/Archived-DOHA-Appeal-Board/2016-and-Prior-DOHA-Appeal-Board/2016-and-Prior-DOHA-Appeal-Board-3/FileId/154618/
03-09027,appeal,true_duplicate_deleted,byte-identical full_text; discarded source_url: https://doha.ogc.osd.mil/Industrial-Security-Program/Industrial-Security-Clearance-Decisions/DOHA-Appeal-Board/Archived-DOHA-Appeal-Board/2016-and-Prior-DOHA-Appeal-Board/2016-and-Prior-DOHA-Appeal-Board-3/FileId/154621/
03-09053,appeal,true_duplicate_deleted,byte-identical full_text; discarded source_url: https://doha.ogc.osd.mil/Industrial-Security-Program/Industrial-Security-Clearance-Decisions/DOHA-Appeal-Board/Archived-DOHA-Appeal-Board/2016-and-Prior-DOHA-Appeal-Board/2016-and-Prior-DOHA-Appeal-Board-3/FileId/154617/
03-09212,appeal,true_duplicate_deleted,byte-identical full_text; discarded source_url: https://doha.ogc.osd.mil/Industrial-Security-Program/Industrial-Security-Clearance-Decisions/DOHA-Appeal-Board/Archived-DOHA-Appeal-Board/2016-and-Prior-DOHA-Appeal-Board/2016-and-Prior-DOHA-Appeal-Board-3/FileId/154619/
03-09412,appeal,true_duplicate_deleted,byte-identical full_text; discarded source_url: https://doha.ogc.osd.mil/Industrial-Security-Program/Industrial-Security-Clearance-Decisions/DOHA-Appeal-Board/Archived-DOHA-Appeal-Board/2016-and-Prior-DOHA-Appeal-Board/2016-and-Prior-DOHA-Appeal-Board-3/FileId/154623/
03-09445,appeal,true_duplicate_deleted,byte-identical full_text; discarded source_url: https://doha.ogc.osd.mil/Industrial-Security-Program/Industrial-Security-Clearance-Decisions/DOHA-Appeal-Board/Archived-DOHA-Appeal-Board/2016-and-Prior-DOHA-Appeal-Board/2016-and-Prior-DOHA-Appeal-Board-3/FileId/154624/
03-09483,appeal,true_duplicate_deleted,byte-identical full_text; discarded source_url: https://doha.ogc.osd.mil/Industrial-Security-Program/Industrial-Security-Clearance-Decisions/DOHA-Appeal-Board/Archived-DOHA-Appeal-Board/2016-and-Prior-DOHA-Appeal-Board/2016-and-Prior-DOHA-Appeal-Board-3/FileId/154625/
03-09485,appeal,true_duplicate_deleted,byte-identical full_text; discarded source_url: https://doha.ogc.osd.mil/Industrial-Security-Program/Industrial-Security-Clearance-Decisions/DOHA-Appeal-Board/Archived-DOHA-Appeal-Board/2016-and-Prior-DOHA-Appeal-Board/2016-and-Prior-DOHA-Appeal-Board-3/FileId/154626/
03-09850,appeal,true_duplicate_deleted,byte-identical full_text; discarded source_url: https://doha.ogc.osd.mil/Industrial-Security-Program/Industrial-Security-Clearance-Decisions/DOHA-Appeal-Board/Archived-DOHA-Appeal-Board/2016-and-Prior-DOHA-Appeal-Board/2016-and-Prior-DOHA-Appeal-Board-3/FileId/154628/
03-09915,appeal,true_duplicate_deleted,byte-identical full_text; discarded source_url: https://doha.ogc.osd.mil/Industrial-Security-Program/Industrial-Security-Clearance-Decisions/DOHA-Appeal-Board/Archived-DOHA-Appeal-Board/2016-and-Prior-DOHA-Appeal-Board/2016-and-Prior-DOHA-Appeal-Board-3/FileId/154627/
03-10004,appeal,true_duplicate_deleted,byte-identical full_text; discarded source_url: https://doha.ogc.osd.mil/Industrial-Security-Program/Industrial-Security-Clearance-Decisions/DOHA-Appeal-Board/Archived-DOHA-Appeal-Board/2016-and-Prior-DOHA-Appeal-Board/2016-and-Prior-DOHA-Appeal-Board-3/FileId/154631/
03-10302,appeal,true_duplicate_deleted,byte-identical full_text; discarded source_url: https://doha.ogc.osd.mil/Industrial-Security-Program/Industrial-Security-Clearance-Decisions/DOHA-Appeal-Board/Archived-DOHA-Appeal-Board/2016-and-Prior-DOHA-Appeal-Board/2016-and-Prior-DOHA-Appeal-Board-3/FileId/154630/
03-10380,appeal,true_duplicate_deleted,byte-identical full_text; discarded source_url: https://doha.ogc.osd.mil/Industrial-Security-Program/Industrial-Security-Clearance-Decisions/DOHA-Appeal-Board/Archived-DOHA-Appeal-Board/2016-and-Prior-DOHA-Appeal-Board/2016-and-Prior-DOHA-Appeal-Board-3/FileId/154632/
03-10390,appeal,true_duplicate_deleted,byte-identical full_text; discarded source_url: https://doha.ogc.osd.mil/Industrial-Security-Program/Industrial-Security-Clearance-Decisions/DOHA-Appeal-Board/Archived-DOHA-Appeal-Board/2016-and-Prior-DOHA-Appeal-Board/2016-and-Prior-DOHA-Appeal-Board-3/FileId/154634/
03-10571,appeal,true_duplicate_deleted,byte-identical full_text; discarded source_url: https://doha.ogc.osd.mil/Industrial-Security-Program/Industrial-Security-Clearance-Decisions/DOHA-Appeal-Board/Archived-DOHA-Appeal-Board/2016-and-Prior-DOHA-Appeal-Board/2016-and-Prior-DOHA-Appeal-Board-3/FileId/154633/
03-10880,appeal,true_duplicate_deleted,byte-identical full_text; discarded source_url: https://doha.ogc.osd.mil/Industrial-Security-Program/Industrial-Security-Clearance-Decisions/DOHA-Appeal-Board/Archived-DOHA-Appeal-Board/2016-and-Prior-DOHA-Appeal-Board/2016-and-Prior-DOHA-Appeal-Board-3/FileId/154639/
03-10912,appeal,true_duplicate_deleted,byte-identical full_text; discarded source_url: https://doha.ogc.osd.mil/Industrial-Security-Program/Industrial-Security-Clearance-Decisions/DOHA-Appeal-Board/Archived-DOHA-Appeal-Board/2016-and-Prior-DOHA-Appeal-Board/2016-and-Prior-DOHA-Appeal-Board-3/FileId/154629/
03-10951,appeal,true_duplicate_deleted,byte-identical full_text; discarded source_url: https://doha.ogc.osd.mil/Industrial-Security-Program/Industrial-Security-Clearance-Decisions/DOHA-Appeal-Board/Archived-DOHA-Appeal-Board/2016-and-Prior-DOHA-Appeal-Board/2016-and-Prior-DOHA-Appeal-Board-3/FileId/154636/
03-10955,appeal,true_duplicate_deleted,byte-identical full_text; discarded source_url: https://doha.ogc.osd.mil/Industrial-Security-Program/Industrial-Security-Clearance-Decisions/DOHA-Appeal-Board/Archived-DOHA-Appeal-Board/2016-and-Prior-DOHA-Appeal-Board/2016-and-Prior-DOHA-Appeal-Board-3/FileId/154637/
03-10954,appeal,true_duplicate_deleted,byte-identical full_text; discarded source_url: https://doha.ogc.osd.mil/Industrial-Security-Program/Industrial-Security-Clearance-Decisions/DOHA-Appeal-Board/Archived-DOHA-Appeal-Board/2016-and-Prior-DOHA-Appeal-Board/2016-and-Prior-DOHA-Appeal-Board-3/FileId/154638/
03-10959,appeal,true_duplicate_deleted,byte-identical full_text; discarded source_url: https://doha.ogc.osd.mil/Industrial-Security-Program/Industrial-Security-Clearance-Decisions/DOHA-Appeal-Board/Archived-DOHA-Appeal-Board/2016-and-Prior-DOHA-Appeal-Board/2016-and-Prior-DOHA-Appeal-Board-3/FileId/154640/
03-11096,appeal,true_duplicate_deleted,byte-identical full_text; discarded source_url: https://doha.ogc.osd.mil/Industrial-Security-Program/Industrial-Security-Clearance-Decisions/DOHA-Appeal-Board/Archived-DOHA-Appeal-Board/2016-and-Prior-DOHA-Appeal-Board/2016-and-Prior-DOHA-Appeal-Board-3/FileId/154641/
03-11112,appeal,true_duplicate_deleted,byte-identical full_text; discarded source_url: https://doha.ogc.osd.mil/Industrial-Security-Program/Industrial-Security-Clearance-Decisions/DOHA-Appeal-Board/Archived-DOHA-Appeal-Board/2016-and-Prior-DOHA-Appeal-Board/2016-and-Prior-DOHA-Appeal-Board-3/FileId/154646/
03-11231,appeal,true_duplicate_deleted,byte-identical full_text; discarded source_url: https://doha.ogc.osd.mil/Industrial-Security-Program/Industrial-Security-Clearance-Decisions/DOHA-Appeal-Board/Archived-DOHA-Appeal-Board/2016-and-Prior-DOHA-Appeal-Board/2016-and-Prior-DOHA-Appeal-Board-3/FileId/154644/
03-11293,appeal,true_duplicate_deleted,byte-identical full_text; discarded source_url: https://doha.ogc.osd.mil/Industrial-Security-Program/Industrial-Security-Clearance-Decisions/DOHA-Appeal-Board/Archived-DOHA-Appeal-Board/2016-and-Prior-DOHA-Appeal-Board/2016-and-Prior-DOHA-Appeal-Board-3/FileId/154642/
03-11448,appeal,true_duplicate_deleted,byte-identical full_text; discarded source_url: https://doha.ogc.osd.mil/Industrial-Security-Program/Industrial-Security-Clearance-Decisions/DOHA-Appeal-Board/Archived-DOHA-Appeal-Board/2016-and-Prior-DOHA-Appeal-Board/2016-and-Prior-DOHA-Appeal-Board-3/FileId/154645/
03-11548,appeal,true_duplicate_deleted,byte-identical full_text; discarded source_url: https://doha.ogc.osd.mil/Industrial-Security-Program/Industrial-Security-Clearance-Decisions/DOHA-Appeal-Board/Archived-DOHA-Appeal-Board/2016-and-Prior-DOHA-Appeal-Board/2016-and-Prior-DOHA-Appeal-Board-3/FileId/154648/
03-11627,appeal,true_duplicate_deleted,byte-identical full_text; discarded source_url: https://doha.ogc.osd.mil/Industrial-Security-Program/Industrial-Security-Clearance-Decisions/DOHA-Appeal-Board/Archived-DOHA-Appeal-Board/2016-and-Prior-DOHA-Appeal-Board/2016-and-Prior-DOHA-Appeal-Board-3/FileId/154647/
03-11655,appeal,true_duplicate_deleted,byte-identical full_text; discarded source_url: https://doha.ogc.osd.mil/Industrial-Security-Program/Industrial-Security-Clearance-Decisions/DOHA-Appeal-Board/Archived-DOHA-Appeal-Board/2016-and-Prior-DOHA-Appeal-Board/2016-and-Prior-DOHA-Appeal-Board-3/FileId/154649/
03-11765,appeal,true_duplicate_deleted,byte-identical full_text; discarded source_url: https://doha.ogc.osd.mil/Industrial-Security-Program/Industrial-Security-Clearance-Decisions/DOHA-Appeal-Board/Archived-DOHA-Appeal-Board/2016-and-Prior-DOHA-Appeal-Board/2016-and-Prior-DOHA-Appeal-Board-3/FileId/154651/
03-11888,appeal,true_duplicate_deleted,byte-identical full_text; discarded source_url: https://doha.ogc.osd.mil/Industrial-Security-Program/Industrial-Security-Clearance-Decisions/DOHA-Appeal-Board/Archived-DOHA-Appeal-Board/2016-and-Prior-DOHA-Appeal-Board/2016-and-Prior-DOHA-Appeal-Board-3/FileId/154652/
03-11906,appeal,true_duplicate_deleted,byte-identical full_text; discarded source_url: https://doha.ogc.osd.mil/Industrial-Security-Program/Industrial-Security-Clearance-Decisions/DOHA-Appeal-Board/Archived-DOHA-Appeal-Board/2016-and-Prior-DOHA-Appeal-Board/2016-and-Prior-DOHA-Appeal-Board-3/FileId/154650/
03-12089,appeal,true_duplicate_deleted,byte-identical full_text; discarded source_url: https://doha.ogc.osd.mil/Industrial-Security-Program/Industrial-Security-Clearance-Decisions/DOHA-Appeal-Board/Archived-DOHA-Appeal-Board/2016-and-Prior-DOHA-Appeal-Board/2016-and-Prior-DOHA-Appeal-Board-3/FileId/154657/
03-12237,appeal,true_duplicate_deleted,byte-identical full_text; discarded source_url: https://doha.ogc.osd.mil/Industrial-Security-Program/Industrial-Security-Clearance-Decisions/DOHA-Appeal-Board/Archived-DOHA-Appeal-Board/2016-and-Prior-DOHA-Appeal-Board/2016-and-Prior-DOHA-Appeal-Board-3/FileId/154653/
03-12324,appeal,true_duplicate_deleted,byte-identical full_text; discarded source_url: https://doha.ogc.osd.mil/Industrial-Security-Program/Industrial-Security-Clearance-Decisions/DOHA-Appeal-Board/Archived-DOHA-Appeal-Board/2016-and-Prior-DOHA-Appeal-Board/2016-and-Prior-DOHA-Appeal-Board-3/FileId/154656/
03-12349,appeal,true_duplicate_deleted,byte-identical full_text; discarded source_url: https://doha.ogc.osd.mil/Industrial-Security-Program/Industrial-Security-Clearance-Decisions/DOHA-Appeal-Board/Archived-DOHA-Appeal-Board/2016-and-Prior-DOHA-Appeal-Board/2016-and-Prior-DOHA-Appeal-Board-3/FileId/154654/
03-12361,appeal,true_duplicate_deleted,byte-identical full_text; discarded source_url: https://doha.ogc.osd.mil/Industrial-Security-Program/Industrial-Security-Clearance-Decisions/DOHA-Appeal-Board/Archived-DOHA-Appeal-Board/2016-and-Prior-DOHA-Appeal-Board/2016-and-Prior-DOHA-Appeal-Board-3/FileId/154655/
03-12528,appeal,true_duplicate_deleted,byte-identical full_text; discarded source_url: https://doha.ogc.osd.mil/Industrial-Security-Program/Industrial-Security-Clearance-Decisions/DOHA-Appeal-Board/Archived-DOHA-Appeal-Board/2016-and-Prior-DOHA-Appeal-Board/2016-and-Prior-DOHA-Appeal-Board-3/FileId/154658/
03-12862,appeal,true_duplicate_deleted,byte-identical full_text; discarded source_url: https://doha.ogc.osd.mil/Industrial-Security-Program/Industrial-Security-Clearance-Decisions/DOHA-Appeal-Board/Archived-DOHA-Appeal-Board/2016-and-Prior-DOHA-Appeal-Board/2016-and-Prior-DOHA-Appeal-Board-3/FileId/154659/
03-12882,appeal,true_duplicate_deleted,byte-identical full_text; discarded source_url: https://doha.ogc.osd.mil/Industrial-Security-Program/Industrial-Security-Clearance-Decisions/DOHA-Appeal-Board/Archived-DOHA-Appeal-Board/2016-and-Prior-DOHA-Appeal-Board/2016-and-Prior-DOHA-Appeal-Board-3/FileId/154661/
03-12903,appeal,true_duplicate_deleted,byte-identical full_text; discarded source_url: https://doha.ogc.osd.mil/Industrial-Security-Program/Industrial-Security-Clearance-Decisions/DOHA-Appeal-Board/Archived-DOHA-Appeal-Board/2016-and-Prior-DOHA-Appeal-Board/2016-and-Prior-DOHA-Appeal-Board-3/FileId/154660/
03-12929,appeal,true_duplicate_deleted,byte-identical full_text; discarded source_url: https://doha.ogc.osd.mil/Industrial-Security-Program/Industrial-Security-Clearance-Decisions/DOHA-Appeal-Board/Archived-DOHA-Appeal-Board/2016-and-Prior-DOHA-Appeal-Board/2016-and-Prior-DOHA-Appeal-Board-3/FileId/154662/
03-13065,appeal,true_duplicate_deleted,byte-identical full_text; discarded source_url: https://doha.ogc.osd.mil/Industrial-Security-Program/Industrial-Security-Clearance-Decisions/DOHA-Appeal-Board/Archived-DOHA-Appeal-Board/2016-and-Prior-DOHA-Appeal-Board/2016-and-Prior-DOHA-Appeal-Board-3/FileId/154663/
03-13096,appeal,true_duplicate_deleted,byte-identical full_text; discarded source_url: https://doha.ogc.osd.mil/Industrial-Security-Program/Industrial-Security-Clearance-Decisions/DOHA-Appeal-Board/Archived-DOHA-Appeal-Board/2016-and-Prior-DOHA-Appeal-Board/2016-and-Prior-DOHA-Appeal-Board-3/FileId/154664/
03-13820,appeal,true_duplicate_deleted,byte-identical full_text; discarded source_url: https://doha.ogc.osd.mil/Industrial-Security-Program/Industrial-Security-Clearance-Decisions/DOHA-Appeal-Board/Archived-DOHA-Appeal-Board/2016-and-Prior-DOHA-Appeal-Board/2016-and-Prior-DOHA-Appeal-Board-3/FileId/154673/
03-13281,appeal,true_duplicate_deleted,byte-identical full_text; discarded source_url: https://doha.ogc.osd.mil/Industrial-Security-Program/Industrial-Security-Clearance-Decisions/DOHA-Appeal-Board/Archived-DOHA-Appeal-Board/2016-and-Prior-DOHA-Appeal-Board/2016-and-Prior-DOHA-Appeal-Board-3/FileId/154666/
03-14036,appeal,true_duplicate_deleted,byte-identical full_text; discarded source_url: https://doha.ogc.osd.mil/Industrial-Security-Program/Industrial-Security-Clearance-Decisions/DOHA-Appeal-Board/Archived-DOHA-Appeal-Board/2016-and-Prior-DOHA-Appeal-Board/2016-and-Prior-DOHA-Appeal-Board-3/FileId/154669/
03-14052,appeal,true_duplicate_deleted,byte-identical full_text; discarded source_url: https://doha.ogc.osd.mil/Industrial-Security-Program/Industrial-Security-Clearance-Decisions/DOHA-Appeal-Board/Archived-DOHA-Appeal-Board/2016-and-Prior-DOHA-Appeal-Board/2016-and-Prior-DOHA-Appeal-Board-3/FileId/154667/
03-14712,appeal,true_duplicate_deleted,byte-identical full_text; discarded source_url: https://doha.ogc.osd.mil/Industrial-Security-Program/Industrial-Security-Clearance-Decisions/DOHA-Appeal-Board/Archived-DOHA-Appeal-Board/2016-and-Prior-DOHA-Appeal-Board/2016-and-Prior-DOHA-Appeal-Board-3/FileId/154665/
03-14542,appeal,true_duplicate_deleted,byte-identical full_text; discarded source_url: https://doha.ogc.osd.mil/Industrial-Security-Program/Industrial-Security-Clearance-Decisions/DOHA-Appeal-Board/Archived-DOHA-Appeal-Board/2016-and-Prior-DOHA-Appeal-Board/2016-and-Prior-DOHA-Appeal-Board-3/FileId/154676/
03-13853,appeal,true_duplicate_deleted,byte-identical full_text; discarded source_url: https://doha.ogc.osd.mil/Industrial-Security-Program/Industrial-Security-Clearance-Decisions/DOHA-Appeal-Board/Archived-DOHA-Appeal-Board/2016-and-Prior-DOHA-Appeal-Board/2016-and-Prior-DOHA-Appeal-Board-3/FileId/154671/
03-13768,appeal,true_duplicate_deleted,byte-identical full_text; discarded source_url: https://doha.ogc.osd.mil/Industrial-Security-Program/Industrial-Security-Clearance-Decisions/DOHA-Appeal-Board/Archived-DOHA-Appeal-Board/2016-and-Prior-DOHA-Appeal-Board/2016-and-Prior-DOHA-Appeal-Board-3/FileId/154668/
03-13934,appeal,true_duplicate_deleted,byte-identical full_text; discarded source_url: https://doha.ogc.osd.mil/Industrial-Security-Program/Industrial-Security-Clearance-Decisions/DOHA-Appeal-Board/Archived-DOHA-Appeal-Board/2016-and-Prior-DOHA-Appeal-Board/2016-and-Prior-DOHA-Appeal-Board-3/FileId/154670/
03-14873,appeal,true_duplicate_deleted,byte-identical full_text; discarded source_url: https://doha.ogc.osd.mil/Industrial-Security-Program/Industrial-Security-Clearance-Decisions/DOHA-Appeal-Board/Archived-DOHA-Appeal-Board/2016-and-Prior-DOHA-Appeal-Board/2016-and-Prior-DOHA-Appeal-Board-3/FileId/154672/
03-15139,appeal,true_duplicate_deleted,byte-identical full_text; discarded source_url: https://doha.ogc.osd.mil/Industrial-Security-Program/Industrial-Security-Clearance-Decisions/DOHA-Appeal-Board/Archived-DOHA-Appeal-Board/2016-and-Prior-DOHA-Appeal-Board/2016-and-Prior-DOHA-Appeal-Board-3/FileId/154675/
03-15205,appeal,true_duplicate_deleted,byte-identical full_text; discarded source_url: https://doha.ogc.osd.mil/Industrial-Security-Program/Industrial-Security-Clearance-Decisions/DOHA-Appeal-Board/Archived-DOHA-Appeal-Board/2016-and-Prior-DOHA-Appeal-Board/2016-and-Prior-DOHA-Appeal-Board-3/FileId/154674/
03-15214,appeal,true_duplicate_deleted,byte-identical full_text; discarded source_url: https://doha.ogc.osd.mil/Industrial-Security-Program/Industrial-Security-Clearance-Decisions/DOHA-Appeal-Board/Archived-DOHA-Appeal-Board/2016-and-Prior-DOHA-Appeal-Board/2016-and-Prior-DOHA-Appeal-Board-3/FileId/154677/
03-15308,appeal,true_duplicate_deleted,byte-identical full_text; discarded source_url: https://doha.ogc.osd.mil/Industrial-Security-Program/Industrial-Security-Clearance-Decisions/DOHA-Appeal-Board/Archived-DOHA-Appeal-Board/2016-and-Prior-DOHA-Appeal-Board/2016-and-Prior-DOHA-Appeal-Board-3/FileId/154682/
03-15336,appeal,true_duplicate_deleted,byte-identical full_text; discarded source_url: https://doha.ogc.osd.mil/Industrial-Security-Program/Industrial-Security-Clearance-Decisions/DOHA-Appeal-Board/Archived-DOHA-Appeal-Board/2016-and-Prior-DOHA-Appeal-Board/2016-and-Prior-DOHA-Appeal-Board-3/FileId/154683/
03-15485,appeal,true_duplicate_deleted,byte-identical full_text; discarded source_url: https://doha.ogc.osd.mil/Industrial-Security-Program/Industrial-Security-Clearance-Decisions/DOHA-Appeal-Board/Archived-DOHA-Appeal-Board/2016-and-Prior-DOHA-Appeal-Board/2016-and-Prior-DOHA-Appeal-Board-3/FileId/154679/
03-15634,appeal,true_duplicate_deleted,byte-identical full_text; discarded source_url: https://doha.ogc.osd.mil/Industrial-Security-Program/Industrial-Security-Clearance-Decisions/DOHA-Appeal-Board/Archived-DOHA-Appeal-Board/2016-and-Prior-DOHA-Appeal-Board/2016-and-Prior-DOHA-Appeal-Board-3/FileId/154681/
03-15817,appeal,true_duplicate_deleted,byte-identical full_text; discarded source_url: https://doha.ogc.osd.mil/Industrial-Security-Program/Industrial-Security-Clearance-Decisions/DOHA-Appeal-Board/Archived-DOHA-Appeal-Board/2016-and-Prior-DOHA-Appeal-Board/2016-and-Prior-DOHA-Appeal-Board-3/FileId/154684/
03-16167,appeal,true_duplicate_deleted,byte-identical full_text; discarded source_url: https://doha.ogc.osd.mil/Industrial-Security-Program/Industrial-Security-Clearance-Decisions/DOHA-Appeal-Board/Archived-DOHA-Appeal-Board/2016-and-Prior-DOHA-Appeal-Board/2016-and-Prior-DOHA-Appeal-Board-3/FileId/154678/
03-16251,appeal,true_duplicate_deleted,byte-identical full_text; discarded source_url: https://doha.ogc.osd.mil/Industrial-Security-Program/Industrial-Security-Clearance-Decisions/DOHA-Appeal-Board/Archived-DOHA-Appeal-Board/2016-and-Prior-DOHA-Appeal-Board/2016-and-Prior-DOHA-Appeal-Board-3/FileId/154680/
03-16516,appeal,true_duplicate_deleted,byte-identical full_text; discarded source_url: https://doha.ogc.osd.mil/Industrial-Security-Program/Industrial-Security-Clearance-Decisions/DOHA-Appeal-Board/Archived-DOHA-Appeal-Board/2016-and-Prior-DOHA-Appeal-Board/2016-and-Prior-DOHA-Appeal-Board-3/FileId/154689/
03-16521,appeal,true_duplicate_deleted,byte-identical full_text; discarded source_url: https://doha.ogc.osd.mil/Industrial-Security-Program/Industrial-Security-Clearance-Decisions/DOHA-Appeal-Board/Archived-DOHA-Appeal-Board/2016-and-Prior-DOHA-Appeal-Board/2016-and-Prior-DOHA-Appeal-Board-3/FileId/154686/
03-16819,appeal,true_duplicate_deleted,byte-identical full_text; discarded source_url: https://doha.ogc.osd.mil/Industrial-Security-Program/Industrial-Security-Clearance-Decisions/DOHA-Appeal-Board/Archived-DOHA-Appeal-Board/2016-and-Prior-DOHA-Appeal-Board/2016-and-Prior-DOHA-Appeal-Board-3/FileId/154687/
03-16865,appeal,true_duplicate_deleted,byte-identical full_text; discarded source_url: https://doha.ogc.osd.mil/Industrial-Security-Program/Industrial-Security-Clearance-Decisions/DOHA-Appeal-Board/Archived-DOHA-Appeal-Board/2016-and-Prior-DOHA-Appeal-Board/2016-and-Prior-DOHA-Appeal-Board-3/FileId/154688/
03-16848,appeal,true_duplicate_deleted,byte-identical full_text; discarded source_url: https://doha.ogc.osd.mil/Industrial-Security-Program/Industrial-Security-Clearance-Decisions/DOHA-Appeal-Board/Archived-DOHA-Appeal-Board/2016-and-Prior-DOHA-Appeal-Board/2016-and-Prior-DOHA-Appeal-Board-3/FileId/154685/
03-16888,appeal,true_duplicate_deleted,byte-identical full_text; discarded source_url: https://doha.ogc.osd.mil/Industrial-Security-Program/Industrial-Security-Clearance-Decisions/DOHA-Appeal-Board/Archived-DOHA-Appeal-Board/2016-and-Prior-DOHA-Appeal-Board/2016-and-Prior-DOHA-Appeal-Board-3/FileId/154691/
03-16958,appeal,true_duplicate_deleted,byte-identical full_text; discarded source_url: https://doha.ogc.osd.mil/Industrial-Security-Program/Industrial-Security-Clearance-Decisions/DOHA-Appeal-Board/Archived-DOHA-Appeal-Board/2016-and-Prior-DOHA-Appeal-Board/2016-and-Prior-DOHA-Appeal-Board-3/FileId/154690/
03-17071,appeal,true_duplicate_deleted,byte-identical full_text; discarded source_url: https://doha.ogc.osd.mil/Industrial-Security-Program/Industrial-Security-Clearance-Decisions/DOHA-Appeal-Board/Archived-DOHA-Appeal-Board/2016-and-Prior-DOHA-Appeal-Board/2016-and-Prior-DOHA-Appeal-Board-3/FileId/154694/
03-17150,appeal,true_duplicate_deleted,byte-identical full_text; discarded source_url: https://doha.ogc.osd.mil/Industrial-Security-Program/Industrial-Security-Clearance-Decisions/DOHA-Appeal-Board/Archived-DOHA-Appeal-Board/2016-and-Prior-DOHA-Appeal-Board/2016-and-Prior-DOHA-Appeal-Board-3/FileId/154692/
03-17114,appeal,true_duplicate_deleted,byte-identical full_text; discarded source_url: https://doha.ogc.osd.mil/Industrial-Security-Program/Industrial-Security-Clearance-Decisions/DOHA-Appeal-Board/Archived-DOHA-Appeal-Board/2016-and-Prior-DOHA-Appeal-Board/2016-and-Prior-DOHA-Appeal-Board-3/FileId/154695/
03-17410,appeal,true_duplicate_deleted,byte-identical full_text; discarded source_url: https://doha.ogc.osd.mil/Industrial-Security-Program/Industrial-Security-Clearance-Decisions/DOHA-Appeal-Board/Archived-DOHA-Appeal-Board/2016-and-Prior-DOHA-Appeal-Board/2016-and-Prior-DOHA-Appeal-Board-3/FileId/154693/
03-17479,appeal,true_duplicate_deleted,byte-identical full_text; discarded source_url: https://doha.ogc.osd.mil/Industrial-Security-Program/Industrial-Security-Clearance-Decisions/DOHA-Appeal-Board/Archived-DOHA-Appeal-Board/2016-and-Prior-DOHA-Appeal-Board/2016-and-Prior-DOHA-Appeal-Board-3/FileId/154697/
03-17620,appeal,true_duplicate_deleted,byte-identical full_text; discarded source_url: https://doha.ogc.osd.mil/Industrial-Security-Program/Industrial-Security-Clearance-Decisions/DOHA-Appeal-Board/Archived-DOHA-Appeal-Board/2016-and-Prior-DOHA-Appeal-Board/2016-and-Prior-DOHA-Appeal-Board-3/FileId/154696/
03-17708,appeal,true_duplicate_deleted,byte-identical full_text; discarded source_url: https://doha.ogc.osd.mil/Industrial-Security-Program/Industrial-Security-Clearance-Decisions/DOHA-Appeal-Board/Archived-DOHA-Appeal-Board/2016-and-Prior-DOHA-Appeal-Board/2016-and-Prior-DOHA-Appeal-Board-3/FileId/154698/
03-17743,appeal,true_duplicate_deleted,byte-identical full_text; discarded source_url: https://doha.ogc.osd.mil/Industrial-Security-Program/Industrial-Security-Clearance-Decisions/DOHA-Appeal-Board/Archived-DOHA-Appeal-Board/2016-and-Prior-DOHA-Appeal-Board/2016-and-Prior-DOHA-Appeal-Board-3/FileId/154699/
03-17839,appeal,true_duplicate_deleted,byte-identical full_text; discarded source_url: https://doha.ogc.osd.mil/Industrial-Security-Program/Industrial-Security-Clearance-Decisions/DOHA-Appeal-Board/Archived-DOHA-Appeal-Board/2016-and-Prior-DOHA-Appeal-Board/2016-and-Prior-DOHA-Appeal-Board-3/FileId/154700/
03-18172,appeal,true_duplicate_deleted,byte-identical full_text; discarded source_url: https://doha.ogc.osd.mil/Industrial-Security-Program/Industrial-Security-Clearance-Decisions/DOHA-Appeal-Board/Archived-DOHA-Appeal-Board/2016-and-Prior-DOHA-Appeal-Board/2016-and-Prior-DOHA-Appeal-Board-3/FileId/154701/
03-18181,appeal,true_duplicate_deleted,byte-identical full_text; discarded source_url: https://doha.ogc.osd.mil/Industrial-Security-Program/Industrial-Security-Clearance-Decisions/DOHA-Appeal-Board/Archived-DOHA-Appeal-Board/2016-and-Prior-DOHA-Appeal-Board/2016-and-Prior-DOHA-Appeal-Board-3/FileId/154703/
03-18242,appeal,true_duplicate_deleted,byte-identical full_text; discarded source_url: https://doha.ogc.osd.mil/Industrial-Security-Program/Industrial-Security-Clearance-Decisions/DOHA-Appeal-Board/Archived-DOHA-Appeal-Board/2016-and-Prior-DOHA-Appeal-Board/2016-and-Prior-DOHA-Appeal-Board-3/FileId/154702/
03-18218,appeal,true_duplicate_deleted,byte-identical full_text; discarded source_url: https://doha.ogc.osd.mil/Industrial-Security-Program/Industrial-Security-Clearance-Decisions/DOHA-Appeal-Board/Archived-DOHA-Appeal-Board/2016-and-Prior-DOHA-Appeal-Board/2016-and-Prior-DOHA-Appeal-Board-3/FileId/154705/
03-18297,appeal,true_duplicate_deleted,byte-identical full_text; discarded source_url: https://doha.ogc.osd.mil/Industrial-Security-Program/Industrial-Security-Clearance-Decisions/DOHA-Appeal-Board/Archived-DOHA-Appeal-Board/2016-and-Prior-DOHA-Appeal-Board/2016-and-Prior-DOHA-Appeal-Board-3/FileId/154708/
03-18254,appeal,true_duplicate_deleted,byte-identical full_text; discarded source_url: https://doha.ogc.osd.mil/Industrial-Security-Program/Industrial-Security-Clearance-Decisions/DOHA-Appeal-Board/Archived-DOHA-Appeal-Board/2016-and-Prior-DOHA-Appeal-Board/2016-and-Prior-DOHA-Appeal-Board-3/FileId/154706/
03-18421,appeal,true_duplicate_deleted,byte-identical full_text; discarded source_url: https://doha.ogc.osd.mil/Industrial-Security-Program/Industrial-Security-Clearance-Decisions/DOHA-Appeal-Board/Archived-DOHA-Appeal-Board/2016-and-Prior-DOHA-Appeal-Board/2016-and-Prior-DOHA-Appeal-Board-3/FileId/154707/
03-18523,appeal,true_duplicate_deleted,byte-identical full_text; discarded source_url: https://doha.ogc.osd.mil/Industrial-Security-Program/Industrial-Security-Clearance-Decisions/DOHA-Appeal-Board/Archived-DOHA-Appeal-Board/2016-and-Prior-DOHA-Appeal-Board/2016-and-Prior-DOHA-Appeal-Board-3/FileId/154709/
03-18522,appeal,true_duplicate_deleted,byte-identical full_text; discarded source_url: https://doha.ogc.osd.mil/Industrial-Security-Program/Industrial-Security-Clearance-Decisions/DOHA-Appeal-Board/Archived-DOHA-Appeal-Board/2016-and-Prior-DOHA-Appeal-Board/2016-and-Prior-DOHA-Appeal-Board-3/FileId/154710/
03-18534,appeal,true_duplicate_deleted,byte-identical full_text; discarded source_url: https://doha.ogc.osd.mil/Industrial-Security-Program/Industrial-Security-Clearance-Decisions/DOHA-Appeal-Board/Archived-DOHA-Appeal-Board/2016-and-Prior-DOHA-Appeal-Board/2016-and-Prior-DOHA-Appeal-Board-3/FileId/154704/
03-18668,appeal,true_duplicate_deleted,byte-identical full_text; discarded source_url: https://doha.ogc.osd.mil/Industrial-Security-Program/Industrial-Security-Clearance-Decisions/DOHA-Appeal-Board/Archived-DOHA-Appeal-Board/2016-and-Prior-DOHA-Appeal-Board/2016-and-Prior-DOHA-Appeal-Board-3/FileId/154713/
03-18711,appeal,true_duplicate_deleted,byte-identical full_text; discarded source_url: https://doha.ogc.osd.mil/Industrial-Security-Program/Industrial-Security-Clearance-Decisions/DOHA-Appeal-Board/Archived-DOHA-Appeal-Board/2016-and-Prior-DOHA-Appeal-Board/2016-and-Prior-DOHA-Appeal-Board-3/FileId/154711/
03-18738,appeal,true_duplicate_deleted,byte-identical full_text; discarded source_url: https://doha.ogc.osd.mil/Industrial-Security-Program/Industrial-Security-Clearance-Decisions/DOHA-Appeal-Board/Archived-DOHA-Appeal-Board/2016-and-Prior-DOHA-Appeal-Board/2016-and-Prior-DOHA-Appeal-Board-3/FileId/154712/
03-19002,appeal,true_duplicate_deleted,byte-identical full_text; discarded source_url: https://doha.ogc.osd.mil/Industrial-Security-Program/Industrial-Security-Clearance-Decisions/DOHA-Appeal-Board/Archived-DOHA-Appeal-Board/2016-and-Prior-DOHA-Appeal-Board/2016-and-Prior-DOHA-Appeal-Board-3/FileId/154714/
03-19006,appeal,true_duplicate_deleted,byte-identical full_text; discarded source_url: https://doha.ogc.osd.mil/Industrial-Security-Program/Industrial-Security-Clearance-Decisions/DOHA-Appeal-Board/Archived-DOHA-Appeal-Board/2016-and-Prior-DOHA-Appeal-Board/2016-and-Prior-DOHA-Appeal-Board-3/FileId/154716/
03-19011,appeal,true_duplicate_deleted,byte-identical full_text; discarded source_url: https://doha.ogc.osd.mil/Industrial-Security-Program/Industrial-Security-Clearance-Decisions/DOHA-Appeal-Board/Archived-DOHA-Appeal-Board/2016-and-Prior-DOHA-Appeal-Board/2016-and-Prior-DOHA-Appeal-Board-3/FileId/154715/
03-19107,appeal,true_duplicate_deleted,byte-identical full_text; discarded source_url: https://doha.ogc.osd.mil/Industrial-Security-Program/Industrial-Security-Clearance-Decisions/DOHA-Appeal-Board/Archived-DOHA-Appeal-Board/2016-and-Prior-DOHA-Appeal-Board/2016-and-Prior-DOHA-Appeal-Board-3/FileId/154720/
03-19194,appeal,true_duplicate_deleted,byte-identical full_text; discarded source_url: https://doha.ogc.osd.mil/Industrial-Security-Program/Industrial-Security-Clearance-Decisions/DOHA-Appeal-Board/Archived-DOHA-Appeal-Board/2016-and-Prior-DOHA-Appeal-Board/2016-and-Prior-DOHA-Appeal-Board-3/FileId/154722/
03-19101,appeal,true_duplicate_deleted,byte-identical full_text; discarded source_url: https://doha.ogc.osd.mil/Industrial-Security-Program/Industrial-Security-Clearance-Decisions/DOHA-Appeal-Board/Archived-DOHA-Appeal-Board/2016-and-Prior-DOHA-Appeal-Board/2016-and-Prior-DOHA-Appeal-Board-3/FileId/154717/
03-19311,appeal,true_duplicate_deleted,byte-identical full_text; discarded source_url: https://doha.ogc.osd.mil/Industrial-Security-Program/Industrial-Security-Clearance-Decisions/DOHA-Appeal-Board/Archived-DOHA-Appeal-Board/2016-and-Prior-DOHA-Appeal-Board/2016-and-Prior-DOHA-Appeal-Board-3/FileId/154721/
03-19692,appeal,true_duplicate_deleted,byte-identical full_text; discarded source_url: https://doha.ogc.osd.mil/Industrial-Security-Program/Industrial-Security-Clearance-Decisions/DOHA-Appeal-Board/Archived-DOHA-Appeal-Board/2016-and-Prior-DOHA-Appeal-Board/2016-and-Prior-DOHA-Appeal-Board-3/FileId/154724/
03-19925,appeal,true_duplicate_deleted,byte-identical full_text; discarded source_url: https://doha.ogc.osd.mil/Industrial-Security-Program/Industrial-Security-Clearance-Decisions/DOHA-Appeal-Board/Archived-DOHA-Appeal-Board/2016-and-Prior-DOHA-Appeal-Board/2016-and-Prior-DOHA-Appeal-Board-3/FileId/154718/
03-19779,appeal,true_duplicate_deleted,byte-identical full_text; discarded source_url: https://doha.ogc.osd.mil/Industrial-Security-Program/Industrial-Security-Clearance-Decisions/DOHA-Appeal-Board/Archived-DOHA-Appeal-Board/2016-and-Prior-DOHA-Appeal-Board/2016-and-Prior-DOHA-Appeal-Board-3/FileId/154723/
03-20002,appeal,true_duplicate_deleted,byte-identical full_text; discarded source_url: https://doha.ogc.osd.mil/Industrial-Security-Program/Industrial-Security-Clearance-Decisions/DOHA-Appeal-Board/Archived-DOHA-Appeal-Board/2016-and-Prior-DOHA-Appeal-Board/2016-and-Prior-DOHA-Appeal-Board-3/FileId/154725/
03-20005,appeal,true_duplicate_deleted,byte-identical full_text; discarded source_url: https://doha.ogc.osd.mil/Industrial-Security-Program/Industrial-Security-Clearance-Decisions/DOHA-Appeal-Board/Archived-DOHA-Appeal-Board/2016-and-Prior-DOHA-Appeal-Board/2016-and-Prior-DOHA-Appeal-Board-3/FileId/154730/
03-20327,appeal,true_duplicate_deleted,byte-identical full_text; discarded source_url: https://doha.ogc.osd.mil/Industrial-Security-Program/Industrial-Security-Clearance-Decisions/DOHA-Appeal-Board/Archived-DOHA-Appeal-Board/2016-and-Prior-DOHA-Appeal-Board/2016-and-Prior-DOHA-Appeal-Board-3/FileId/154732/
03-20538,appeal,true_duplicate_deleted,byte-identical full_text; discarded source_url: https://doha.ogc.osd.mil/Industrial-Security-Program/Industrial-Security-Clearance-Decisions/DOHA-Appeal-Board/Archived-DOHA-Appeal-Board/2016-and-Prior-DOHA-Appeal-Board/2016-and-Prior-DOHA-Appeal-Board-3/FileId/154735/
03-20597,appeal,true_duplicate_deleted,byte-identical full_text; discarded source_url: https://doha.ogc.osd.mil/Industrial-Security-Program/Industrial-Security-Clearance-Decisions/DOHA-Appeal-Board/Archived-DOHA-Appeal-Board/2016-and-Prior-DOHA-Appeal-Board/2016-and-Prior-DOHA-Appeal-Board-3/FileId/154734/
03-20638,appeal,true_duplicate_deleted,byte-identical full_text; discarded source_url: https://doha.ogc.osd.mil/Industrial-Security-Program/Industrial-Security-Clearance-Decisions/DOHA-Appeal-Board/Archived-DOHA-Appeal-Board/2016-and-Prior-DOHA-Appeal-Board/2016-and-Prior-DOHA-Appeal-Board-3/FileId/154731/
03-20730,appeal,true_duplicate_deleted,byte-identical full_text; discarded source_url: https://doha.ogc.osd.mil/Industrial-Security-Program/Industrial-Security-Clearance-Decisions/DOHA-Appeal-Board/Archived-DOHA-Appeal-Board/2016-and-Prior-DOHA-Appeal-Board/2016-and-Prior-DOHA-Appeal-Board-3/FileId/154726/
03-21012,appeal,true_duplicate_deleted,byte-identical full_text; discarded source_url: https://doha.ogc.osd.mil/Industrial-Security-Program/Industrial-Security-Clearance-Decisions/DOHA-Appeal-Board/Archived-DOHA-Appeal-Board/2016-and-Prior-DOHA-Appeal-Board/2016-and-Prior-DOHA-Appeal-Board-3/FileId/154729/
03-21072,appeal,true_duplicate_deleted,byte-identical full_text; discarded source_url: https://doha.ogc.osd.mil/Industrial-Security-Program/Industrial-Security-Clearance-Decisions/DOHA-Appeal-Board/Archived-DOHA-Appeal-Board/2016-and-Prior-DOHA-Appeal-Board/2016-and-Prior-DOHA-Appeal-Board-3/FileId/154728/
03-21045,appeal,true_duplicate_deleted,byte-identical full_text; discarded source_url: https://doha.ogc.osd.mil/Industrial-Security-Program/Industrial-Security-Clearance-Decisions/DOHA-Appeal-Board/Archived-DOHA-Appeal-Board/2016-and-Prior-DOHA-Appeal-Board/2016-and-Prior-DOHA-Appeal-Board-3/FileId/154733/
03-21205,appeal,true_duplicate_deleted,byte-identical full_text; discarded source_url: https://doha.ogc.osd.mil/Industrial-Security-Program/Industrial-Security-Clearance-Decisions/DOHA-Appeal-Board/Archived-DOHA-Appeal-Board/2016-and-Prior-DOHA-Appeal-Board/2016-and-Prior-DOHA-Appeal-Board-3/FileId/154737/
03-21220,appeal,true_duplicate_deleted,byte-identical full_text; discarded source_url: https://doha.ogc.osd.mil/Industrial-Security-Program/Industrial-Security-Clearance-Decisions/DOHA-Appeal-Board/Archived-DOHA-Appeal-Board/2016-and-Prior-DOHA-Appeal-Board/2016-and-Prior-DOHA-Appeal-Board-3/FileId/154738/
03-21309,appeal,true_duplicate_deleted,byte-identical full_text; discarded source_url: https://doha.ogc.osd.mil/Industrial-Security-Program/Industrial-Security-Clearance-Decisions/DOHA-Appeal-Board/Archived-DOHA-Appeal-Board/2016-and-Prior-DOHA-Appeal-Board/2016-and-Prior-DOHA-Appeal-Board-3/FileId/154739/
03-21329,appeal,true_duplicate_deleted,byte-identical full_text; discarded source_url: https://doha.ogc.osd.mil/Industrial-Security-Program/Industrial-Security-Clearance-Decisions/DOHA-Appeal-Board/Archived-DOHA-Appeal-Board/2016-and-Prior-DOHA-Appeal-Board/2016-and-Prior-DOHA-Appeal-Board-3/FileId/154741/
03-21183,appeal,true_duplicate_deleted,byte-identical full_text; discarded source_url: https://doha.ogc.osd.mil/Industrial-Security-Program/Industrial-Security-Clearance-Decisions/DOHA-Appeal-Board/Archived-DOHA-Appeal-Board/2016-and-Prior-DOHA-Appeal-Board/2016-and-Prior-DOHA-Appeal-Board-3/FileId/154736/
03-21434,appeal,true_duplicate_deleted,byte-identical full_text; discarded source_url: https://doha.ogc.osd.mil/Industrial-Security-Program/Industrial-Security-Clearance-Decisions/DOHA-Appeal-Board/Archived-DOHA-Appeal-Board/2016-and-Prior-DOHA-Appeal-Board/2016-and-Prior-DOHA-Appeal-Board-3/FileId/154744/
03-21654,appeal,true_duplicate_deleted,byte-identical full_text; discarded source_url: https://doha.ogc.osd.mil/Industrial-Security-Program/Industrial-Security-Clearance-Decisions/DOHA-Appeal-Board/Archived-DOHA-Appeal-Board/2016-and-Prior-DOHA-Appeal-Board/2016-and-Prior-DOHA-Appeal-Board-3/FileId/154747/
03-22281,appeal,true_duplicate_deleted,byte-identical full_text; discarded source_url: https://doha.ogc.osd.mil/Industrial-Security-Program/Industrial-Security-Clearance-Decisions/DOHA-Appeal-Board/Archived-DOHA-Appeal-Board/2016-and-Prior-DOHA-Appeal-Board/2016-and-Prior-DOHA-Appeal-Board-3/FileId/154743/
03-22167,appeal,true_duplicate_deleted,byte-identical full_text; discarded source_url: https://doha.ogc.osd.mil/Industrial-Security-Program/Industrial-Security-Clearance-Decisions/DOHA-Appeal-Board/Archived-DOHA-Appeal-Board/2016-and-Prior-DOHA-Appeal-Board/2016-and-Prior-DOHA-Appeal-Board-3/FileId/154746/
03-21761,appeal,true_duplicate_deleted,byte-identical full_text; discarded source_url: https://doha.ogc.osd.mil/Industrial-Security-Program/Industrial-Security-Clearance-Decisions/DOHA-Appeal-Board/Archived-DOHA-Appeal-Board/2016-and-Prior-DOHA-Appeal-Board/2016-and-Prior-DOHA-Appeal-Board-3/FileId/154745/
03-22427,appeal,true_duplicate_deleted,byte-identical full_text; discarded source_url: https://doha.ogc.osd.mil/Industrial-Security-Program/Industrial-Security-Clearance-Decisions/DOHA-Appeal-Board/Archived-DOHA-Appeal-Board/2016-and-Prior-DOHA-Appeal-Board/2016-and-Prior-DOHA-Appeal-Board-3/FileId/154740/
03-22475,appeal,true_duplicate_deleted,byte-identical full_text; discarded source_url: https://doha.ogc.osd.mil/Industrial-Security-Program/Industrial-Security-Clearance-Decisions/DOHA-Appeal-Board/Archived-DOHA-Appeal-Board/2016-and-Prior-DOHA-Appeal-Board/2016-and-Prior-DOHA-Appeal-Board-3/FileId/154742/
03-22563,appeal,true_duplicate_deleted,byte-identical full_text; discarded source_url: https://doha.ogc.osd.mil/Industrial-Security-Program/Industrial-Security-Clearance-Decisions/DOHA-Appeal-Board/Archived-DOHA-Appeal-Board/2016-and-Prior-DOHA-Appeal-Board/2016-and-Prior-DOHA-Appeal-Board-3/FileId/154748/
03-22679,appeal,true_duplicate_deleted,byte-identical full_text; discarded source_url: https://doha.ogc.osd.mil/Industrial-Security-Program/Industrial-Security-Clearance-Decisions/DOHA-Appeal-Board/Archived-DOHA-Appeal-Board/2016-and-Prior-DOHA-Appeal-Board/2016-and-Prior-DOHA-Appeal-Board-3/FileId/154751/
03-22643,appeal,true_duplicate_deleted,byte-identical full_text; discarded source_url: https://doha.ogc.osd.mil/Industrial-Security-Program/Industrial-Security-Clearance-Decisions/DOHA-Appeal-Board/Archived-DOHA-Appeal-Board/2016-and-Prior-DOHA-Appeal-Board/2016-and-Prior-DOHA-Appeal-Board-3/FileId/154750/
03-22709,appeal,true_duplicate_deleted,byte-identical full_text; discarded source_url: https://doha.ogc.osd.mil/Industrial-Security-Program/Industrial-Security-Clearance-Decisions/DOHA-Appeal-Board/Archived-DOHA-Appeal-Board/2016-and-Prior-DOHA-Appeal-Board/2016-and-Prior-DOHA-Appeal-Board-3/FileId/154749/
03-22819,appeal,true_duplicate_deleted,byte-identical full_text; discarded source_url: https://doha.ogc.osd.mil/Industrial-Security-Program/Industrial-Security-Clearance-Decisions/DOHA-Appeal-Board/Archived-DOHA-Appeal-Board/2016-and-Prior-DOHA-Appeal-Board/2016-and-Prior-DOHA-Appeal-Board-3/FileId/154752/
03-22831,appeal,true_duplicate_deleted,byte-identical full_text; discarded source_url: https://doha.ogc.osd.mil/Industrial-Security-Program/Industrial-Security-Clearance-Decisions/DOHA-Appeal-Board/Archived-DOHA-Appeal-Board/2016-and-Prior-DOHA-Appeal-Board/2016-and-Prior-DOHA-Appeal-Board-3/FileId/154753/
03-22861,appeal,true_duplicate_deleted,byte-identical full_text; discarded source_url: https://doha.ogc.osd.mil/Industrial-Security-Program/Industrial-Security-Clearance-Decisions/DOHA-Appeal-Board/Archived-DOHA-Appeal-Board/2016-and-Prior-DOHA-Appeal-Board/2016-and-Prior-DOHA-Appeal-Board-3/FileId/154755/
03-22843,appeal,true_duplicate_deleted,byte-identical full_text; discarded source_url: https://doha.ogc.osd.mil/Industrial-Security-Program/Industrial-Security-Clearance-Decisions/DOHA-Appeal-Board/Archived-DOHA-Appeal-Board/2016-and-Prior-DOHA-Appeal-Board/2016-and-Prior-DOHA-Appeal-Board-3/FileId/154754/
03-22883,appeal,true_duplicate_deleted,byte-identical full_text; discarded source_url: https://doha.ogc.osd.mil/Industrial-Security-Program/Industrial-Security-Clearance-Decisions/DOHA-Appeal-Board/Archived-DOHA-Appeal-Board/2016-and-Prior-DOHA-Appeal-Board/2016-and-Prior-DOHA-Appeal-Board-3/FileId/154757/
03-22889,appeal,true_duplicate_deleted,byte-identical full_text; discarded source_url: https://doha.ogc.osd.mil/Industrial-Security-Program/Industrial-Security-Clearance-Decisions/DOHA-Appeal-Board/Archived-DOHA-Appeal-Board/2016-and-Prior-DOHA-Appeal-Board/2016-and-Prior-DOHA-Appeal-Board-3/FileId/154756/
03-22912,appeal,true_duplicate_deleted,byte-identical full_text; discarded source_url: https://doha.ogc.osd.mil/Industrial-Security-Program/Industrial-Security-Clearance-Decisions/DOHA-Appeal-Board/Archived-DOHA-Appeal-Board/2016-and-Prior-DOHA-Appeal-Board/2016-and-Prior-DOHA-Appeal-Board-3/FileId/154758/
03-22974,appeal,true_duplicate_deleted,byte-identical full_text; discarded source_url: https://doha.ogc.osd.mil/Industrial-Security-Program/Industrial-Security-Clearance-Decisions/DOHA-Appeal-Board/Archived-DOHA-Appeal-Board/2016-and-Prior-DOHA-Appeal-Board/2016-and-Prior-DOHA-Appeal-Board-3/FileId/154761/
03-23236,appeal,true_duplicate_deleted,byte-identical full_text; discarded source_url: https://doha.ogc.osd.mil/Industrial-Security-Program/Industrial-Security-Clearance-Decisions/DOHA-Appeal-Board/Archived-DOHA-Appeal-Board/2016-and-Prior-DOHA-Appeal-Board/2016-and-Prior-DOHA-Appeal-Board-3/FileId/154760/
03-23235,appeal,true_duplicate_deleted,byte-identical full_text; discarded source_url: https://doha.ogc.osd.mil/Industrial-Security-Program/Industrial-Security-Clearance-Decisions/DOHA-Appeal-Board/Archived-DOHA-Appeal-Board/2016-and-Prior-DOHA-Appeal-Board/2016-and-Prior-DOHA-Appeal-Board-3/FileId/154759/
03-23259,appeal,true_duplicate_deleted,byte-identical full_text; discarded source_url: https://doha.ogc.osd.mil/Industrial-Security-Program/Industrial-Security-Clearance-Decisions/DOHA-Appeal-Board/Archived-DOHA-Appeal-Board/2016-and-Prior-DOHA-Appeal-Board/2016-and-Prior-DOHA-Appeal-Board-3/FileId/154762/
03-23380,appeal,true_duplicate_deleted,byte-identical full_text; discarded source_url: https://doha.ogc.osd.mil/Industrial-Security-Program/Industrial-Security-Clearance-Decisions/DOHA-Appeal-Board/Archived-DOHA-Appeal-Board/2016-and-Prior-DOHA-Appeal-Board/2016-and-Prior-DOHA-Appeal-Board-3/FileId/154764/
03-23511,appeal,true_duplicate_deleted,byte-identical full_text; discarded source_url: https://doha.ogc.osd.mil/Industrial-Security-Program/Industrial-Security-Clearance-Decisions/DOHA-Appeal-Board/Archived-DOHA-Appeal-Board/2016-and-Prior-DOHA-Appeal-Board/2016-and-Prior-DOHA-Appeal-Board-3/FileId/154763/
03-23483,appeal,true_duplicate_deleted,byte-identical full_text; discarded source_url: https://doha.ogc.osd.mil/Industrial-Security-Program/Industrial-Security-Clearance-Decisions/DOHA-Appeal-Board/Archived-DOHA-Appeal-Board/2016-and-Prior-DOHA-Appeal-Board/2016-and-Prior-DOHA-Appeal-Board-3/FileId/154765/
03-23573,appeal,true_duplicate_deleted,byte-identical full_text; discarded source_url: https://doha.ogc.osd.mil/Industrial-Security-Program/Industrial-Security-Clearance-Decisions/DOHA-Appeal-Board/Archived-DOHA-Appeal-Board/2016-and-Prior-DOHA-Appeal-Board/2016-and-Prior-DOHA-Appeal-Board-3/FileId/154767/
03-23806,appeal,true_duplicate_deleted,byte-identical full_text; discarded source_url: https://doha.ogc.osd.mil/Industrial-Security-Program/Industrial-Security-Clearance-Decisions/DOHA-Appeal-Board/Archived-DOHA-Appeal-Board/2016-and-Prior-DOHA-Appeal-Board/2016-and-Prior-DOHA-Appeal-Board-3/FileId/154771/
03-23697,appeal,true_duplicate_deleted,byte-identical full_text; discarded source_url: https://doha.ogc.osd.mil/Industrial-Security-Program/Industrial-Security-Clearance-Decisions/DOHA-Appeal-Board/Archived-DOHA-Appeal-Board/2016-and-Prior-DOHA-Appeal-Board/2016-and-Prior-DOHA-Appeal-Board-3/FileId/154766/
03-23765,appeal,true_duplicate_deleted,byte-identical full_text; discarded source_url: https://doha.ogc.osd.mil/Industrial-Security-Program/Industrial-Security-Clearance-Decisions/DOHA-Appeal-Board/Archived-DOHA-Appeal-Board/2016-and-Prior-DOHA-Appeal-Board/2016-and-Prior-DOHA-Appeal-Board-3/FileId/154772/
03-23776,appeal,true_duplicate_deleted,byte-identical full_text; discarded source_url: https://doha.ogc.osd.mil/Industrial-Security-Program/Industrial-Security-Clearance-Decisions/DOHA-Appeal-Board/Archived-DOHA-Appeal-Board/2016-and-Prior-DOHA-Appeal-Board/2016-and-Prior-DOHA-Appeal-Board-3/FileId/154769/
03-24028,appeal,true_duplicate_deleted,byte-identical full_text; discarded source_url: https://doha.ogc.osd.mil/Industrial-Security-Program/Industrial-Security-Clearance-Decisions/DOHA-Appeal-Board/Archived-DOHA-Appeal-Board/2016-and-Prior-DOHA-Appeal-Board/2016-and-Prior-DOHA-Appeal-Board-3/FileId/154768/
03-24144,appeal,true_duplicate_deleted,byte-identical full_text; discarded source_url: https://doha.ogc.osd.mil/Industrial-Security-Program/Industrial-Security-Clearance-Decisions/DOHA-Appeal-Board/Archived-DOHA-Appeal-Board/2016-and-Prior-DOHA-Appeal-Board/2016-and-Prior-DOHA-Appeal-Board-3/FileId/154770/
03-24233,appeal,true_duplicate_deleted,byte-identical full_text; discarded source_url: https://doha.ogc.osd.mil/Industrial-Security-Program/Industrial-Security-Clearance-Decisions/DOHA-Appeal-Board/Archived-DOHA-Appeal-Board/2016-and-Prior-DOHA-Appeal-Board/2016-and-Prior-DOHA-Appeal-Board-3/FileId/154777/
03-24245,appeal,true_duplicate_deleted,byte-identical full_text; discarded source_url: https://doha.ogc.osd.mil/Industrial-Security-Program/Industrial-Security-Clearance-Decisions/DOHA-Appeal-Board/Archived-DOHA-Appeal-Board/2016-and-Prior-DOHA-Appeal-Board/2016-and-Prior-DOHA-Appeal-Board-3/FileId/154775/
03-24428,appeal,true_duplicate_deleted,byte-identical full_text; discarded source_url: https://doha.ogc.osd.mil/Industrial-Security-Program/Industrial-Security-Clearance-Decisions/DOHA-Appeal-Board/Archived-DOHA-Appeal-Board/2016-and-Prior-DOHA-Appeal-Board/2016-and-Prior-DOHA-Appeal-Board-3/FileId/154774/
03-24356,appeal,true_duplicate_deleted,byte-identical full_text; discarded source_url: https://doha.ogc.osd.mil/Industrial-Security-Program/Industrial-Security-Clearance-Decisions/DOHA-Appeal-Board/Archived-DOHA-Appeal-Board/2016-and-Prior-DOHA-Appeal-Board/2016-and-Prior-DOHA-Appeal-Board-3/FileId/154776/
03-24475,appeal,true_duplicate_deleted,byte-identical full_text; discarded source_url: https://doha.ogc.osd.mil/Industrial-Security-Program/Industrial-Security-Clearance-Decisions/DOHA-Appeal-Board/Archived-DOHA-Appeal-Board/2016-and-Prior-DOHA-Appeal-Board/2016-and-Prior-DOHA-Appeal-Board-3/FileId/154778/
03-24546,appeal,true_duplicate_deleted,byte-identical full_text; discarded source_url: https://doha.ogc.osd.mil/Industrial-Security-Program/Industrial-Security-Clearance-Decisions/DOHA-Appeal-Board/Archived-DOHA-Appeal-Board/2016-and-Prior-DOHA-Appeal-Board/2016-and-Prior-DOHA-Appeal-Board-3/FileId/154783/
03-24632,appeal,true_duplicate_deleted,byte-identical full_text; discarded source_url: https://doha.ogc.osd.mil/Industrial-Security-Program/Industrial-Security-Clearance-Decisions/DOHA-Appeal-Board/Archived-DOHA-Appeal-Board/2016-and-Prior-DOHA-Appeal-Board/2016-and-Prior-DOHA-Appeal-Board-3/FileId/154784/
03-24741,appeal,true_duplicate_deleted,byte-identical full_text; discarded source_url: https://doha.ogc.osd.mil/Industrial-Security-Program/Industrial-Security-Clearance-Decisions/DOHA-Appeal-Board/Archived-DOHA-Appeal-Board/2016-and-Prior-DOHA-Appeal-Board/2016-and-Prior-DOHA-Appeal-Board-3/FileId/154787/
03-24893,appeal,true_duplicate_deleted,byte-identical full_text; discarded source_url: https://doha.ogc.osd.mil/Industrial-Security-Program/Industrial-Security-Clearance-Decisions/DOHA-Appeal-Board/Archived-DOHA-Appeal-Board/2016-and-Prior-DOHA-Appeal-Board/2016-and-Prior-DOHA-Appeal-Board-3/FileId/154779/
03-24933,appeal,true_duplicate_deleted,byte-identical full_text; discarded source_url: https://doha.ogc.osd.mil/Industrial-Security-Program/Industrial-Security-Clearance-Decisions/DOHA-Appeal-Board/Archived-DOHA-Appeal-Board/2016-and-Prior-DOHA-Appeal-Board/2016-and-Prior-DOHA-Appeal-Board-3/FileId/154781/
03-24988,appeal,true_duplicate_deleted,byte-identical full_text; discarded source_url: https://doha.ogc.osd.mil/Industrial-Security-Program/Industrial-Security-Clearance-Decisions/DOHA-Appeal-Board/Archived-DOHA-Appeal-Board/2016-and-Prior-DOHA-Appeal-Board/2016-and-Prior-DOHA-Appeal-Board-3/FileId/154786/
03-25009,appeal,true_duplicate_deleted,byte-identical full_text; discarded source_url: https://doha.ogc.osd.mil/Industrial-Security-Program/Industrial-Security-Clearance-Decisions/DOHA-Appeal-Board/Archived-DOHA-Appeal-Board/2016-and-Prior-DOHA-Appeal-Board/2016-and-Prior-DOHA-Appeal-Board-3/FileId/154785/
03-25024,appeal,true_duplicate_deleted,byte-identical full_text; discarded source_url: https://doha.ogc.osd.mil/Industrial-Security-Program/Industrial-Security-Clearance-Decisions/DOHA-Appeal-Board/Archived-DOHA-Appeal-Board/2016-and-Prior-DOHA-Appeal-Board/2016-and-Prior-DOHA-Appeal-Board-3/FileId/154780/
03-25086,appeal,true_duplicate_deleted,byte-identical full_text; discarded source_url: https://doha.ogc.osd.mil/Industrial-Security-Program/Industrial-Security-Clearance-Decisions/DOHA-Appeal-Board/Archived-DOHA-Appeal-Board/2016-and-Prior-DOHA-Appeal-Board/2016-and-Prior-DOHA-Appeal-Board-3/FileId/154788/
03-25154,appeal,true_duplicate_deleted,byte-identical full_text; discarded source_url: https://doha.ogc.osd.mil/Industrial-Security-Program/Industrial-Security-Clearance-Decisions/DOHA-Appeal-Board/Archived-DOHA-Appeal-Board/2016-and-Prior-DOHA-Appeal-Board/2016-and-Prior-DOHA-Appeal-Board-3/FileId/154789/
03-25256,appeal,true_duplicate_deleted,byte-identical full_text; discarded source_url: https://doha.ogc.osd.mil/Industrial-Security-Program/Industrial-Security-Clearance-Decisions/DOHA-Appeal-Board/Archived-DOHA-Appeal-Board/2016-and-Prior-DOHA-Appeal-Board/2016-and-Prior-DOHA-Appeal-Board-3/FileId/154790/
03-25320,appeal,true_duplicate_deleted,byte-identical full_text; discarded source_url: https://doha.ogc.osd.mil/Industrial-Security-Program/Industrial-Security-Clearance-Decisions/DOHA-Appeal-Board/Archived-DOHA-Appeal-Board/2016-and-Prior-DOHA-Appeal-Board/2016-and-Prior-DOHA-Appeal-Board-3/FileId/154782/
03-25346,appeal,true_duplicate_deleted,byte-identical full_text; discarded source_url: https://doha.ogc.osd.mil/Industrial-Security-Program/Industrial-Security-Clearance-Decisions/DOHA-Appeal-Board/Archived-DOHA-Appeal-Board/2016-and-Prior-DOHA-Appeal-Board/2016-and-Prior-DOHA-Appeal-Board-3/FileId/154791/
03-26083,appeal,true_duplicate_deleted,byte-identical full_text; discarded source_url: https://doha.ogc.osd.mil/Industrial-Security-Program/Industrial-Security-Clearance-Decisions/DOHA-Appeal-Board/Archived-DOHA-Appeal-Board/2016-and-Prior-DOHA-Appeal-Board/2016-and-Prior-DOHA-Appeal-Board-3/FileId/154792/
03-26162,appeal,true_duplicate_deleted,byte-identical full_text; discarded source_url: https://doha.ogc.osd.mil/Industrial-Security-Program/Industrial-Security-Clearance-Decisions/DOHA-Appeal-Board/Archived-DOHA-Appeal-Board/2016-and-Prior-DOHA-Appeal-Board/2016-and-Prior-DOHA-Appeal-Board-3/FileId/154793/
03-26176,appeal,true_duplicate_deleted,byte-identical full_text; discarded source_url: https://doha.ogc.osd.mil/Industrial-Security-Program/Industrial-Security-Clearance-Decisions/DOHA-Appeal-Board/Archived-DOHA-Appeal-Board/2016-and-Prior-DOHA-Appeal-Board/2016-and-Prior-DOHA-Appeal-Board-3/FileId/154795/
03-26197,appeal,true_duplicate_deleted,byte-identical full_text; discarded source_url: https://doha.ogc.osd.mil/Industrial-Security-Program/Industrial-Security-Clearance-Decisions/DOHA-Appeal-Board/Archived-DOHA-Appeal-Board/2016-and-Prior-DOHA-Appeal-Board/2016-and-Prior-DOHA-Appeal-Board-3/FileId/154796/
03-26213,appeal,true_duplicate_deleted,byte-identical full_text; discarded source_url: https://doha.ogc.osd.mil/Industrial-Security-Program/Industrial-Security-Clearance-Decisions/DOHA-Appeal-Board/Archived-DOHA-Appeal-Board/2016-and-Prior-DOHA-Appeal-Board/2016-and-Prior-DOHA-Appeal-Board-3/FileId/154798/
03-26387,appeal,true_duplicate_deleted,byte-identical full_text; discarded source_url: https://doha.ogc.osd.mil/Industrial-Security-Program/Industrial-Security-Clearance-Decisions/DOHA-Appeal-Board/Archived-DOHA-Appeal-Board/2016-and-Prior-DOHA-Appeal-Board/2016-and-Prior-DOHA-Appeal-Board-3/FileId/154797/
03-26490,appeal,true_duplicate_deleted,byte-identical full_text; discarded source_url: https://doha.ogc.osd.mil/Industrial-Security-Program/Industrial-Security-Clearance-Decisions/DOHA-Appeal-Board/Archived-DOHA-Appeal-Board/2016-and-Prior-DOHA-Appeal-Board/2016-and-Prior-DOHA-Appeal-Board-3/FileId/154794/
03-26888,appeal,true_duplicate_deleted,byte-identical full_text; discarded source_url: https://doha.ogc.osd.mil/Industrial-Security-Program/Industrial-Security-Clearance-Decisions/DOHA-Appeal-Board/Archived-DOHA-Appeal-Board/2016-and-Prior-DOHA-Appeal-Board/2016-and-Prior-DOHA-Appeal-Board-3/FileId/154799/
03-27083,appeal,true_duplicate_deleted,byte-identical full_text; discarded source_url: https://doha.ogc.osd.mil/Industrial-Security-Program/Industrial-Security-Clearance-Decisions/DOHA-Appeal-Board/Archived-DOHA-Appeal-Board/2016-and-Prior-DOHA-Appeal-Board/2016-and-Prior-DOHA-Appeal-Board-3/FileId/154801/
03-27157,appeal,true_duplicate_deleted,byte-identical full_text; discarded source_url: https://doha.ogc.osd.mil/Industrial-Security-Program/Industrial-Security-Clearance-Decisions/DOHA-Appeal-Board/Archived-DOHA-Appeal-Board/2016-and-Prior-DOHA-Appeal-Board/2016-and-Prior-DOHA-Appeal-Board-3/FileId/154800/
03-27170,appeal,true_duplicate_deleted,byte-identical full_text; discarded source_url: https://doha.ogc.osd.mil/Industrial-Security-Program/Industrial-Security-Clearance-Decisions/DOHA-Appeal-Board/Archived-DOHA-Appeal-Board/2016-and-Prior-DOHA-Appeal-Board/2016-and-Prior-DOHA-Appeal-Board-3/FileId/154802/
03-23772,appeal,true_duplicate_deleted,byte-identical full_text; discarded source_url: https://doha.ogc.osd.mil/Industrial-Security-Program/Industrial-Security-Clearance-Decisions/DOHA-Appeal-Board/Archived-DOHA-Appeal-Board/2016-and-Prior-DOHA-Appeal-Board/2016-and-Prior-DOHA-Appeal-Board-3/FileId/154773/
04-00109,appeal,true_duplicate_deleted,byte-identical full_text; discarded source_url: https://doha.ogc.osd.mil/Industrial-Security-Program/Industrial-Security-Clearance-Decisions/DOHA-Appeal-Board/Archived-DOHA-Appeal-Board/2016-and-Prior-DOHA-Appeal-Board/2016-and-Prior-DOHA-Appeal-Board-3/FileId/154808/
04-00225,appeal,true_duplicate_deleted,byte-identical full_text; discarded source_url: https://doha.ogc.osd.mil/Industrial-Security-Program/Industrial-Security-Clearance-Decisions/DOHA-Appeal-Board/Archived-DOHA-Appeal-Board/2016-and-Prior-DOHA-Appeal-Board/2016-and-Prior-DOHA-Appeal-Board-3/FileId/154803/
04-00536,appeal,true_duplicate_deleted,byte-identical full_text; discarded source_url: https://doha.ogc.osd.mil/Industrial-Security-Program/Industrial-Security-Clearance-Decisions/DOHA-Appeal-Board/Archived-DOHA-Appeal-Board/2016-and-Prior-DOHA-Appeal-Board/2016-and-Prior-DOHA-Appeal-Board-3/FileId/154806/
04-00540,appeal,true_duplicate_deleted,byte-identical full_text; discarded source_url: https://doha.ogc.osd.mil/Industrial-Security-Program/Industrial-Security-Clearance-Decisions/DOHA-Appeal-Board/Archived-DOHA-Appeal-Board/2016-and-Prior-DOHA-Appeal-Board/2016-and-Prior-DOHA-Appeal-Board-3/FileId/154809/
04-00709,appeal,true_duplicate_deleted,byte-identical full_text; discarded source_url: https://doha.ogc.osd.mil/Industrial-Security-Program/Industrial-Security-Clearance-Decisions/DOHA-Appeal-Board/Archived-DOHA-Appeal-Board/2016-and-Prior-DOHA-Appeal-Board/2016-and-Prior-DOHA-Appeal-Board-3/FileId/154804/
04-00789,appeal,true_duplicate_deleted,byte-identical full_text; discarded source_url: https://doha.ogc.osd.mil/Industrial-Security-Program/Industrial-Security-Clearance-Decisions/DOHA-Appeal-Board/Archived-DOHA-Appeal-Board/2016-and-Prior-DOHA-Appeal-Board/2016-and-Prior-DOHA-Appeal-Board-3/FileId/154805/
04-01047,appeal,true_duplicate_deleted,byte-identical full_text; discarded source_url: https://doha.ogc.osd.mil/Industrial-Security-Program/Industrial-Security-Clearance-Decisions/DOHA-Appeal-Board/Archived-DOHA-Appeal-Board/2016-and-Prior-DOHA-Appeal-Board/2016-and-Prior-DOHA-Appeal-Board-3/FileId/154811/
04-00631,appeal,true_duplicate_deleted,byte-identical full_text; discarded source_url: https://doha.ogc.osd.mil/Industrial-Security-Program/Industrial-Security-Clearance-Decisions/DOHA-Appeal-Board/Archived-DOHA-Appeal-Board/2016-and-Prior-DOHA-Appeal-Board/2016-and-Prior-DOHA-Appeal-Board-3/FileId/154807/
04-01576,appeal,true_duplicate_deleted,byte-identical full_text; discarded source_url: https://doha.ogc.osd.mil/Industrial-Security-Program/Industrial-Security-Clearance-Decisions/DOHA-Appeal-Board/Archived-DOHA-Appeal-Board/2016-and-Prior-DOHA-Appeal-Board/2016-and-Prior-DOHA-Appeal-Board-3/FileId/154813/
04-01578,appeal,true_duplicate_deleted,byte-identical full_text; discarded source_url: https://doha.ogc.osd.mil/Industrial-Security-Program/Industrial-Security-Clearance-Decisions/DOHA-Appeal-Board/Archived-DOHA-Appeal-Board/2016-and-Prior-DOHA-Appeal-Board/2016-and-Prior-DOHA-Appeal-Board-3/FileId/154812/
04-02030,appeal,true_duplicate_deleted,byte-identical full_text; discarded source_url: https://doha.ogc.osd.mil/Industrial-Security-Program/Industrial-Security-Clearance-Decisions/DOHA-Appeal-Board/Archived-DOHA-Appeal-Board/2016-and-Prior-DOHA-Appeal-Board/2016-and-Prior-DOHA-Appeal-Board-3/FileId/154810/
04-02058,appeal,true_duplicate_deleted,byte-identical full_text; discarded source_url: https://doha.ogc.osd.mil/Industrial-Security-Program/Industrial-Security-Clearance-Decisions/DOHA-Appeal-Board/Archived-DOHA-Appeal-Board/2016-and-Prior-DOHA-Appeal-Board/2016-and-Prior-DOHA-Appeal-Board-3/FileId/154814/
04-02181,appeal,true_duplicate_deleted,byte-identical full_text; discarded source_url: https://doha.ogc.osd.mil/Industrial-Security-Program/Industrial-Security-Clearance-Decisions/DOHA-Appeal-Board/Archived-DOHA-Appeal-Board/2016-and-Prior-DOHA-Appeal-Board/2016-and-Prior-DOHA-Appeal-Board-3/FileId/154815/
04-02233,appeal,true_duplicate_deleted,byte-identical full_text; discarded source_url: https://doha.ogc.osd.mil/Industrial-Security-Program/Industrial-Security-Clearance-Decisions/DOHA-Appeal-Board/Archived-DOHA-Appeal-Board/2016-and-Prior-DOHA-Appeal-Board/2016-and-Prior-DOHA-Appeal-Board-3/FileId/154825/
04-02613,appeal,true_duplicate_deleted,byte-identical full_text; discarded source_url: https://doha.ogc.osd.mil/Industrial-Security-Program/Industrial-Security-Clearance-Decisions/DOHA-Appeal-Board/Archived-DOHA-Appeal-Board/2016-and-Prior-DOHA-Appeal-Board/2016-and-Prior-DOHA-Appeal-Board-3/FileId/154822/
04-02634,appeal,true_duplicate_deleted,byte-identical full_text; discarded source_url: https://doha.ogc.osd.mil/Industrial-Security-Program/Industrial-Security-Clearance-Decisions/DOHA-Appeal-Board/Archived-DOHA-Appeal-Board/2016-and-Prior-DOHA-Appeal-Board/2016-and-Prior-DOHA-Appeal-Board-3/FileId/154820/
04-02757,appeal,true_duplicate_deleted,byte-identical full_text; discarded source_url: https://doha.ogc.osd.mil/Industrial-Security-Program/Industrial-Security-Clearance-Decisions/DOHA-Appeal-Board/Archived-DOHA-Appeal-Board/2016-and-Prior-DOHA-Appeal-Board/2016-and-Prior-DOHA-Appeal-Board-3/FileId/154821/
04-02928,appeal,true_duplicate_deleted,byte-identical full_text; discarded source_url: https://doha.ogc.osd.mil/Industrial-Security-Program/Industrial-Security-Clearance-Decisions/DOHA-Appeal-Board/Archived-DOHA-Appeal-Board/2016-and-Prior-DOHA-Appeal-Board/2016-and-Prior-DOHA-Appeal-Board-3/FileId/154816/
04-02983,appeal,true_duplicate_deleted,byte-identical full_text; discarded source_url: https://doha.ogc.osd.mil/Industrial-Security-Program/Industrial-Security-Clearance-Decisions/DOHA-Appeal-Board/Archived-DOHA-Appeal-Board/2016-and-Prior-DOHA-Appeal-Board/2016-and-Prior-DOHA-Appeal-Board-3/FileId/154823/
04-03289,appeal,true_duplicate_deleted,byte-identical full_text; discarded source_url: https://doha.ogc.osd.mil/Industrial-Security-Program/Industrial-Security-Clearance-Decisions/DOHA-Appeal-Board/Archived-DOHA-Appeal-Board/2016-and-Prior-DOHA-Appeal-Board/2016-and-Prior-DOHA-Appeal-Board-3/FileId/154824/
04-03215,appeal,true_duplicate_deleted,byte-identical full_text; discarded source_url: https://doha.ogc.osd.mil/Industrial-Security-Program/Industrial-Security-Clearance-Decisions/DOHA-Appeal-Board/Archived-DOHA-Appeal-Board/2016-and-Prior-DOHA-Appeal-Board/2016-and-Prior-DOHA-Appeal-Board-3/FileId/154817/
04-03412,appeal,true_duplicate_deleted,byte-identical full_text; discarded source_url: https://doha.ogc.osd.mil/Industrial-Security-Program/Industrial-Security-Clearance-Decisions/DOHA-Appeal-Board/Archived-DOHA-Appeal-Board/2016-and-Prior-DOHA-Appeal-Board/2016-and-Prior-DOHA-Appeal-Board-3/FileId/154818/
04-03485,appeal,true_duplicate_deleted,byte-identical full_text; discarded source_url: https://doha.ogc.osd.mil/Industrial-Security-Program/Industrial-Security-Clearance-Decisions/DOHA-Appeal-Board/Archived-DOHA-Appeal-Board/2016-and-Prior-DOHA-Appeal-Board/2016-and-Prior-DOHA-Appeal-Board-3/FileId/154819/
04-03720,appeal,true_duplicate_deleted,byte-identical full_text; discarded source_url: https://doha.ogc.osd.mil/Industrial-Security-Program/Industrial-Security-Clearance-Decisions/DOHA-Appeal-Board/Archived-DOHA-Appeal-Board/2016-and-Prior-DOHA-Appeal-Board/2016-and-Prior-DOHA-Appeal-Board-3/FileId/154826/
04-03735,appeal,true_duplicate_deleted,byte-identical full_text; discarded source_url: https://doha.ogc.osd.mil/Industrial-Security-Program/Industrial-Security-Clearance-Decisions/DOHA-Appeal-Board/Archived-DOHA-Appeal-Board/2016-and-Prior-DOHA-Appeal-Board/2016-and-Prior-DOHA-Appeal-Board-3/FileId/154828/
04-03795,appeal,true_duplicate_deleted,byte-identical full_text; discarded source_url: https://doha.ogc.osd.mil/Industrial-Security-Program/Industrial-Security-Clearance-Decisions/DOHA-Appeal-Board/Archived-DOHA-Appeal-Board/2016-and-Prior-DOHA-Appeal-Board/2016-and-Prior-DOHA-Appeal-Board-3/FileId/154829/
04-03849,appeal,true_duplicate_deleted,byte-identical full_text; discarded source_url: https://doha.ogc.osd.mil/Industrial-Security-Program/Industrial-Security-Clearance-Decisions/DOHA-Appeal-Board/Archived-DOHA-Appeal-Board/2016-and-Prior-DOHA-Appeal-Board/2016-and-Prior-DOHA-Appeal-Board-3/FileId/154830/
04-03907,appeal,true_duplicate_deleted,byte-identical full_text; discarded source_url: https://doha.ogc.osd.mil/Industrial-Security-Program/Industrial-Security-Clearance-Decisions/DOHA-Appeal-Board/Archived-DOHA-Appeal-Board/2016-and-Prior-DOHA-Appeal-Board/2016-and-Prior-DOHA-Appeal-Board-3/FileId/154827/
04-04004,appeal,true_duplicate_deleted,byte-identical full_text; discarded source_url: https://doha.ogc.osd.mil/Industrial-Security-Program/Industrial-Security-Clearance-Decisions/DOHA-Appeal-Board/Archived-DOHA-Appeal-Board/2016-and-Prior-DOHA-Appeal-Board/2016-and-Prior-DOHA-Appeal-Board-3/FileId/154831/
04-04008,appeal,true_duplicate_deleted,byte-identical full_text; discarded source_url: https://doha.ogc.osd.mil/Industrial-Security-Program/Industrial-Security-Clearance-Decisions/DOHA-Appeal-Board/Archived-DOHA-Appeal-Board/2016-and-Prior-DOHA-Appeal-Board/2016-and-Prior-DOHA-Appeal-Board-3/FileId/154833/
04-04132,appeal,true_duplicate_deleted,byte-identical full_text; discarded source_url: https://doha.ogc.osd.mil/Industrial-Security-Program/Industrial-Security-Clearance-Decisions/DOHA-Appeal-Board/Archived-DOHA-Appeal-Board/2016-and-Prior-DOHA-Appeal-Board/2016-and-Prior-DOHA-Appeal-Board-3/FileId/154832/
04-04112,appeal,true_duplicate_deleted,byte-identical full_text; discarded source_url: https://doha.ogc.osd.mil/Industrial-Security-Program/Industrial-Security-Clearance-Decisions/DOHA-Appeal-Board/Archived-DOHA-Appeal-Board/2016-and-Prior-DOHA-Appeal-Board/2016-and-Prior-DOHA-Appeal-Board-3/FileId/154836/
04-04324,appeal,true_duplicate_deleted,byte-identical full_text; discarded source_url: https://doha.ogc.osd.mil/Industrial-Security-Program/Industrial-Security-Clearance-Decisions/DOHA-Appeal-Board/Archived-DOHA-Appeal-Board/2016-and-Prior-DOHA-Appeal-Board/2016-and-Prior-DOHA-Appeal-Board-3/FileId/154837/
04-04302,appeal,true_duplicate_deleted,byte-identical full_text; discarded source_url: https://doha.ogc.osd.mil/Industrial-Security-Program/Industrial-Security-Clearance-Decisions/DOHA-Appeal-Board/Archived-DOHA-Appeal-Board/2016-and-Prior-DOHA-Appeal-Board/2016-and-Prior-DOHA-Appeal-Board-3/FileId/154835/
04-04451,appeal,true_duplicate_deleted,byte-identical full_text; discarded source_url: https://doha.ogc.osd.mil/Industrial-Security-Program/Industrial-Security-Clearance-Decisions/DOHA-Appeal-Board/Archived-DOHA-Appeal-Board/2016-and-Prior-DOHA-Appeal-Board/2016-and-Prior-DOHA-Appeal-Board-3/FileId/154838/
04-04543,appeal,true_duplicate_deleted,byte-identical full_text; discarded source_url: https://doha.ogc.osd.mil/Industrial-Security-Program/Industrial-Security-Clearance-Decisions/DOHA-Appeal-Board/Archived-DOHA-Appeal-Board/2016-and-Prior-DOHA-Appeal-Board/2016-and-Prior-DOHA-Appeal-Board-3/FileId/154842/
04-04509,appeal,true_duplicate_deleted,byte-identical full_text; discarded source_url: https://doha.ogc.osd.mil/Industrial-Security-Program/Industrial-Security-Clearance-Decisions/DOHA-Appeal-Board/Archived-DOHA-Appeal-Board/2016-and-Prior-DOHA-Appeal-Board/2016-and-Prior-DOHA-Appeal-Board-3/FileId/154839/
04-04623,appeal,true_duplicate_deleted,byte-identical full_text; discarded source_url: https://doha.ogc.osd.mil/Industrial-Security-Program/Industrial-Security-Clearance-Decisions/DOHA-Appeal-Board/Archived-DOHA-Appeal-Board/2016-and-Prior-DOHA-Appeal-Board/2016-and-Prior-DOHA-Appeal-Board-3/FileId/154840/
04-05204,appeal,true_duplicate_deleted,byte-identical full_text; discarded source_url: https://doha.ogc.osd.mil/Industrial-Security-Program/Industrial-Security-Clearance-Decisions/DOHA-Appeal-Board/Archived-DOHA-Appeal-Board/2016-and-Prior-DOHA-Appeal-Board/2016-and-Prior-DOHA-Appeal-Board-3/FileId/154841/
04-05272,appeal,true_duplicate_deleted,byte-identical full_text; discarded source_url: https://doha.ogc.osd.mil/Industrial-Security-Program/Industrial-Security-Clearance-Decisions/DOHA-Appeal-Board/Archived-DOHA-Appeal-Board/2016-and-Prior-DOHA-Appeal-Board/2016-and-Prior-DOHA-Appeal-Board-3/FileId/154843/
04-05268,appeal,true_duplicate_deleted,byte-identical full_text; discarded source_url: https://doha.ogc.osd.mil/Industrial-Security-Program/Industrial-Security-Clearance-Decisions/DOHA-Appeal-Board/Archived-DOHA-Appeal-Board/2016-and-Prior-DOHA-Appeal-Board/2016-and-Prior-DOHA-Appeal-Board-3/FileId/154844/
04-05317,appeal,true_duplicate_deleted,byte-identical full_text; discarded source_url: https://doha.ogc.osd.mil/Industrial-Security-Program/Industrial-Security-Clearance-Decisions/DOHA-Appeal-Board/Archived-DOHA-Appeal-Board/2016-and-Prior-DOHA-Appeal-Board/2016-and-Prior-DOHA-Appeal-Board-3/FileId/154846/
04-05414,appeal,true_duplicate_deleted,byte-identical full_text; discarded source_url: https://doha.ogc.osd.mil/Industrial-Security-Program/Industrial-Security-Clearance-Decisions/DOHA-Appeal-Board/Archived-DOHA-Appeal-Board/2016-and-Prior-DOHA-Appeal-Board/2016-and-Prior-DOHA-Appeal-Board-3/FileId/154852/
04-05350,appeal,true_duplicate_deleted,byte-identical full_text; discarded source_url: https://doha.ogc.osd.mil/Industrial-Security-Program/Industrial-Security-Clearance-Decisions/DOHA-Appeal-Board/Archived-DOHA-Appeal-Board/2016-and-Prior-DOHA-Appeal-Board/2016-and-Prior-DOHA-Appeal-Board-3/FileId/154845/
04-05612,appeal,true_duplicate_deleted,byte-identical full_text; discarded source_url: https://doha.ogc.osd.mil/Industrial-Security-Program/Industrial-Security-Clearance-Decisions/DOHA-Appeal-Board/Archived-DOHA-Appeal-Board/2016-and-Prior-DOHA-Appeal-Board/2016-and-Prior-DOHA-Appeal-Board-3/FileId/154849/
04-05673,appeal,true_duplicate_deleted,byte-identical full_text; discarded source_url: https://doha.ogc.osd.mil/Industrial-Security-Program/Industrial-Security-Clearance-Decisions/DOHA-Appeal-Board/Archived-DOHA-Appeal-Board/2016-and-Prior-DOHA-Appeal-Board/2016-and-Prior-DOHA-Appeal-Board-3/FileId/154850/
04-05712,appeal,true_duplicate_deleted,byte-identical full_text; discarded source_url: https://doha.ogc.osd.mil/Industrial-Security-Program/Industrial-Security-Clearance-Decisions/DOHA-Appeal-Board/Archived-DOHA-Appeal-Board/2016-and-Prior-DOHA-Appeal-Board/2016-and-Prior-DOHA-Appeal-Board-3/FileId/154855/
04-05829,appeal,true_duplicate_deleted,byte-identical full_text; discarded source_url: https://doha.ogc.osd.mil/Industrial-Security-Program/Industrial-Security-Clearance-Decisions/DOHA-Appeal-Board/Archived-DOHA-Appeal-Board/2016-and-Prior-DOHA-Appeal-Board/2016-and-Prior-DOHA-Appeal-Board-3/FileId/154851/
04-06197,appeal,true_duplicate_deleted,byte-identical full_text; discarded source_url: https://doha.ogc.osd.mil/Industrial-Security-Program/Industrial-Security-Clearance-Decisions/DOHA-Appeal-Board/Archived-DOHA-Appeal-Board/2016-and-Prior-DOHA-Appeal-Board/2016-and-Prior-DOHA-Appeal-Board-3/FileId/154847/
04-06248,appeal,true_duplicate_deleted,byte-identical full_text; discarded source_url: https://doha.ogc.osd.mil/Industrial-Security-Program/Industrial-Security-Clearance-Decisions/DOHA-Appeal-Board/Archived-DOHA-Appeal-Board/2016-and-Prior-DOHA-Appeal-Board/2016-and-Prior-DOHA-Appeal-Board-3/FileId/154853/
04-06386,appeal,true_duplicate_deleted,byte-identical full_text; discarded source_url: https://doha.ogc.osd.mil/Industrial-Security-Program/Industrial-Security-Clearance-Decisions/DOHA-Appeal-Board/Archived-DOHA-Appeal-Board/2016-and-Prior-DOHA-Appeal-Board/2016-and-Prior-DOHA-Appeal-Board-3/FileId/154856/
04-06409,appeal,true_duplicate_deleted,byte-identical full_text; discarded source_url: https://doha.ogc.osd.mil/Industrial-Security-Program/Industrial-Security-Clearance-Decisions/DOHA-Appeal-Board/Archived-DOHA-Appeal-Board/2016-and-Prior-DOHA-Appeal-Board/2016-and-Prior-DOHA-Appeal-Board-3/FileId/154857/
04-06501,appeal,true_duplicate_deleted,byte-identical full_text; discarded source_url: https://doha.ogc.osd.mil/Industrial-Security-Program/Industrial-Security-Clearance-Decisions/DOHA-Appeal-Board/Archived-DOHA-Appeal-Board/2016-and-Prior-DOHA-Appeal-Board/2016-and-Prior-DOHA-Appeal-Board-3/FileId/154854/
04-06242,appeal,true_duplicate_deleted,byte-identical full_text; discarded source_url: https://doha.ogc.osd.mil/Industrial-Security-Program/Industrial-Security-Clearance-Decisions/DOHA-Appeal-Board/Archived-DOHA-Appeal-Board/2016-and-Prior-DOHA-Appeal-Board/2016-and-Prior-DOHA-Appeal-Board-3/FileId/154848/
04-06517,appeal,true_duplicate_deleted,byte-identical full_text; discarded source_url: https://doha.ogc.osd.mil/Industrial-Security-Program/Industrial-Security-Clearance-Decisions/DOHA-Appeal-Board/Archived-DOHA-Appeal-Board/2016-and-Prior-DOHA-Appeal-Board/2016-and-Prior-DOHA-Appeal-Board-3/FileId/154862/
04-06544,appeal,true_duplicate_deleted,byte-identical full_text; discarded source_url: https://doha.ogc.osd.mil/Industrial-Security-Program/Industrial-Security-Clearance-Decisions/DOHA-Appeal-Board/Archived-DOHA-Appeal-Board/2016-and-Prior-DOHA-Appeal-Board/2016-and-Prior-DOHA-Appeal-Board-3/FileId/154860/
04-06564,appeal,true_duplicate_deleted,byte-identical full_text; discarded source_url: https://doha.ogc.osd.mil/Industrial-Security-Program/Industrial-Security-Clearance-Decisions/DOHA-Appeal-Board/Archived-DOHA-Appeal-Board/2016-and-Prior-DOHA-Appeal-Board/2016-and-Prior-DOHA-Appeal-Board-3/FileId/154861/
04-06807,appeal,true_duplicate_deleted,byte-identical full_text; discarded source_url: https://doha.ogc.osd.mil/Industrial-Security-Program/Industrial-Security-Clearance-Decisions/DOHA-Appeal-Board/Archived-DOHA-Appeal-Board/2016-and-Prior-DOHA-Appeal-Board/2016-and-Prior-DOHA-Appeal-Board-3/FileId/154858/
04-07187,appeal,true_duplicate_deleted,byte-identical full_text; discarded source_url: https://doha.ogc.osd.mil/Industrial-Security-Program/Industrial-Security-Clearance-Decisions/DOHA-Appeal-Board/Archived-DOHA-Appeal-Board/2016-and-Prior-DOHA-Appeal-Board/2016-and-Prior-DOHA-Appeal-Board-3/FileId/154864/
04-07384,appeal,true_duplicate_deleted,byte-identical full_text; discarded source_url: https://doha.ogc.osd.mil/Industrial-Security-Program/Industrial-Security-Clearance-Decisions/DOHA-Appeal-Board/Archived-DOHA-Appeal-Board/2016-and-Prior-DOHA-Appeal-Board/2016-and-Prior-DOHA-Appeal-Board-3/FileId/154859/
04-07360,appeal,true_duplicate_deleted,byte-identical full_text; discarded source_url: https://doha.ogc.osd.mil/Industrial-Security-Program/Industrial-Security-Clearance-Decisions/DOHA-Appeal-Board/Archived-DOHA-Appeal-Board/2016-and-Prior-DOHA-Appeal-Board/2016-and-Prior-DOHA-Appeal-Board-3/FileId/154863/
04-07513,appeal,true_duplicate_deleted,byte-identical full_text; discarded source_url: https://doha.ogc.osd.mil/Industrial-Security-Program/Industrial-Security-Clearance-Decisions/DOHA-Appeal-Board/Archived-DOHA-Appeal-Board/2016-and-Prior-DOHA-Appeal-Board/2016-and-Prior-DOHA-Appeal-Board-3/FileId/154865/
04-07703,appeal,true_duplicate_deleted,byte-identical full_text; discarded source_url: https://doha.ogc.osd.mil/Industrial-Security-Program/Industrial-Security-Clearance-Decisions/DOHA-Appeal-Board/Archived-DOHA-Appeal-Board/2016-and-Prior-DOHA-Appeal-Board/2016-and-Prior-DOHA-Appeal-Board-3/FileId/154866/
04-07714,appeal,true_duplicate_deleted,byte-identical full_text; discarded source_url: https://doha.ogc.osd.mil/Industrial-Security-Program/Industrial-Security-Clearance-Decisions/DOHA-Appeal-Board/Archived-DOHA-Appeal-Board/2016-and-Prior-DOHA-Appeal-Board/2016-and-Prior-DOHA-Appeal-Board-3/FileId/154873/
04-07766,appeal,true_duplicate_deleted,byte-identical full_text; discarded source_url: https://doha.ogc.osd.mil/Industrial-Security-Program/Industrial-Security-Clearance-Decisions/DOHA-Appeal-Board/Archived-DOHA-Appeal-Board/2016-and-Prior-DOHA-Appeal-Board/2016-and-Prior-DOHA-Appeal-Board-3/FileId/154868/
04-08027,appeal,true_duplicate_deleted,byte-identical full_text; discarded source_url: https://doha.ogc.osd.mil/Industrial-Security-Program/Industrial-Security-Clearance-Decisions/DOHA-Appeal-Board/Archived-DOHA-Appeal-Board/2016-and-Prior-DOHA-Appeal-Board/2016-and-Prior-DOHA-Appeal-Board-3/FileId/154871/
04-07825,appeal,true_duplicate_deleted,byte-identical full_text; discarded source_url: https://doha.ogc.osd.mil/Industrial-Security-Program/Industrial-Security-Clearance-Decisions/DOHA-Appeal-Board/Archived-DOHA-Appeal-Board/2016-and-Prior-DOHA-Appeal-Board/2016-and-Prior-DOHA-Appeal-Board-3/FileId/154872/
04-07831,appeal,true_duplicate_deleted,byte-identical full_text; discarded source_url: https://doha.ogc.osd.mil/Industrial-Security-Program/Industrial-Security-Clearance-Decisions/DOHA-Appeal-Board/Archived-DOHA-Appeal-Board/2016-and-Prior-DOHA-Appeal-Board/2016-and-Prior-DOHA-Appeal-Board-3/FileId/154874/
04-08124,appeal,true_duplicate_deleted,byte-identical full_text; discarded source_url: https://doha.ogc.osd.mil/Industrial-Security-Program/Industrial-Security-Clearance-Decisions/DOHA-Appeal-Board/Archived-DOHA-Appeal-Board/2016-and-Prior-DOHA-Appeal-Board/2016-and-Prior-DOHA-Appeal-Board-3/FileId/154870/
04-07749,appeal,true_duplicate_deleted,byte-identical full_text; discarded source_url: https://doha.ogc.osd.mil/Industrial-Security-Program/Industrial-Security-Clearance-Decisions/DOHA-Appeal-Board/Archived-DOHA-Appeal-Board/2016-and-Prior-DOHA-Appeal-Board/2016-and-Prior-DOHA-Appeal-Board-3/FileId/154869/
04-08134,appeal,true_duplicate_deleted,byte-identical full_text; discarded source_url: https://doha.ogc.osd.mil/Industrial-Security-Program/Industrial-Security-Clearance-Decisions/DOHA-Appeal-Board/Archived-DOHA-Appeal-Board/2016-and-Prior-DOHA-Appeal-Board/2016-and-Prior-DOHA-Appeal-Board-3/FileId/154875/
04-08218,appeal,true_duplicate_deleted,byte-identical full_text; discarded source_url: https://doha.ogc.osd.mil/Industrial-Security-Program/Industrial-Security-Clearance-Decisions/DOHA-Appeal-Board/Archived-DOHA-Appeal-Board/2016-and-Prior-DOHA-Appeal-Board/2016-and-Prior-DOHA-Appeal-Board-3/FileId/154877/
04-08269,appeal,true_duplicate_deleted,byte-identical full_text; discarded source_url: https://doha.ogc.osd.mil/Industrial-Security-Program/Industrial-Security-Clearance-Decisions/DOHA-Appeal-Board/Archived-DOHA-Appeal-Board/2016-and-Prior-DOHA-Appeal-Board/2016-and-Prior-DOHA-Appeal-Board-3/FileId/154876/
04-08312,appeal,true_duplicate_deleted,byte-identical full_text; discarded source_url: https://doha.ogc.osd.mil/Industrial-Security-Program/Industrial-Security-Clearance-Decisions/DOHA-Appeal-Board/Archived-DOHA-Appeal-Board/2016-and-Prior-DOHA-Appeal-Board/2016-and-Prior-DOHA-Appeal-Board-3/FileId/154878/
04-08560,appeal,true_duplicate_deleted,byte-identical full_text; discarded source_url: https://doha.ogc.osd.mil/Industrial-Security-Program/Industrial-Security-Clearance-Decisions/DOHA-Appeal-Board/Archived-DOHA-Appeal-Board/2016-and-Prior-DOHA-Appeal-Board/2016-and-Prior-DOHA-Appeal-Board-3/FileId/154882/
04-08623,appeal,true_duplicate_deleted,byte-identical full_text; discarded source_url: https://doha.ogc.osd.mil/Industrial-Security-Program/Industrial-Security-Clearance-Decisions/DOHA-Appeal-Board/Archived-DOHA-Appeal-Board/2016-and-Prior-DOHA-Appeal-Board/2016-and-Prior-DOHA-Appeal-Board-3/FileId/154884/
04-08824,appeal,true_duplicate_deleted,byte-identical full_text; discarded source_url: https://doha.ogc.osd.mil/Industrial-Security-Program/Industrial-Security-Clearance-Decisions/DOHA-Appeal-Board/Archived-DOHA-Appeal-Board/2016-and-Prior-DOHA-Appeal-Board/2016-and-Prior-DOHA-Appeal-Board-3/FileId/154880/
04-08867,appeal,true_duplicate_deleted,byte-identical full_text; discarded source_url: https://doha.ogc.osd.mil/Industrial-Security-Program/Industrial-Security-Clearance-Decisions/DOHA-Appeal-Board/Archived-DOHA-Appeal-Board/2016-and-Prior-DOHA-Appeal-Board/2016-and-Prior-DOHA-Appeal-Board-3/FileId/154879/
04-08870,appeal,true_duplicate_deleted,byte-identical full_text; discarded source_url: https://doha.ogc.osd.mil/Industrial-Security-Program/Industrial-Security-Clearance-Decisions/DOHA-Appeal-Board/Archived-DOHA-Appeal-Board/2016-and-Prior-DOHA-Appeal-Board/2016-and-Prior-DOHA-Appeal-Board-3/FileId/154883/
04-08934,appeal,true_duplicate_deleted,byte-identical full_text; discarded source_url: https://doha.ogc.osd.mil/Industrial-Security-Program/Industrial-Security-Clearance-Decisions/DOHA-Appeal-Board/Archived-DOHA-Appeal-Board/2016-and-Prior-DOHA-Appeal-Board/2016-and-Prior-DOHA-Appeal-Board-3/FileId/154886/
04-08975,appeal,true_duplicate_deleted,byte-identical full_text; discarded source_url: https://doha.ogc.osd.mil/Industrial-Security-Program/Industrial-Security-Clearance-Decisions/DOHA-Appeal-Board/Archived-DOHA-Appeal-Board/2016-and-Prior-DOHA-Appeal-Board/2016-and-Prior-DOHA-Appeal-Board-3/FileId/154885/
04-09036,appeal,true_duplicate_deleted,byte-identical full_text; discarded source_url: https://doha.ogc.osd.mil/Industrial-Security-Program/Industrial-Security-Clearance-Decisions/DOHA-Appeal-Board/Archived-DOHA-Appeal-Board/2016-and-Prior-DOHA-Appeal-Board/2016-and-Prior-DOHA-Appeal-Board-3/FileId/154881/
04-09239,appeal,true_duplicate_deleted,byte-identical full_text; discarded source_url: https://doha.ogc.osd.mil/Industrial-Security-Program/Industrial-Security-Clearance-Decisions/DOHA-Appeal-Board/Archived-DOHA-Appeal-Board/2016-and-Prior-DOHA-Appeal-Board/2016-and-Prior-DOHA-Appeal-Board-3/FileId/154887/
04-09248,appeal,true_duplicate_deleted,byte-identical full_text; discarded source_url: https://doha.ogc.osd.mil/Industrial-Security-Program/Industrial-Security-Clearance-Decisions/DOHA-Appeal-Board/Archived-DOHA-Appeal-Board/2016-and-Prior-DOHA-Appeal-Board/2016-and-Prior-DOHA-Appeal-Board-3/FileId/154888/
04-09488,appeal,true_duplicate_deleted,byte-identical full_text; discarded source_url: https://doha.ogc.osd.mil/Industrial-Security-Program/Industrial-Security-Clearance-Decisions/DOHA-Appeal-Board/Archived-DOHA-Appeal-Board/2016-and-Prior-DOHA-Appeal-Board/2016-and-Prior-DOHA-Appeal-Board-3/FileId/154889/
04-09541,appeal,true_duplicate_deleted,byte-identical full_text; discarded source_url: https://doha.ogc.osd.mil/Industrial-Security-Program/Industrial-Security-Clearance-Decisions/DOHA-Appeal-Board/Archived-DOHA-Appeal-Board/2016-and-Prior-DOHA-Appeal-Board/2016-and-Prior-DOHA-Appeal-Board-3/FileId/154890/
04-09684,appeal,true_duplicate_deleted,byte-identical full_text; discarded source_url: https://doha.ogc.osd.mil/Industrial-Security-Program/Industrial-Security-Clearance-Decisions/DOHA-Appeal-Board/Archived-DOHA-Appeal-Board/2016-and-Prior-DOHA-Appeal-Board/2016-and-Prior-DOHA-Appeal-Board-3/FileId/154891/
04-10249,appeal,true_duplicate_deleted,byte-identical full_text; discarded source_url: https://doha.ogc.osd.mil/Industrial-Security-Program/Industrial-Security-Clearance-Decisions/DOHA-Appeal-Board/Archived-DOHA-Appeal-Board/2016-and-Prior-DOHA-Appeal-Board/2016-and-Prior-DOHA-Appeal-Board-3/FileId/154896/
04-09959,appeal,true_duplicate_deleted,byte-identical full_text; discarded source_url: https://doha.ogc.osd.mil/Industrial-Security-Program/Industrial-Security-Clearance-Decisions/DOHA-Appeal-Board/Archived-DOHA-Appeal-Board/2016-and-Prior-DOHA-Appeal-Board/2016-and-Prior-DOHA-Appeal-Board-3/FileId/154897/
04-10340,appeal,true_duplicate_deleted,byte-identical full_text; discarded source_url: https://doha.ogc.osd.mil/Industrial-Security-Program/Industrial-Security-Clearance-Decisions/DOHA-Appeal-Board/Archived-DOHA-Appeal-Board/2016-and-Prior-DOHA-Appeal-Board/2016-and-Prior-DOHA-Appeal-Board-3/FileId/154898/
04-10381,appeal,true_duplicate_deleted,byte-identical full_text; discarded source_url: https://doha.ogc.osd.mil/Industrial-Security-Program/Industrial-Security-Clearance-Decisions/DOHA-Appeal-Board/Archived-DOHA-Appeal-Board/2016-and-Prior-DOHA-Appeal-Board/2016-and-Prior-DOHA-Appeal-Board-3/FileId/154894/
04-10454,appeal,true_duplicate_deleted,byte-identical full_text; discarded source_url: https://doha.ogc.osd.mil/Industrial-Security-Program/Industrial-Security-Clearance-Decisions/DOHA-Appeal-Board/Archived-DOHA-Appeal-Board/2016-and-Prior-DOHA-Appeal-Board/2016-and-Prior-DOHA-Appeal-Board-3/FileId/154899/
04-10509,appeal,true_duplicate_deleted,byte-identical full_text; discarded source_url: https://doha.ogc.osd.mil/Industrial-Security-Program/Industrial-Security-Clearance-Decisions/DOHA-Appeal-Board/Archived-DOHA-Appeal-Board/2016-and-Prior-DOHA-Appeal-Board/2016-and-Prior-DOHA-Appeal-Board-3/FileId/154892/
04-10538,appeal,true_duplicate_deleted,byte-identical full_text; discarded source_url: https://doha.ogc.osd.mil/Industrial-Security-Program/Industrial-Security-Clearance-Decisions/DOHA-Appeal-Board/Archived-DOHA-Appeal-Board/2016-and-Prior-DOHA-Appeal-Board/2016-and-Prior-DOHA-Appeal-Board-3/FileId/154893/
04-10626,appeal,true_duplicate_deleted,byte-identical full_text; discarded source_url: https://doha.ogc.osd.mil/Industrial-Security-Program/Industrial-Security-Clearance-Decisions/DOHA-Appeal-Board/Archived-DOHA-Appeal-Board/2016-and-Prior-DOHA-Appeal-Board/2016-and-Prior-DOHA-Appeal-Board-3/FileId/154895/
04-10671,appeal,true_duplicate_deleted,byte-identical full_text; discarded source_url: https://doha.ogc.osd.mil/Industrial-Security-Program/Industrial-Security-Clearance-Decisions/DOHA-Appeal-Board/Archived-DOHA-Appeal-Board/2016-and-Prior-DOHA-Appeal-Board/2016-and-Prior-DOHA-Appeal-Board-3/FileId/154900/
04-10888,appeal,true_duplicate_deleted,byte-identical full_text; discarded source_url: https://doha.ogc.osd.mil/Industrial-Security-Program/Industrial-Security-Clearance-Decisions/DOHA-Appeal-Board/Archived-DOHA-Appeal-Board/2016-and-Prior-DOHA-Appeal-Board/2016-and-Prior-DOHA-Appeal-Board-3/FileId/154903/
04-10821,appeal,true_duplicate_deleted,byte-identical full_text; discarded source_url: https://doha.ogc.osd.mil/Industrial-Security-Program/Industrial-Security-Clearance-Decisions/DOHA-Appeal-Board/Archived-DOHA-Appeal-Board/2016-and-Prior-DOHA-Appeal-Board/2016-and-Prior-DOHA-Appeal-Board-3/FileId/154901/
04-11041,appeal,true_duplicate_deleted,byte-identical full_text; discarded source_url: https://doha.ogc.osd.mil/Industrial-Security-Program/Industrial-Security-Clearance-Decisions/DOHA-Appeal-Board/Archived-DOHA-Appeal-Board/2016-and-Prior-DOHA-Appeal-Board/2016-and-Prior-DOHA-Appeal-Board-3/FileId/154905/
04-11112,appeal,true_duplicate_deleted,byte-identical full_text; discarded source_url: https://doha.ogc.osd.mil/Industrial-Security-Program/Industrial-Security-Clearance-Decisions/DOHA-Appeal-Board/Archived-DOHA-Appeal-Board/2016-and-Prior-DOHA-Appeal-Board/2016-and-Prior-DOHA-Appeal-Board-3/FileId/154908/
04-11381,appeal,true_duplicate_deleted,byte-identical full_text; discarded source_url: https://doha.ogc.osd.mil/Industrial-Security-Program/Industrial-Security-Clearance-Decisions/DOHA-Appeal-Board/Archived-DOHA-Appeal-Board/2016-and-Prior-DOHA-Appeal-Board/2016-and-Prior-DOHA-Appeal-Board-3/FileId/154906/
04-11463,appeal,true_duplicate_deleted,byte-identical full_text; discarded source_url: https://doha.ogc.osd.mil/Industrial-Security-Program/Industrial-Security-Clearance-Decisions/DOHA-Appeal-Board/Archived-DOHA-Appeal-Board/2016-and-Prior-DOHA-Appeal-Board/2016-and-Prior-DOHA-Appeal-Board-3/FileId/154913/
04-11571,appeal,true_duplicate_deleted,byte-identical full_text; discarded source_url: https://doha.ogc.osd.mil/Industrial-Security-Program/Industrial-Security-Clearance-Decisions/DOHA-Appeal-Board/Archived-DOHA-Appeal-Board/2016-and-Prior-DOHA-Appeal-Board/2016-and-Prior-DOHA-Appeal-Board-3/FileId/154907/
04-11577,appeal,true_duplicate_deleted,byte-identical full_text; discarded source_url: https://doha.ogc.osd.mil/Industrial-Security-Program/Industrial-Security-Clearance-Decisions/DOHA-Appeal-Board/Archived-DOHA-Appeal-Board/2016-and-Prior-DOHA-Appeal-Board/2016-and-Prior-DOHA-Appeal-Board-3/FileId/154909/
04-11670,appeal,true_duplicate_deleted,byte-identical full_text; discarded source_url: https://doha.ogc.osd.mil/Industrial-Security-Program/Industrial-Security-Clearance-Decisions/DOHA-Appeal-Board/Archived-DOHA-Appeal-Board/2016-and-Prior-DOHA-Appeal-Board/2016-and-Prior-DOHA-Appeal-Board-3/FileId/154910/
04-11704,appeal,true_duplicate_deleted,byte-identical full_text; discarded source_url: https://doha.ogc.osd.mil/Industrial-Security-Program/Industrial-Security-Clearance-Decisions/DOHA-Appeal-Board/Archived-DOHA-Appeal-Board/2016-and-Prior-DOHA-Appeal-Board/2016-and-Prior-DOHA-Appeal-Board-3/FileId/154902/
04-11769,appeal,true_duplicate_deleted,byte-identical full_text; discarded source_url: https://doha.ogc.osd.mil/Industrial-Security-Program/Industrial-Security-Clearance-Decisions/DOHA-Appeal-Board/Archived-DOHA-Appeal-Board/2016-and-Prior-DOHA-Appeal-Board/2016-and-Prior-DOHA-Appeal-Board-3/FileId/154912/
04-11783,appeal,true_duplicate_deleted,byte-identical full_text; discarded source_url: https://doha.ogc.osd.mil/Industrial-Security-Program/Industrial-Security-Clearance-Decisions/DOHA-Appeal-Board/Archived-DOHA-Appeal-Board/2016-and-Prior-DOHA-Appeal-Board/2016-and-Prior-DOHA-Appeal-Board-3/FileId/154911/
04-11943,appeal,true_duplicate_deleted,byte-identical full_text; discarded source_url: https://doha.ogc.osd.mil/Industrial-Security-Program/Industrial-Security-Clearance-Decisions/DOHA-Appeal-Board/Archived-DOHA-Appeal-Board/2016-and-Prior-DOHA-Appeal-Board/2016-and-Prior-DOHA-Appeal-Board-3/FileId/154904/
04-11978,appeal,true_duplicate_deleted,byte-identical full_text; discarded source_url: https://doha.ogc.osd.mil/Industrial-Security-Program/Industrial-Security-Clearance-Decisions/DOHA-Appeal-Board/Archived-DOHA-Appeal-Board/2016-and-Prior-DOHA-Appeal-Board/2016-and-Prior-DOHA-Appeal-Board-3/FileId/154918/
04-12148,appeal,true_duplicate_deleted,byte-identical full_text; discarded source_url: https://doha.ogc.osd.mil/Industrial-Security-Program/Industrial-Security-Clearance-Decisions/DOHA-Appeal-Board/Archived-DOHA-Appeal-Board/2016-and-Prior-DOHA-Appeal-Board/2016-and-Prior-DOHA-Appeal-Board-3/FileId/154919/
04-12331,appeal,true_duplicate_deleted,byte-identical full_text; discarded source_url: https://doha.ogc.osd.mil/Industrial-Security-Program/Industrial-Security-Clearance-Decisions/DOHA-Appeal-Board/Archived-DOHA-Appeal-Board/2016-and-Prior-DOHA-Appeal-Board/2016-and-Prior-DOHA-Appeal-Board-3/FileId/154917/
04-12363,appeal,true_duplicate_deleted,byte-identical full_text; discarded source_url: https://doha.ogc.osd.mil/Industrial-Security-Program/Industrial-Security-Clearance-Decisions/DOHA-Appeal-Board/Archived-DOHA-Appeal-Board/2016-and-Prior-DOHA-Appeal-Board/2016-and-Prior-DOHA-Appeal-Board-3/FileId/154922/
04-12548,appeal,true_duplicate_deleted,byte-identical full_text; discarded source_url: https://doha.ogc.osd.mil/Industrial-Security-Program/Industrial-Security-Clearance-Decisions/DOHA-Appeal-Board/Archived-DOHA-Appeal-Board/2016-and-Prior-DOHA-Appeal-Board/2016-and-Prior-DOHA-Appeal-Board-3/FileId/154914/
04-12500,appeal,true_duplicate_deleted,byte-identical full_text; discarded source_url: https://doha.ogc.osd.mil/Industrial-Security-Program/Industrial-Security-Clearance-Decisions/DOHA-Appeal-Board/Archived-DOHA-Appeal-Board/2016-and-Prior-DOHA-Appeal-Board/2016-and-Prior-DOHA-Appeal-Board-3/FileId/154920/
04-12648,appeal,true_duplicate_deleted,byte-identical full_text; discarded source_url: https://doha.ogc.osd.mil/Industrial-Security-Program/Industrial-Security-Clearance-Decisions/DOHA-Appeal-Board/Archived-DOHA-Appeal-Board/2016-and-Prior-DOHA-Appeal-Board/2016-and-Prior-DOHA-Appeal-Board-3/FileId/154923/
04-12732,appeal,true_duplicate_deleted,byte-identical full_text; discarded source_url: https://doha.ogc.osd.mil/Industrial-Security-Program/Industrial-Security-Clearance-Decisions/DOHA-Appeal-Board/Archived-DOHA-Appeal-Board/2016-and-Prior-DOHA-Appeal-Board/2016-and-Prior-DOHA-Appeal-Board-3/FileId/154921/
04-12911,appeal,true_duplicate_deleted,byte-identical full_text; discarded source_url: https://doha.ogc.osd.mil/Industrial-Security-Program/Industrial-Security-Clearance-Decisions/DOHA-Appeal-Board/Archived-DOHA-Appeal-Board/2016-and-Prior-DOHA-Appeal-Board/2016-and-Prior-DOHA-Appeal-Board-3/FileId/154924/
04-12913,appeal,true_duplicate_deleted,byte-identical full_text; discarded source_url: https://doha.ogc.osd.mil/Industrial-Security-Program/Industrial-Security-Clearance-Decisions/DOHA-Appeal-Board/Archived-DOHA-Appeal-Board/2016-and-Prior-DOHA-Appeal-Board/2016-and-Prior-DOHA-Appeal-Board-3/FileId/154915/
04-12834,appeal,true_duplicate_deleted,byte-identical full_text; discarded source_url: https://doha.ogc.osd.mil/Industrial-Security-Program/Industrial-Security-Clearance-Decisions/DOHA-Appeal-Board/Archived-DOHA-Appeal-Board/2016-and-Prior-DOHA-Appeal-Board/2016-and-Prior-DOHA-Appeal-Board-3/FileId/154916/
05-00374,appeal,true_duplicate_deleted,byte-identical full_text; discarded source_url: https://doha.ogc.osd.mil/Industrial-Security-Program/Industrial-Security-Clearance-Decisions/DOHA-Appeal-Board/Archived-DOHA-Appeal-Board/2016-and-Prior-DOHA-Appeal-Board/2016-and-Prior-DOHA-Appeal-Board-3/FileId/154925/
05-00609,appeal,true_duplicate_deleted,byte-identical full_text; discarded source_url: https://doha.ogc.osd.mil/Industrial-Security-Program/Industrial-Security-Clearance-Decisions/DOHA-Appeal-Board/Archived-DOHA-Appeal-Board/2016-and-Prior-DOHA-Appeal-Board/2016-and-Prior-DOHA-Appeal-Board-3/FileId/154931/
05-00708,appeal,true_duplicate_deleted,byte-identical full_text; discarded source_url: https://doha.ogc.osd.mil/Industrial-Security-Program/Industrial-Security-Clearance-Decisions/DOHA-Appeal-Board/Archived-DOHA-Appeal-Board/2016-and-Prior-DOHA-Appeal-Board/2016-and-Prior-DOHA-Appeal-Board-3/FileId/154936/
05-00951,appeal,true_duplicate_deleted,byte-identical full_text; discarded source_url: https://doha.ogc.osd.mil/Industrial-Security-Program/Industrial-Security-Clearance-Decisions/DOHA-Appeal-Board/Archived-DOHA-Appeal-Board/2016-and-Prior-DOHA-Appeal-Board/2016-and-Prior-DOHA-Appeal-Board-3/FileId/154926/
05-01211,appeal,true_duplicate_deleted,byte-identical full_text; discarded source_url: https://doha.ogc.osd.mil/Industrial-Security-Program/Industrial-Security-Clearance-Decisions/DOHA-Appeal-Board/Archived-DOHA-Appeal-Board/2016-and-Prior-DOHA-Appeal-Board/2016-and-Prior-DOHA-Appeal-Board-3/FileId/154935/
05-01226,appeal,true_duplicate_deleted,byte-identical full_text; discarded source_url: https://doha.ogc.osd.mil/Industrial-Security-Program/Industrial-Security-Clearance-Decisions/DOHA-Appeal-Board/Archived-DOHA-Appeal-Board/2016-and-Prior-DOHA-Appeal-Board/2016-and-Prior-DOHA-Appeal-Board-3/FileId/154928/
05-01820,appeal,true_duplicate_deleted,byte-identical full_text; discarded source_url: https://doha.ogc.osd.mil/Industrial-Security-Program/Industrial-Security-Clearance-Decisions/DOHA-Appeal-Board/Archived-DOHA-Appeal-Board/2016-and-Prior-DOHA-Appeal-Board/2016-and-Prior-DOHA-Appeal-Board-3/FileId/154933/
05-01308,appeal,true_duplicate_deleted,byte-identical full_text; discarded source_url: https://doha.ogc.osd.mil/Industrial-Security-Program/Industrial-Security-Clearance-Decisions/DOHA-Appeal-Board/Archived-DOHA-Appeal-Board/2016-and-Prior-DOHA-Appeal-Board/2016-and-Prior-DOHA-Appeal-Board-3/FileId/154930/
05-01856,appeal,true_duplicate_deleted,byte-identical full_text; discarded source_url: https://doha.ogc.osd.mil/Industrial-Security-Program/Industrial-Security-Clearance-Decisions/DOHA-Appeal-Board/Archived-DOHA-Appeal-Board/2016-and-Prior-DOHA-Appeal-Board/2016-and-Prior-DOHA-Appeal-Board-3/FileId/154934/
05-01964,appeal,true_duplicate_deleted,byte-identical full_text; discarded source_url: https://doha.ogc.osd.mil/Industrial-Security-Program/Industrial-Security-Clearance-Decisions/DOHA-Appeal-Board/Archived-DOHA-Appeal-Board/2016-and-Prior-DOHA-Appeal-Board/2016-and-Prior-DOHA-Appeal-Board-3/FileId/154927/
05-02013,appeal,true_duplicate_deleted,byte-identical full_text; discarded source_url: https://doha.ogc.osd.mil/Industrial-Security-Program/Industrial-Security-Clearance-Decisions/DOHA-Appeal-Board/Archived-DOHA-Appeal-Board/2016-and-Prior-DOHA-Appeal-Board/2016-and-Prior-DOHA-Appeal-Board-3/FileId/154932/
05-02373,appeal,true_duplicate_deleted,byte-identical full_text; discarded source_url: https://doha.ogc.osd.mil/Industrial-Security-Program/Industrial-Security-Clearance-Decisions/DOHA-Appeal-Board/Archived-DOHA-Appeal-Board/2016-and-Prior-DOHA-Appeal-Board/2016-and-Prior-DOHA-Appeal-Board-3/FileId/154929/
05-02741,appeal,true_duplicate_deleted,byte-identical full_text; discarded source_url: https://doha.ogc.osd.mil/Industrial-Security-Program/Industrial-Security-Clearance-Decisions/DOHA-Appeal-Board/Archived-DOHA-Appeal-Board/2016-and-Prior-DOHA-Appeal-Board/2016-and-Prior-DOHA-Appeal-Board-3/FileId/154937/
05-02823,appeal,true_duplicate_deleted,byte-identical full_text; discarded source_url: https://doha.ogc.osd.mil/Industrial-Security-Program/Industrial-Security-Clearance-Decisions/DOHA-Appeal-Board/Archived-DOHA-Appeal-Board/2016-and-Prior-DOHA-Appeal-Board/2016-and-Prior-DOHA-Appeal-Board-3/FileId/154943/
05-03143,appeal,true_duplicate_deleted,byte-identical full_text; discarded source_url: https://doha.ogc.osd.mil/Industrial-Security-Program/Industrial-Security-Clearance-Decisions/DOHA-Appeal-Board/Archived-DOHA-Appeal-Board/2016-and-Prior-DOHA-Appeal-Board/2016-and-Prior-DOHA-Appeal-Board-3/FileId/154938/
05-03482,appeal,true_duplicate_deleted,byte-identical full_text; discarded source_url: https://doha.ogc.osd.mil/Industrial-Security-Program/Industrial-Security-Clearance-Decisions/DOHA-Appeal-Board/Archived-DOHA-Appeal-Board/2016-and-Prior-DOHA-Appeal-Board/2016-and-Prior-DOHA-Appeal-Board-3/FileId/154939/
05-03635,appeal,true_duplicate_deleted,byte-identical full_text; discarded source_url: https://doha.ogc.osd.mil/Industrial-Security-Program/Industrial-Security-Clearance-Decisions/DOHA-Appeal-Board/Archived-DOHA-Appeal-Board/2016-and-Prior-DOHA-Appeal-Board/2016-and-Prior-DOHA-Appeal-Board-3/FileId/154946/
05-03678,appeal,true_duplicate_deleted,byte-identical full_text; discarded source_url: https://doha.ogc.osd.mil/Industrial-Security-Program/Industrial-Security-Clearance-Decisions/DOHA-Appeal-Board/Archived-DOHA-Appeal-Board/2016-and-Prior-DOHA-Appeal-Board/2016-and-Prior-DOHA-Appeal-Board-3/FileId/154940/
05-03846,appeal,true_duplicate_deleted,byte-identical full_text; discarded source_url: https://doha.ogc.osd.mil/Industrial-Security-Program/Industrial-Security-Clearance-Decisions/DOHA-Appeal-Board/Archived-DOHA-Appeal-Board/2016-and-Prior-DOHA-Appeal-Board/2016-and-Prior-DOHA-Appeal-Board-3/FileId/154945/
05-03864,appeal,true_duplicate_deleted,byte-identical full_text; discarded source_url: https://doha.ogc.osd.mil/Industrial-Security-Program/Industrial-Security-Clearance-Decisions/DOHA-Appeal-Board/Archived-DOHA-Appeal-Board/2016-and-Prior-DOHA-Appeal-Board/2016-and-Prior-DOHA-Appeal-Board-3/FileId/154942/
05-03939,appeal,true_duplicate_deleted,byte-identical full_text; discarded source_url: https://doha.ogc.osd.mil/Industrial-Security-Program/Industrial-Security-Clearance-Decisions/DOHA-Appeal-Board/Archived-DOHA-Appeal-Board/2016-and-Prior-DOHA-Appeal-Board/2016-and-Prior-DOHA-Appeal-Board-3/FileId/154944/
05-03979,appeal,true_duplicate_deleted,byte-identical full_text; discarded source_url: https://doha.ogc.osd.mil/Industrial-Security-Program/Industrial-Security-Clearance-Decisions/DOHA-Appeal-Board/Archived-DOHA-Appeal-Board/2016-and-Prior-DOHA-Appeal-Board/2016-and-Prior-DOHA-Appeal-Board-3/FileId/154941/
05-04265,appeal,true_duplicate_deleted,byte-identical full_text; discarded source_url: https://doha.ogc.osd.mil/Industrial-Security-Program/Industrial-Security-Clearance-Decisions/DOHA-Appeal-Board/Archived-DOHA-Appeal-Board/2016-and-Prior-DOHA-Appeal-Board/2016-and-Prior-DOHA-Appeal-Board-3/FileId/154949/
05-04332,appeal,true_duplicate_deleted,byte-identical full_text; discarded source_url: https://doha.ogc.osd.mil/Industrial-Security-Program/Industrial-Security-Clearance-Decisions/DOHA-Appeal-Board/Archived-DOHA-Appeal-Board/2016-and-Prior-DOHA-Appeal-Board/2016-and-Prior-DOHA-Appeal-Board-3/FileId/154948/
05-04648,appeal,true_duplicate_deleted,byte-identical full_text; discarded source_url: https://doha.ogc.osd.mil/Industrial-Security-Program/Industrial-Security-Clearance-Decisions/DOHA-Appeal-Board/Archived-DOHA-Appeal-Board/2016-and-Prior-DOHA-Appeal-Board/2016-and-Prior-DOHA-Appeal-Board-3/FileId/154947/
05-04768,appeal,true_duplicate_deleted,byte-identical full_text; discarded source_url: https://doha.ogc.osd.mil/Industrial-Security-Program/Industrial-Security-Clearance-Decisions/DOHA-Appeal-Board/Archived-DOHA-Appeal-Board/2016-and-Prior-DOHA-Appeal-Board/2016-and-Prior-DOHA-Appeal-Board-3/FileId/154954/
05-04831,appeal,true_duplicate_deleted,byte-identical full_text; discarded source_url: https://doha.ogc.osd.mil/Industrial-Security-Program/Industrial-Security-Clearance-Decisions/DOHA-Appeal-Board/Archived-DOHA-Appeal-Board/2016-and-Prior-DOHA-Appeal-Board/2016-and-Prior-DOHA-Appeal-Board-3/FileId/154955/
05-04843,appeal,true_duplicate_deleted,byte-identical full_text; discarded source_url: https://doha.ogc.osd.mil/Industrial-Security-Program/Industrial-Security-Clearance-Decisions/DOHA-Appeal-Board/Archived-DOHA-Appeal-Board/2016-and-Prior-DOHA-Appeal-Board/2016-and-Prior-DOHA-Appeal-Board-3/FileId/154953/
05-05333,appeal,true_duplicate_deleted,byte-identical full_text; discarded source_url: https://doha.ogc.osd.mil/Industrial-Security-Program/Industrial-Security-Clearance-Decisions/DOHA-Appeal-Board/Archived-DOHA-Appeal-Board/2016-and-Prior-DOHA-Appeal-Board/2016-and-Prior-DOHA-Appeal-Board-3/FileId/154950/
05-05334,appeal,true_duplicate_deleted,byte-identical full_text; discarded source_url: https://doha.ogc.osd.mil/Industrial-Security-Program/Industrial-Security-Clearance-Decisions/DOHA-Appeal-Board/Archived-DOHA-Appeal-Board/2016-and-Prior-DOHA-Appeal-Board/2016-and-Prior-DOHA-Appeal-Board-3/FileId/154957/
05-06269,appeal,true_duplicate_deleted,byte-identical full_text; discarded source_url: https://doha.ogc.osd.mil/Industrial-Security-Program/Industrial-Security-Clearance-Decisions/DOHA-Appeal-Board/Archived-DOHA-Appeal-Board/2016-and-Prior-DOHA-Appeal-Board/2016-and-Prior-DOHA-Appeal-Board-3/FileId/154951/
05-06602,appeal,true_duplicate_deleted,byte-identical full_text; discarded source_url: https://doha.ogc.osd.mil/Industrial-Security-Program/Industrial-Security-Clearance-Decisions/DOHA-Appeal-Board/Archived-DOHA-Appeal-Board/2016-and-Prior-DOHA-Appeal-Board/2016-and-Prior-DOHA-Appeal-Board-3/FileId/154958/
05-08459,appeal,true_duplicate_deleted,byte-identical full_text; discarded source_url: https://doha.ogc.osd.mil/Industrial-Security-Program/Industrial-Security-Clearance-Decisions/DOHA-Appeal-Board/Archived-DOHA-Appeal-Board/2016-and-Prior-DOHA-Appeal-Board/2016-and-Prior-DOHA-Appeal-Board-3/FileId/154952/
05-08820,appeal,true_duplicate_deleted,byte-identical full_text; discarded source_url: https://doha.ogc.osd.mil/Industrial-Security-Program/Industrial-Security-Clearance-Decisions/DOHA-Appeal-Board/Archived-DOHA-Appeal-Board/2016-and-Prior-DOHA-Appeal-Board/2016-and-Prior-DOHA-Appeal-Board-3/FileId/154959/
05-11366,appeal,true_duplicate_deleted,byte-identical full_text; discarded source_url: https://doha.ogc.osd.mil/Industrial-Security-Program/Industrial-Security-Clearance-Decisions/DOHA-Appeal-Board/Archived-DOHA-Appeal-Board/2016-and-Prior-DOHA-Appeal-Board/2016-and-Prior-DOHA-Appeal-Board-3/FileId/154960/
05-11392,appeal,true_duplicate_deleted,byte-identical full_text; discarded source_url: https://doha.ogc.osd.mil/Industrial-Security-Program/Industrial-Security-Clearance-Decisions/DOHA-Appeal-Board/Archived-DOHA-Appeal-Board/2016-and-Prior-DOHA-Appeal-Board/2016-and-Prior-DOHA-Appeal-Board-3/FileId/154956/
05-11367,appeal,true_duplicate_deleted,byte-identical full_text; discarded source_url: https://doha.ogc.osd.mil/Industrial-Security-Program/Industrial-Security-Clearance-Decisions/DOHA-Appeal-Board/Archived-DOHA-Appeal-Board/2016-and-Prior-DOHA-Appeal-Board/2016-and-Prior-DOHA-Appeal-Board-3/FileId/154961/
05-12303,appeal,true_duplicate_deleted,byte-identical full_text; discarded source_url: https://doha.ogc.osd.mil/Industrial-Security-Program/Industrial-Security-Clearance-Decisions/DOHA-Appeal-Board/Archived-DOHA-Appeal-Board/2016-and-Prior-DOHA-Appeal-Board/2016-and-Prior-DOHA-Appeal-Board-3/FileId/154963/
05-16017,appeal,true_duplicate_deleted,byte-identical full_text; discarded source_url: https://doha.ogc.osd.mil/Industrial-Security-Program/Industrial-Security-Clearance-Decisions/DOHA-Appeal-Board/Archived-DOHA-Appeal-Board/2016-and-Prior-DOHA-Appeal-Board/2016-and-Prior-DOHA-Appeal-Board-3/FileId/154962/
30-1130,appeal,true_duplicate_deleted,byte-identical full_text; discarded source_url: https://doha.ogc.osd.mil/Industrial-Security-Program/Industrial-Security-Clearance-Decisions/DOHA-Appeal-Board/Archived-DOHA-Appeal-Board/2016-and-Prior-DOHA-Appeal-Board/2016-and-Prior-DOHA-Appeal-Board-3/FileId/154964/
94-1153,appeal,true_duplicate_deleted,byte-identical full_text; discarded source_url: https://doha.ogc.osd.mil/Industrial-Security-Program/Industrial-Security-Clearance-Decisions/DOHA-Appeal-Board/Archived-DOHA-Appeal-Board/2016-and-Prior-DOHA-Appeal-Board/2016-and-Prior-DOHA-Appeal-Board-3/FileId/154968/
95-0622,appeal,true_duplicate_deleted,byte-identical full_text; discarded source_url: https://doha.ogc.osd.mil/Industrial-Security-Program/Industrial-Security-Clearance-Decisions/DOHA-Appeal-Board/Archived-DOHA-Appeal-Board/2016-and-Prior-DOHA-Appeal-Board/2016-and-Prior-DOHA-Appeal-Board-3/FileId/154965/
95-0705,appeal,true_duplicate_deleted,byte-identical full_text; discarded source_url: https://doha.ogc.osd.mil/Industrial-Security-Program/Industrial-Security-Clearance-Decisions/DOHA-Appeal-Board/Archived-DOHA-Appeal-Board/2016-and-Prior-DOHA-Appeal-Board/2016-and-Prior-DOHA-Appeal-Board-3/FileId/154967/
95-0817,appeal,true_duplicate_deleted,byte-identical full_text; discarded source_url: https://doha.ogc.osd.mil/Industrial-Security-Program/Industrial-Security-Clearance-Decisions/DOHA-Appeal-Board/Archived-DOHA-Appeal-Board/2016-and-Prior-DOHA-Appeal-Board/2016-and-Prior-DOHA-Appeal-Board-3/FileId/154966/
95-0918,appeal,true_duplicate_deleted,byte-identical full_text; discarded source_url: https://doha.ogc.osd.mil/Industrial-Security-Program/Industrial-Security-Clearance-Decisions/DOHA-Appeal-Board/Archived-DOHA-Appeal-Board/2016-and-Prior-DOHA-Appeal-Board/2016-and-Prior-DOHA-Appeal-Board-3/FileId/154972/
95-0912,appeal,true_duplicate_deleted,byte-identical full_text; discarded source_url: https://doha.ogc.osd.mil/Industrial-Security-Program/Industrial-Security-Clearance-Decisions/DOHA-Appeal-Board/Archived-DOHA-Appeal-Board/2016-and-Prior-DOHA-Appeal-Board/2016-and-Prior-DOHA-Appeal-Board-3/FileId/154970/
95-0904,appeal,true_duplicate_deleted,byte-identical full_text; discarded source_url: https://doha.ogc.osd.mil/Industrial-Security-Program/Industrial-Security-Clearance-Decisions/DOHA-Appeal-Board/Archived-DOHA-Appeal-Board/2016-and-Prior-DOHA-Appeal-Board/2016-and-Prior-DOHA-Appeal-Board-3/FileId/154969/
96-0031,appeal,true_duplicate_deleted,byte-identical full_text; discarded source_url: https://doha.ogc.osd.mil/Industrial-Security-Program/Industrial-Security-Clearance-Decisions/DOHA-Appeal-Board/Archived-DOHA-Appeal-Board/2016-and-Prior-DOHA-Appeal-Board/2016-and-Prior-DOHA-Appeal-Board-3/FileId/154973/
95-0818,appeal,true_duplicate_deleted,byte-identical full_text; discarded source_url: https://doha.ogc.osd.mil/Industrial-Security-Program/Industrial-Security-Clearance-Decisions/DOHA-Appeal-Board/Archived-DOHA-Appeal-Board/2016-and-Prior-DOHA-Appeal-Board/2016-and-Prior-DOHA-Appeal-Board-3/FileId/154971/
96-0049,appeal,true_duplicate_deleted,byte-identical full_text; discarded source_url: https://doha.ogc.osd.mil/Industrial-Security-Program/Industrial-Security-Clearance-Decisions/DOHA-Appeal-Board/Archived-DOHA-Appeal-Board/2016-and-Prior-DOHA-Appeal-Board/2016-and-Prior-DOHA-Appeal-Board-3/FileId/154974/
96-0083,appeal,true_duplicate_deleted,byte-identical full_text; discarded source_url: https://doha.ogc.osd.mil/Industrial-Security-Program/Industrial-Security-Clearance-Decisions/DOHA-Appeal-Board/Archived-DOHA-Appeal-Board/2016-and-Prior-DOHA-Appeal-Board/2016-and-Prior-DOHA-Appeal-Board-3/FileId/154975/
96-0104,appeal,true_duplicate_deleted,byte-identical full_text; discarded source_url: https://doha.ogc.osd.mil/Industrial-Security-Program/Industrial-Security-Clearance-Decisions/DOHA-Appeal-Board/Archived-DOHA-Appeal-Board/2016-and-Prior-DOHA-Appeal-Board/2016-and-Prior-DOHA-Appeal-Board-3/FileId/154978/
96-0119,appeal,true_duplicate_deleted,byte-identical full_text; discarded source_url: https://doha.ogc.osd.mil/Industrial-Security-Program/Industrial-Security-Clearance-Decisions/DOHA-Appeal-Board/Archived-DOHA-Appeal-Board/2016-and-Prior-DOHA-Appeal-Board/2016-and-Prior-DOHA-Appeal-Board-3/FileId/154977/
96-0127,appeal,true_duplicate_deleted,byte-identical full_text; discarded source_url: https://doha.ogc.osd.mil/Industrial-Security-Program/Industrial-Security-Clearance-Decisions/DOHA-Appeal-Board/Archived-DOHA-Appeal-Board/2016-and-Prior-DOHA-Appeal-Board/2016-and-Prior-DOHA-Appeal-Board-3/FileId/154984/
96-0162,appeal,true_duplicate_deleted,byte-identical full_text; discarded source_url: https://doha.ogc.osd.mil/Industrial-Security-Program/Industrial-Security-Clearance-Decisions/DOHA-Appeal-Board/Archived-DOHA-Appeal-Board/2016-and-Prior-DOHA-Appeal-Board/2016-and-Prior-DOHA-Appeal-Board-3/FileId/154976/
96-0152,appeal,true_duplicate_deleted,byte-identical full_text; discarded source_url: https://doha.ogc.osd.mil/Industrial-Security-Program/Industrial-Security-Clearance-Decisions/DOHA-Appeal-Board/Archived-DOHA-Appeal-Board/2016-and-Prior-DOHA-Appeal-Board/2016-and-Prior-DOHA-Appeal-Board-3/FileId/154980/
96-0226,appeal,true_duplicate_deleted,byte-identical full_text; discarded source_url: https://doha.ogc.osd.mil/Industrial-Security-Program/Industrial-Security-Clearance-Decisions/DOHA-Appeal-Board/Archived-DOHA-Appeal-Board/2016-and-Prior-DOHA-Appeal-Board/2016-and-Prior-DOHA-Appeal-Board-3/FileId/154982/
96-0228,appeal,true_duplicate_deleted,byte-identical full_text; discarded source_url: https://doha.ogc.osd.mil/Industrial-Security-Program/Industrial-Security-Clearance-Decisions/DOHA-Appeal-Board/Archived-DOHA-Appeal-Board/2016-and-Prior-DOHA-Appeal-Board/2016-and-Prior-DOHA-Appeal-Board-3/FileId/154983/
96-0277,appeal,true_duplicate_deleted,byte-identical full_text; discarded source_url: https://doha.ogc.osd.mil/Industrial-Security-Program/Industrial-Security-Clearance-Decisions/DOHA-Appeal-Board/Archived-DOHA-Appeal-Board/2016-and-Prior-DOHA-Appeal-Board/2016-and-Prior-DOHA-Appeal-Board-3/FileId/154985/
96-0299,appeal,true_duplicate_deleted,byte-identical full_text; discarded source_url: https://doha.ogc.osd.mil/Industrial-Security-Program/Industrial-Security-Clearance-Decisions/DOHA-Appeal-Board/Archived-DOHA-Appeal-Board/2016-and-Prior-DOHA-Appeal-Board/2016-and-Prior-DOHA-Appeal-Board-3/FileId/154981/
96-0311,appeal,true_duplicate_deleted,byte-identical full_text; discarded source_url: https://doha.ogc.osd.mil/Industrial-Security-Program/Industrial-Security-Clearance-Decisions/DOHA-Appeal-Board/Archived-DOHA-Appeal-Board/2016-and-Prior-DOHA-Appeal-Board/2016-and-Prior-DOHA-Appeal-Board-3/FileId/154979/
96-0316,appeal,true_duplicate_deleted,byte-identical full_text; discarded source_url: https://doha.ogc.osd.mil/Industrial-Security-Program/Industrial-Security-Clearance-Decisions/DOHA-Appeal-Board/Archived-DOHA-Appeal-Board/2016-and-Prior-DOHA-Appeal-Board/2016-and-Prior-DOHA-Appeal-Board-3/FileId/154986/
96-0360,appeal,true_duplicate_deleted,byte-identical full_text; discarded source_url: https://doha.ogc.osd.mil/Industrial-Security-Program/Industrial-Security-Clearance-Decisions/DOHA-Appeal-Board/Archived-DOHA-Appeal-Board/2016-and-Prior-DOHA-Appeal-Board/2016-and-Prior-DOHA-Appeal-Board-3/FileId/154988/
96-0371,appeal,true_duplicate_deleted,byte-identical full_text; discarded source_url: https://doha.ogc.osd.mil/Industrial-Security-Program/Industrial-Security-Clearance-Decisions/DOHA-Appeal-Board/Archived-DOHA-Appeal-Board/2016-and-Prior-DOHA-Appeal-Board/2016-and-Prior-DOHA-Appeal-Board-3/FileId/154987/
96-0404,appeal,true_duplicate_deleted,byte-identical full_text; discarded source_url: https://doha.ogc.osd.mil/Industrial-Security-Program/Industrial-Security-Clearance-Decisions/DOHA-Appeal-Board/Archived-DOHA-Appeal-Board/2016-and-Prior-DOHA-Appeal-Board/2016-and-Prior-DOHA-Appeal-Board-3/FileId/154998/
96-0376,appeal,true_duplicate_deleted,byte-identical full_text; discarded source_url: https://doha.ogc.osd.mil/Industrial-Security-Program/Industrial-Security-Clearance-Decisions/DOHA-Appeal-Board/Archived-DOHA-Appeal-Board/2016-and-Prior-DOHA-Appeal-Board/2016-and-Prior-DOHA-Appeal-Board-3/FileId/154989/
96-0454,appeal,true_duplicate_deleted,byte-identical full_text; discarded source_url: https://doha.ogc.osd.mil/Industrial-Security-Program/Industrial-Security-Clearance-Decisions/DOHA-Appeal-Board/Archived-DOHA-Appeal-Board/2016-and-Prior-DOHA-Appeal-Board/2016-and-Prior-DOHA-Appeal-Board-3/FileId/154990/
96-0457,appeal,true_duplicate_deleted,byte-identical full_text; discarded source_url: https://doha.ogc.osd.mil/Industrial-Security-Program/Industrial-Security-Clearance-Decisions/DOHA-Appeal-Board/Archived-DOHA-Appeal-Board/2016-and-Prior-DOHA-Appeal-Board/2016-and-Prior-DOHA-Appeal-Board-3/FileId/154996/
96-0461,appeal,true_duplicate_deleted,byte-identical full_text; discarded source_url: https://doha.ogc.osd.mil/Industrial-Security-Program/Industrial-Security-Clearance-Decisions/DOHA-Appeal-Board/Archived-DOHA-Appeal-Board/2016-and-Prior-DOHA-Appeal-Board/2016-and-Prior-DOHA-Appeal-Board-3/FileId/154992/
96-0505,appeal,true_duplicate_deleted,byte-identical full_text; discarded source_url: https://doha.ogc.osd.mil/Industrial-Security-Program/Industrial-Security-Clearance-Decisions/DOHA-Appeal-Board/Archived-DOHA-Appeal-Board/2016-and-Prior-DOHA-Appeal-Board/2016-and-Prior-DOHA-Appeal-Board-3/FileId/154994/
96-0522,appeal,true_duplicate_deleted,byte-identical full_text; discarded source_url: https://doha.ogc.osd.mil/Industrial-Security-Program/Industrial-Security-Clearance-Decisions/DOHA-Appeal-Board/Archived-DOHA-Appeal-Board/2016-and-Prior-DOHA-Appeal-Board/2016-and-Prior-DOHA-Appeal-Board-3/FileId/154993/
96-0525,appeal,true_duplicate_deleted,byte-identical full_text; discarded source_url: https://doha.ogc.osd.mil/Industrial-Security-Program/Industrial-Security-Clearance-Decisions/DOHA-Appeal-Board/Archived-DOHA-Appeal-Board/2016-and-Prior-DOHA-Appeal-Board/2016-and-Prior-DOHA-Appeal-Board-3/FileId/154997/
96-0544,appeal,true_duplicate_deleted,byte-identical full_text; discarded source_url: https://doha.ogc.osd.mil/Industrial-Security-Program/Industrial-Security-Clearance-Decisions/DOHA-Appeal-Board/Archived-DOHA-Appeal-Board/2016-and-Prior-DOHA-Appeal-Board/2016-and-Prior-DOHA-Appeal-Board-3/FileId/154995/
96-0547,appeal,true_duplicate_deleted,byte-identical full_text; discarded source_url: https://doha.ogc.osd.mil/Industrial-Security-Program/Industrial-Security-Clearance-Decisions/DOHA-Appeal-Board/Archived-DOHA-Appeal-Board/2016-and-Prior-DOHA-Appeal-Board/2016-and-Prior-DOHA-Appeal-Board-3/FileId/154991/
96-0575,appeal,true_duplicate_deleted,byte-identical full_text; discarded source_url: https://doha.ogc.osd.mil/Industrial-Security-Program/Industrial-Security-Clearance-Decisions/DOHA-Appeal-Board/Archived-DOHA-Appeal-Board/2016-and-Prior-DOHA-Appeal-Board/2016-and-Prior-DOHA-Appeal-Board-3/FileId/154999/
96-0590,appeal,true_duplicate_deleted,byte-identical full_text; discarded source_url: https://doha.ogc.osd.mil/Industrial-Security-Program/Industrial-Security-Clearance-Decisions/DOHA-Appeal-Board/Archived-DOHA-Appeal-Board/2016-and-Prior-DOHA-Appeal-Board/2016-and-Prior-DOHA-Appeal-Board-3/FileId/155001/
96-0582,appeal,true_duplicate_deleted,byte-identical full_text; discarded source_url: https://doha.ogc.osd.mil/Industrial-Security-Program/Industrial-Security-Clearance-Decisions/DOHA-Appeal-Board/Archived-DOHA-Appeal-Board/2016-and-Prior-DOHA-Appeal-Board/2016-and-Prior-DOHA-Appeal-Board-3/FileId/155000/
96-0587,appeal,true_duplicate_deleted,byte-identical full_text; discarded source_url: https://doha.ogc.osd.mil/Industrial-Security-Program/Industrial-Security-Clearance-Decisions/DOHA-Appeal-Board/Archived-DOHA-Appeal-Board/2016-and-Prior-DOHA-Appeal-Board/2016-and-Prior-DOHA-Appeal-Board-3/FileId/155008/
96-0608,appeal,true_duplicate_deleted,byte-identical full_text; discarded source_url: https://doha.ogc.osd.mil/Industrial-Security-Program/Industrial-Security-Clearance-Decisions/DOHA-Appeal-Board/Archived-DOHA-Appeal-Board/2016-and-Prior-DOHA-Appeal-Board/2016-and-Prior-DOHA-Appeal-Board-3/FileId/155010/
96-0609,appeal,true_duplicate_deleted,byte-identical full_text; discarded source_url: https://doha.ogc.osd.mil/Industrial-Security-Program/Industrial-Security-Clearance-Decisions/DOHA-Appeal-Board/Archived-DOHA-Appeal-Board/2016-and-Prior-DOHA-Appeal-Board/2016-and-Prior-DOHA-Appeal-Board-3/FileId/155002/
96-0650,appeal,true_duplicate_deleted,byte-identical full_text; discarded source_url: https://doha.ogc.osd.mil/Industrial-Security-Program/Industrial-Security-Clearance-Decisions/DOHA-Appeal-Board/Archived-DOHA-Appeal-Board/2016-and-Prior-DOHA-Appeal-Board/2016-and-Prior-DOHA-Appeal-Board-3/FileId/155006/
96-0681,appeal,true_duplicate_deleted,byte-identical full_text; discarded source_url: https://doha.ogc.osd.mil/Industrial-Security-Program/Industrial-Security-Clearance-Decisions/DOHA-Appeal-Board/Archived-DOHA-Appeal-Board/2016-and-Prior-DOHA-Appeal-Board/2016-and-Prior-DOHA-Appeal-Board-3/FileId/155004/
96-0685,appeal,true_duplicate_deleted,byte-identical full_text; discarded source_url: https://doha.ogc.osd.mil/Industrial-Security-Program/Industrial-Security-Clearance-Decisions/DOHA-Appeal-Board/Archived-DOHA-Appeal-Board/2016-and-Prior-DOHA-Appeal-Board/2016-and-Prior-DOHA-Appeal-Board-3/FileId/155007/
96-0695,appeal,true_duplicate_deleted,byte-identical full_text; discarded source_url: https://doha.ogc.osd.mil/Industrial-Security-Program/Industrial-Security-Clearance-Decisions/DOHA-Appeal-Board/Archived-DOHA-Appeal-Board/2016-and-Prior-DOHA-Appeal-Board/2016-and-Prior-DOHA-Appeal-Board-3/FileId/155003/
96-0764,appeal,true_duplicate_deleted,byte-identical full_text; discarded source_url: https://doha.ogc.osd.mil/Industrial-Security-Program/Industrial-Security-Clearance-Decisions/DOHA-Appeal-Board/Archived-DOHA-Appeal-Board/2016-and-Prior-DOHA-Appeal-Board/2016-and-Prior-DOHA-Appeal-Board-3/FileId/155011/
96-0710,appeal,true_duplicate_deleted,byte-identical full_text; discarded source_url: https://doha.ogc.osd.mil/Industrial-Security-Program/Industrial-Security-Clearance-Decisions/DOHA-Appeal-Board/Archived-DOHA-Appeal-Board/2016-and-Prior-DOHA-Appeal-Board/2016-and-Prior-DOHA-Appeal-Board-3/FileId/155012/
96-0776,appeal,true_duplicate_deleted,byte-identical full_text; discarded source_url: https://doha.ogc.osd.mil/Industrial-Security-Program/Industrial-Security-Clearance-Decisions/DOHA-Appeal-Board/Archived-DOHA-Appeal-Board/2016-and-Prior-DOHA-Appeal-Board/2016-and-Prior-DOHA-Appeal-Board-3/FileId/155009/
96-0785,appeal,true_duplicate_deleted,byte-identical full_text; discarded source_url: https://doha.ogc.osd.mil/Industrial-Security-Program/Industrial-Security-Clearance-Decisions/DOHA-Appeal-Board/Archived-DOHA-Appeal-Board/2016-and-Prior-DOHA-Appeal-Board/2016-and-Prior-DOHA-Appeal-Board-3/FileId/155018/
96-0811,appeal,true_duplicate_deleted,byte-identical full_text; discarded source_url: https://doha.ogc.osd.mil/Industrial-Security-Program/Industrial-Security-Clearance-Decisions/DOHA-Appeal-Board/Archived-DOHA-Appeal-Board/2016-and-Prior-DOHA-Appeal-Board/2016-and-Prior-DOHA-Appeal-Board-3/FileId/155013/
96-0825,appeal,true_duplicate_deleted,byte-identical full_text; discarded source_url: https://doha.ogc.osd.mil/Industrial-Security-Program/Industrial-Security-Clearance-Decisions/DOHA-Appeal-Board/Archived-DOHA-Appeal-Board/2016-and-Prior-DOHA-Appeal-Board/2016-and-Prior-DOHA-Appeal-Board-3/FileId/155019/
96-0869,appeal,true_duplicate_deleted,byte-identical full_text; discarded source_url: https://doha.ogc.osd.mil/Industrial-Security-Program/Industrial-Security-Clearance-Decisions/DOHA-Appeal-Board/Archived-DOHA-Appeal-Board/2016-and-Prior-DOHA-Appeal-Board/2016-and-Prior-DOHA-Appeal-Board-3/FileId/155020/
96-0897,appeal,true_duplicate_deleted,byte-identical full_text; discarded source_url: https://doha.ogc.osd.mil/Industrial-Security-Program/Industrial-Security-Clearance-Decisions/DOHA-Appeal-Board/Archived-DOHA-Appeal-Board/2016-and-Prior-DOHA-Appeal-Board/2016-and-Prior-DOHA-Appeal-Board-3/FileId/155015/
96-0871,appeal,true_duplicate_deleted,byte-identical full_text; discarded source_url: https://doha.ogc.osd.mil/Industrial-Security-Program/Industrial-Security-Clearance-Decisions/DOHA-Appeal-Board/Archived-DOHA-Appeal-Board/2016-and-Prior-DOHA-Appeal-Board/2016-and-Prior-DOHA-Appeal-Board-3/FileId/155022/
97-0016,appeal,true_duplicate_deleted,byte-identical full_text; discarded source_url: https://doha.ogc.osd.mil/Industrial-Security-Program/Industrial-Security-Clearance-Decisions/DOHA-Appeal-Board/Archived-DOHA-Appeal-Board/2016-and-Prior-DOHA-Appeal-Board/2016-and-Prior-DOHA-Appeal-Board-3/FileId/155021/
97-0041,appeal,true_duplicate_deleted,byte-identical full_text; discarded source_url: https://doha.ogc.osd.mil/Industrial-Security-Program/Industrial-Security-Clearance-Decisions/DOHA-Appeal-Board/Archived-DOHA-Appeal-Board/2016-and-Prior-DOHA-Appeal-Board/2016-and-Prior-DOHA-Appeal-Board-3/FileId/155014/
97-0176,appeal,true_duplicate_deleted,byte-identical full_text; discarded source_url: https://doha.ogc.osd.mil/Industrial-Security-Program/Industrial-Security-Clearance-Decisions/DOHA-Appeal-Board/Archived-DOHA-Appeal-Board/2016-and-Prior-DOHA-Appeal-Board/2016-and-Prior-DOHA-Appeal-Board-3/FileId/155024/
97-0351,appeal,true_duplicate_deleted,byte-identical full_text; discarded source_url: https://doha.ogc.osd.mil/Industrial-Security-Program/Industrial-Security-Clearance-Decisions/DOHA-Appeal-Board/Archived-DOHA-Appeal-Board/2016-and-Prior-DOHA-Appeal-Board/2016-and-Prior-DOHA-Appeal-Board-3/FileId/155035/
97-0356,appeal,true_duplicate_deleted,byte-identical full_text; discarded source_url: https://doha.ogc.osd.mil/Industrial-Security-Program/Industrial-Security-Clearance-Decisions/DOHA-Appeal-Board/Archived-DOHA-Appeal-Board/2016-and-Prior-DOHA-Appeal-Board/2016-and-Prior-DOHA-Appeal-Board-3/FileId/155036/
97-0403,appeal,true_duplicate_deleted,byte-identical full_text; discarded source_url: https://doha.ogc.osd.mil/Industrial-Security-Program/Industrial-Security-Clearance-Decisions/DOHA-Appeal-Board/Archived-DOHA-Appeal-Board/2016-and-Prior-DOHA-Appeal-Board/2016-and-Prior-DOHA-Appeal-Board-3/FileId/155038/
97-0409,appeal,true_duplicate_deleted,byte-identical full_text; discarded source_url: https://doha.ogc.osd.mil/Industrial-Security-Program/Industrial-Security-Clearance-Decisions/DOHA-Appeal-Board/Archived-DOHA-Appeal-Board/2016-and-Prior-DOHA-Appeal-Board/2016-and-Prior-DOHA-Appeal-Board-3/FileId/155041/
97-0440,appeal,true_duplicate_deleted,byte-identical full_text; discarded source_url: https://doha.ogc.osd.mil/Industrial-Security-Program/Industrial-Security-Clearance-Decisions/DOHA-Appeal-Board/Archived-DOHA-Appeal-Board/2016-and-Prior-DOHA-Appeal-Board/2016-and-Prior-DOHA-Appeal-Board-3/FileId/155040/
97-0435,appeal,true_duplicate_deleted,byte-identical full_text; discarded source_url: https://doha.ogc.osd.mil/Industrial-Security-Program/Industrial-Security-Clearance-Decisions/DOHA-Appeal-Board/Archived-DOHA-Appeal-Board/2016-and-Prior-DOHA-Appeal-Board/2016-and-Prior-DOHA-Appeal-Board-3/FileId/155042/
97-0452,appeal,true_duplicate_deleted,byte-identical full_text; discarded source_url: https://doha.ogc.osd.mil/Industrial-Security-Program/Industrial-Security-Clearance-Decisions/DOHA-Appeal-Board/Archived-DOHA-Appeal-Board/2016-and-Prior-DOHA-Appeal-Board/2016-and-Prior-DOHA-Appeal-Board-3/FileId/155048/
97-0466,appeal,true_duplicate_deleted,byte-identical full_text; discarded source_url: https://doha.ogc.osd.mil/Industrial-Security-Program/Industrial-Security-Clearance-Decisions/DOHA-Appeal-Board/Archived-DOHA-Appeal-Board/2016-and-Prior-DOHA-Appeal-Board/2016-and-Prior-DOHA-Appeal-Board-3/FileId/155045/
97-0551,appeal,true_duplicate_deleted,byte-identical full_text; discarded source_url: https://doha.ogc.osd.mil/Industrial-Security-Program/Industrial-Security-Clearance-Decisions/DOHA-Appeal-Board/Archived-DOHA-Appeal-Board/2016-and-Prior-DOHA-Appeal-Board/2016-and-Prior-DOHA-Appeal-Board-3/FileId/155037/
97-0591,appeal,true_duplicate_deleted,byte-identical full_text; discarded source_url: https://doha.ogc.osd.mil/Industrial-Security-Program/Industrial-Security-Clearance-Decisions/DOHA-Appeal-Board/Archived-DOHA-Appeal-Board/2016-and-Prior-DOHA-Appeal-Board/2016-and-Prior-DOHA-Appeal-Board-3/FileId/155043/
97-0595,appeal,true_duplicate_deleted,byte-identical full_text; discarded source_url: https://doha.ogc.osd.mil/Industrial-Security-Program/Industrial-Security-Clearance-Decisions/DOHA-Appeal-Board/Archived-DOHA-Appeal-Board/2016-and-Prior-DOHA-Appeal-Board/2016-and-Prior-DOHA-Appeal-Board-3/FileId/155046/
97-0605,appeal,true_duplicate_deleted,byte-identical full_text; discarded source_url: https://doha.ogc.osd.mil/Industrial-Security-Program/Industrial-Security-Clearance-Decisions/DOHA-Appeal-Board/Archived-DOHA-Appeal-Board/2016-and-Prior-DOHA-Appeal-Board/2016-and-Prior-DOHA-Appeal-Board-3/FileId/155047/
97-0618,appeal,true_duplicate_deleted,byte-identical full_text; discarded source_url: https://doha.ogc.osd.mil/Industrial-Security-Program/Industrial-Security-Clearance-Decisions/DOHA-Appeal-Board/Archived-DOHA-Appeal-Board/2016-and-Prior-DOHA-Appeal-Board/2016-and-Prior-DOHA-Appeal-Board-3/FileId/155051/
97-0606,appeal,true_duplicate_deleted,byte-identical full_text; discarded source_url: https://doha.ogc.osd.mil/Industrial-Security-Program/Industrial-Security-Clearance-Decisions/DOHA-Appeal-Board/Archived-DOHA-Appeal-Board/2016-and-Prior-DOHA-Appeal-Board/2016-and-Prior-DOHA-Appeal-Board-3/FileId/155039/
97-0625,appeal,true_duplicate_deleted,byte-identical full_text; discarded source_url: https://doha.ogc.osd.mil/Industrial-Security-Program/Industrial-Security-Clearance-Decisions/DOHA-Appeal-Board/Archived-DOHA-Appeal-Board/2016-and-Prior-DOHA-Appeal-Board/2016-and-Prior-DOHA-Appeal-Board-3/FileId/155054/
97-0628,appeal,true_duplicate_deleted,byte-identical full_text; discarded source_url: https://doha.ogc.osd.mil/Industrial-Security-Program/Industrial-Security-Clearance-Decisions/DOHA-Appeal-Board/Archived-DOHA-Appeal-Board/2016-and-Prior-DOHA-Appeal-Board/2016-and-Prior-DOHA-Appeal-Board-3/FileId/155052/
97-0630,appeal,true_duplicate_deleted,byte-identical full_text; discarded source_url: https://doha.ogc.osd.mil/Industrial-Security-Program/Industrial-Security-Clearance-Decisions/DOHA-Appeal-Board/Archived-DOHA-Appeal-Board/2016-and-Prior-DOHA-Appeal-Board/2016-and-Prior-DOHA-Appeal-Board-3/FileId/155056/
97-0659,appeal,true_duplicate_deleted,byte-identical full_text; discarded source_url: https://doha.ogc.osd.mil/Industrial-Security-Program/Industrial-Security-Clearance-Decisions/DOHA-Appeal-Board/Archived-DOHA-Appeal-Board/2016-and-Prior-DOHA-Appeal-Board/2016-and-Prior-DOHA-Appeal-Board-3/FileId/155049/
97-0676,appeal,true_duplicate_deleted,byte-identical full_text; discarded source_url: https://doha.ogc.osd.mil/Industrial-Security-Program/Industrial-Security-Clearance-Decisions/DOHA-Appeal-Board/Archived-DOHA-Appeal-Board/2016-and-Prior-DOHA-Appeal-Board/2016-and-Prior-DOHA-Appeal-Board-3/FileId/155050/
97-0699,appeal,true_duplicate_deleted,byte-identical full_text; discarded source_url: https://doha.ogc.osd.mil/Industrial-Security-Program/Industrial-Security-Clearance-Decisions/DOHA-Appeal-Board/Archived-DOHA-Appeal-Board/2016-and-Prior-DOHA-Appeal-Board/2016-and-Prior-DOHA-Appeal-Board-3/FileId/155055/
97-0726,appeal,true_duplicate_deleted,byte-identical full_text; discarded source_url: https://doha.ogc.osd.mil/Industrial-Security-Program/Industrial-Security-Clearance-Decisions/DOHA-Appeal-Board/Archived-DOHA-Appeal-Board/2016-and-Prior-DOHA-Appeal-Board/2016-and-Prior-DOHA-Appeal-Board-3/FileId/155059/
97-0707,appeal,true_duplicate_deleted,byte-identical full_text; discarded source_url: https://doha.ogc.osd.mil/Industrial-Security-Program/Industrial-Security-Clearance-Decisions/DOHA-Appeal-Board/Archived-DOHA-Appeal-Board/2016-and-Prior-DOHA-Appeal-Board/2016-and-Prior-DOHA-Appeal-Board-3/FileId/155060/
97-0727,appeal,true_duplicate_deleted,byte-identical full_text; discarded source_url: https://doha.ogc.osd.mil/Industrial-Security-Program/Industrial-Security-Clearance-Decisions/DOHA-Appeal-Board/Archived-DOHA-Appeal-Board/2016-and-Prior-DOHA-Appeal-Board/2016-and-Prior-DOHA-Appeal-Board-3/FileId/155058/
97-0730,appeal,true_duplicate_deleted,byte-identical full_text; discarded source_url: https://doha.ogc.osd.mil/Industrial-Security-Program/Industrial-Security-Clearance-Decisions/DOHA-Appeal-Board/Archived-DOHA-Appeal-Board/2016-and-Prior-DOHA-Appeal-Board/2016-and-Prior-DOHA-Appeal-Board-3/FileId/155057/
97-0744,appeal,true_duplicate_deleted,byte-identical full_text; discarded source_url: https://doha.ogc.osd.mil/Industrial-Security-Program/Industrial-Security-Clearance-Decisions/DOHA-Appeal-Board/Archived-DOHA-Appeal-Board/2016-and-Prior-DOHA-Appeal-Board/2016-and-Prior-DOHA-Appeal-Board-3/FileId/155053/
97-0752,appeal,true_duplicate_deleted,byte-identical full_text; discarded source_url: https://doha.ogc.osd.mil/Industrial-Security-Program/Industrial-Security-Clearance-Decisions/DOHA-Appeal-Board/Archived-DOHA-Appeal-Board/2016-and-Prior-DOHA-Appeal-Board/2016-and-Prior-DOHA-Appeal-Board-3/FileId/155062/
97-0765,appeal,true_duplicate_deleted,byte-identical full_text; discarded source_url: https://doha.ogc.osd.mil/Industrial-Security-Program/Industrial-Security-Clearance-Decisions/DOHA-Appeal-Board/Archived-DOHA-Appeal-Board/2016-and-Prior-DOHA-Appeal-Board/2016-and-Prior-DOHA-Appeal-Board-3/FileId/155068/
97-0769,appeal,true_duplicate_deleted,byte-identical full_text; discarded source_url: https://doha.ogc.osd.mil/Industrial-Security-Program/Industrial-Security-Clearance-Decisions/DOHA-Appeal-Board/Archived-DOHA-Appeal-Board/2016-and-Prior-DOHA-Appeal-Board/2016-and-Prior-DOHA-Appeal-Board-3/FileId/155066/
97-0783,appeal,true_duplicate_deleted,byte-identical full_text; discarded source_url: https://doha.ogc.osd.mil/Industrial-Security-Program/Industrial-Security-Clearance-Decisions/DOHA-Appeal-Board/Archived-DOHA-Appeal-Board/2016-and-Prior-DOHA-Appeal-Board/2016-and-Prior-DOHA-Appeal-Board-3/FileId/155065/
97-0803,appeal,true_duplicate_deleted,byte-identical full_text; discarded source_url: https://doha.ogc.osd.mil/Industrial-Security-Program/Industrial-Security-Clearance-Decisions/DOHA-Appeal-Board/Archived-DOHA-Appeal-Board/2016-and-Prior-DOHA-Appeal-Board/2016-and-Prior-DOHA-Appeal-Board-3/FileId/155067/
97-0821,appeal,true_duplicate_deleted,byte-identical full_text; discarded source_url: https://doha.ogc.osd.mil/Industrial-Security-Program/Industrial-Security-Clearance-Decisions/DOHA-Appeal-Board/Archived-DOHA-Appeal-Board/2016-and-Prior-DOHA-Appeal-Board/2016-and-Prior-DOHA-Appeal-Board-3/FileId/155063/
97-0825,appeal,true_duplicate_deleted,byte-identical full_text; discarded source_url: https://doha.ogc.osd.mil/Industrial-Security-Program/Industrial-Security-Clearance-Decisions/DOHA-Appeal-Board/Archived-DOHA-Appeal-Board/2016-and-Prior-DOHA-Appeal-Board/2016-and-Prior-DOHA-Appeal-Board-3/FileId/155061/
98-0004,appeal,true_duplicate_deleted,byte-identical full_text; discarded source_url: https://doha.ogc.osd.mil/Industrial-Security-Program/Industrial-Security-Clearance-Decisions/DOHA-Appeal-Board/Archived-DOHA-Appeal-Board/2016-and-Prior-DOHA-Appeal-Board/2016-and-Prior-DOHA-Appeal-Board-3/FileId/155064/
98-0055,appeal,true_duplicate_deleted,byte-identical full_text; discarded source_url: https://doha.ogc.osd.mil/Industrial-Security-Program/Industrial-Security-Clearance-Decisions/DOHA-Appeal-Board/Archived-DOHA-Appeal-Board/2016-and-Prior-DOHA-Appeal-Board/2016-and-Prior-DOHA-Appeal-Board-3/FileId/155069/
98-0066,appeal,true_duplicate_deleted,byte-identical full_text; discarded source_url: https://doha.ogc.osd.mil/Industrial-Security-Program/Industrial-Security-Clearance-Decisions/DOHA-Appeal-Board/Archived-DOHA-Appeal-Board/2016-and-Prior-DOHA-Appeal-Board/2016-and-Prior-DOHA-Appeal-Board-3/FileId/155070/
98-0088,appeal,true_duplicate_deleted,byte-identical full_text; discarded source_url: https://doha.ogc.osd.mil/Industrial-Security-Program/Industrial-Security-Clearance-Decisions/DOHA-Appeal-Board/Archived-DOHA-Appeal-Board/2016-and-Prior-DOHA-Appeal-Board/2016-and-Prior-DOHA-Appeal-Board-3/FileId/155072/
98-0111,appeal,true_duplicate_deleted,byte-identical full_text; discarded source_url: https://doha.ogc.osd.mil/Industrial-Security-Program/Industrial-Security-Clearance-Decisions/DOHA-Appeal-Board/Archived-DOHA-Appeal-Board/2016-and-Prior-DOHA-Appeal-Board/2016-and-Prior-DOHA-Appeal-Board-3/FileId/155075/
98-0123,appeal,true_duplicate_deleted,byte-identical full_text; discarded source_url: https://doha.ogc.osd.mil/Industrial-Security-Program/Industrial-Security-Clearance-Decisions/DOHA-Appeal-Board/Archived-DOHA-Appeal-Board/2016-and-Prior-DOHA-Appeal-Board/2016-and-Prior-DOHA-Appeal-Board-3/FileId/155074/
98-0223,appeal,true_duplicate_deleted,byte-identical full_text; discarded source_url: https://doha.ogc.osd.mil/Industrial-Security-Program/Industrial-Security-Clearance-Decisions/DOHA-Appeal-Board/Archived-DOHA-Appeal-Board/2016-and-Prior-DOHA-Appeal-Board/2016-and-Prior-DOHA-Appeal-Board-3/FileId/155079/
98-0198,appeal,true_duplicate_deleted,byte-identical full_text; discarded source_url: https://doha.ogc.osd.mil/Industrial-Security-Program/Industrial-Security-Clearance-Decisions/DOHA-Appeal-Board/Archived-DOHA-Appeal-Board/2016-and-Prior-DOHA-Appeal-Board/2016-and-Prior-DOHA-Appeal-Board-3/FileId/155076/
98-0188,appeal,true_duplicate_deleted,byte-identical full_text; discarded source_url: https://doha.ogc.osd.mil/Industrial-Security-Program/Industrial-Security-Clearance-Decisions/DOHA-Appeal-Board/Archived-DOHA-Appeal-Board/2016-and-Prior-DOHA-Appeal-Board/2016-and-Prior-DOHA-Appeal-Board-3/FileId/155078/
98-0128,appeal,true_duplicate_deleted,byte-identical full_text; discarded source_url: https://doha.ogc.osd.mil/Industrial-Security-Program/Industrial-Security-Clearance-Decisions/DOHA-Appeal-Board/Archived-DOHA-Appeal-Board/2016-and-Prior-DOHA-Appeal-Board/2016-and-Prior-DOHA-Appeal-Board-3/FileId/155073/
98-0156,appeal,true_duplicate_deleted,byte-identical full_text; discarded source_url: https://doha.ogc.osd.mil/Industrial-Security-Program/Industrial-Security-Clearance-Decisions/DOHA-Appeal-Board/Archived-DOHA-Appeal-Board/2016-and-Prior-DOHA-Appeal-Board/2016-and-Prior-DOHA-Appeal-Board-3/FileId/155077/
98-0225,appeal,true_duplicate_deleted,byte-identical full_text; discarded source_url: https://doha.ogc.osd.mil/Industrial-Security-Program/Industrial-Security-Clearance-Decisions/DOHA-Appeal-Board/Archived-DOHA-Appeal-Board/2016-and-Prior-DOHA-Appeal-Board/2016-and-Prior-DOHA-Appeal-Board-3/FileId/155080/
98-0252,appeal,true_duplicate_deleted,byte-identical full_text; discarded source_url: https://doha.ogc.osd.mil/Industrial-Security-Program/Industrial-Security-Clearance-Decisions/DOHA-Appeal-Board/Archived-DOHA-Appeal-Board/2016-and-Prior-DOHA-Appeal-Board/2016-and-Prior-DOHA-Appeal-Board-3/FileId/155084/
98-0247,appeal,true_duplicate_deleted,byte-identical full_text; discarded source_url: https://doha.ogc.osd.mil/Industrial-Security-Program/Industrial-Security-Clearance-Decisions/DOHA-Appeal-Board/Archived-DOHA-Appeal-Board/2016-and-Prior-DOHA-Appeal-Board/2016-and-Prior-DOHA-Appeal-Board-3/FileId/155085/
98-0257,appeal,true_duplicate_deleted,byte-identical full_text; discarded source_url: https://doha.ogc.osd.mil/Industrial-Security-Program/Industrial-Security-Clearance-Decisions/DOHA-Appeal-Board/Archived-DOHA-Appeal-Board/2016-and-Prior-DOHA-Appeal-Board/2016-and-Prior-DOHA-Appeal-Board-3/FileId/155083/
98-0265,appeal,true_duplicate_deleted,byte-identical full_text; discarded source_url: https://doha.ogc.osd.mil/Industrial-Security-Program/Industrial-Security-Clearance-Decisions/DOHA-Appeal-Board/Archived-DOHA-Appeal-Board/2016-and-Prior-DOHA-Appeal-Board/2016-and-Prior-DOHA-Appeal-Board-3/FileId/155081/
98-0291,appeal,true_duplicate_deleted,byte-identical full_text; discarded source_url: https://doha.ogc.osd.mil/Industrial-Security-Program/Industrial-Security-Clearance-Decisions/DOHA-Appeal-Board/Archived-DOHA-Appeal-Board/2016-and-Prior-DOHA-Appeal-Board/2016-and-Prior-DOHA-Appeal-Board-3/FileId/155082/
98-0320,appeal,true_duplicate_deleted,byte-identical full_text; discarded source_url: https://doha.ogc.osd.mil/Industrial-Security-Program/Industrial-Security-Clearance-Decisions/DOHA-Appeal-Board/Archived-DOHA-Appeal-Board/2016-and-Prior-DOHA-Appeal-Board/2016-and-Prior-DOHA-Appeal-Board-3/FileId/155087/
98-0331,appeal,true_duplicate_deleted,byte-identical full_text; discarded source_url: https://doha.ogc.osd.mil/Industrial-Security-Program/Industrial-Security-Clearance-Decisions/DOHA-Appeal-Board/Archived-DOHA-Appeal-Board/2016-and-Prior-DOHA-Appeal-Board/2016-and-Prior-DOHA-Appeal-Board-3/FileId/155088/
98-0349,appeal,true_duplicate_deleted,byte-identical full_text; discarded source_url: https://doha.ogc.osd.mil/Industrial-Security-Program/Industrial-Security-Clearance-Decisions/DOHA-Appeal-Board/Archived-DOHA-Appeal-Board/2016-and-Prior-DOHA-Appeal-Board/2016-and-Prior-DOHA-Appeal-Board-3/FileId/155086/
98-0350,appeal,true_duplicate_deleted,byte-identical full_text; discarded source_url: https://doha.ogc.osd.mil/Industrial-Security-Program/Industrial-Security-Clearance-Decisions/DOHA-Appeal-Board/Archived-DOHA-Appeal-Board/2016-and-Prior-DOHA-Appeal-Board/2016-and-Prior-DOHA-Appeal-Board-3/FileId/155090/
98-0370,appeal,true_duplicate_deleted,byte-identical full_text; discarded source_url: https://doha.ogc.osd.mil/Industrial-Security-Program/Industrial-Security-Clearance-Decisions/DOHA-Appeal-Board/Archived-DOHA-Appeal-Board/2016-and-Prior-DOHA-Appeal-Board/2016-and-Prior-DOHA-Appeal-Board-3/FileId/155091/
98-0392,appeal,true_duplicate_deleted,byte-identical full_text; discarded source_url: https://doha.ogc.osd.mil/Industrial-Security-Program/Industrial-Security-Clearance-Decisions/DOHA-Appeal-Board/Archived-DOHA-Appeal-Board/2016-and-Prior-DOHA-Appeal-Board/2016-and-Prior-DOHA-Appeal-Board-3/FileId/155092/
98-0394,appeal,true_duplicate_deleted,byte-identical full_text; discarded source_url: https://doha.ogc.osd.mil/Industrial-Security-Program/Industrial-Security-Clearance-Decisions/DOHA-Appeal-Board/Archived-DOHA-Appeal-Board/2016-and-Prior-DOHA-Appeal-Board/2016-and-Prior-DOHA-Appeal-Board-3/FileId/155089/
98-0395,appeal,true_duplicate_deleted,byte-identical full_text; discarded source_url: https://doha.ogc.osd.mil/Industrial-Security-Program/Industrial-Security-Clearance-Decisions/DOHA-Appeal-Board/Archived-DOHA-Appeal-Board/2016-and-Prior-DOHA-Appeal-Board/2016-and-Prior-DOHA-Appeal-Board-3/FileId/155094/
98-0424,appeal,true_duplicate_deleted,byte-identical full_text; discarded source_url: https://doha.ogc.osd.mil/Industrial-Security-Program/Industrial-Security-Clearance-Decisions/DOHA-Appeal-Board/Archived-DOHA-Appeal-Board/2016-and-Prior-DOHA-Appeal-Board/2016-and-Prior-DOHA-Appeal-Board-3/FileId/155093/
98-0435,appeal,true_duplicate_deleted,byte-identical full_text; discarded source_url: https://doha.ogc.osd.mil/Industrial-Security-Program/Industrial-Security-Clearance-Decisions/DOHA-Appeal-Board/Archived-DOHA-Appeal-Board/2016-and-Prior-DOHA-Appeal-Board/2016-and-Prior-DOHA-Appeal-Board-3/FileId/155096/
98-0442,appeal,true_duplicate_deleted,byte-identical full_text; discarded source_url: https://doha.ogc.osd.mil/Industrial-Security-Program/Industrial-Security-Clearance-Decisions/DOHA-Appeal-Board/Archived-DOHA-Appeal-Board/2016-and-Prior-DOHA-Appeal-Board/2016-and-Prior-DOHA-Appeal-Board-3/FileId/155095/
98-0445,appeal,true_duplicate_deleted,byte-identical full_text; discarded source_url: https://doha.ogc.osd.mil/Industrial-Security-Program/Industrial-Security-Clearance-Decisions/DOHA-Appeal-Board/Archived-DOHA-Appeal-Board/2016-and-Prior-DOHA-Appeal-Board/2016-and-Prior-DOHA-Appeal-Board-3/FileId/155097/
98-0448,appeal,true_duplicate_deleted,byte-identical full_text; discarded source_url: https://doha.ogc.osd.mil/Industrial-Security-Program/Industrial-Security-Clearance-Decisions/DOHA-Appeal-Board/Archived-DOHA-Appeal-Board/2016-and-Prior-DOHA-Appeal-Board/2016-and-Prior-DOHA-Appeal-Board-3/FileId/155098/
98-0470,appeal,true_duplicate_deleted,byte-identical full_text; discarded source_url: https://doha.ogc.osd.mil/Industrial-Security-Program/Industrial-Security-Clearance-Decisions/DOHA-Appeal-Board/Archived-DOHA-Appeal-Board/2016-and-Prior-DOHA-Appeal-Board/2016-and-Prior-DOHA-Appeal-Board-3/FileId/155101/
98-0476,appeal,true_duplicate_deleted,byte-identical full_text; discarded source_url: https://doha.ogc.osd.mil/Industrial-Security-Program/Industrial-Security-Clearance-Decisions/DOHA-Appeal-Board/Archived-DOHA-Appeal-Board/2016-and-Prior-DOHA-Appeal-Board/2016-and-Prior-DOHA-Appeal-Board-3/FileId/155099/
98-0479,appeal,true_duplicate_deleted,byte-identical full_text; discarded source_url: https://doha.ogc.osd.mil/Industrial-Security-Program/Industrial-Security-Clearance-Decisions/DOHA-Appeal-Board/Archived-DOHA-Appeal-Board/2016-and-Prior-DOHA-Appeal-Board/2016-and-Prior-DOHA-Appeal-Board-3/FileId/155100/
98-0507,appeal,true_duplicate_deleted,byte-identical full_text; discarded source_url: https://doha.ogc.osd.mil/Industrial-Security-Program/Industrial-Security-Clearance-Decisions/DOHA-Appeal-Board/Archived-DOHA-Appeal-Board/2016-and-Prior-DOHA-Appeal-Board/2016-and-Prior-DOHA-Appeal-Board-3/FileId/155104/
98-0529,appeal,true_duplicate_deleted,byte-identical full_text; discarded source_url: https://doha.ogc.osd.mil/Industrial-Security-Program/Industrial-Security-Clearance-Decisions/DOHA-Appeal-Board/Archived-DOHA-Appeal-Board/2016-and-Prior-DOHA-Appeal-Board/2016-and-Prior-DOHA-Appeal-Board-3/FileId/155105/
98-0582,appeal,true_duplicate_deleted,byte-identical full_text; discarded source_url: https://doha.ogc.osd.mil/Industrial-Security-Program/Industrial-Security-Clearance-Decisions/DOHA-Appeal-Board/Archived-DOHA-Appeal-Board/2016-and-Prior-DOHA-Appeal-Board/2016-and-Prior-DOHA-Appeal-Board-3/FileId/155103/
98-0583,appeal,true_duplicate_deleted,byte-identical full_text; discarded source_url: https://doha.ogc.osd.mil/Industrial-Security-Program/Industrial-Security-Clearance-Decisions/DOHA-Appeal-Board/Archived-DOHA-Appeal-Board/2016-and-Prior-DOHA-Appeal-Board/2016-and-Prior-DOHA-Appeal-Board-3/FileId/155107/
98-0592,appeal,true_duplicate_deleted,byte-identical full_text; discarded source_url: https://doha.ogc.osd.mil/Industrial-Security-Program/Industrial-Security-Clearance-Decisions/DOHA-Appeal-Board/Archived-DOHA-Appeal-Board/2016-and-Prior-DOHA-Appeal-Board/2016-and-Prior-DOHA-Appeal-Board-3/FileId/155106/
98-0608,appeal,true_duplicate_deleted,byte-identical full_text; discarded source_url: https://doha.ogc.osd.mil/Industrial-Security-Program/Industrial-Security-Clearance-Decisions/DOHA-Appeal-Board/Archived-DOHA-Appeal-Board/2016-and-Prior-DOHA-Appeal-Board/2016-and-Prior-DOHA-Appeal-Board-3/FileId/155108/
98-0611,appeal,true_duplicate_deleted,byte-identical full_text; discarded source_url: https://doha.ogc.osd.mil/Industrial-Security-Program/Industrial-Security-Clearance-Decisions/DOHA-Appeal-Board/Archived-DOHA-Appeal-Board/2016-and-Prior-DOHA-Appeal-Board/2016-and-Prior-DOHA-Appeal-Board-3/FileId/155109/
98-0614,appeal,true_duplicate_deleted,byte-identical full_text; discarded source_url: https://doha.ogc.osd.mil/Industrial-Security-Program/Industrial-Security-Clearance-Decisions/DOHA-Appeal-Board/Archived-DOHA-Appeal-Board/2016-and-Prior-DOHA-Appeal-Board/2016-and-Prior-DOHA-Appeal-Board-3/FileId/155118/
98-0617,appeal,true_duplicate_deleted,byte-identical full_text; discarded source_url: https://doha.ogc.osd.mil/Industrial-Security-Program/Industrial-Security-Clearance-Decisions/DOHA-Appeal-Board/Archived-DOHA-Appeal-Board/2016-and-Prior-DOHA-Appeal-Board/2016-and-Prior-DOHA-Appeal-Board-3/FileId/155115/
98-0619,appeal,true_duplicate_deleted,byte-identical full_text; discarded source_url: https://doha.ogc.osd.mil/Industrial-Security-Program/Industrial-Security-Clearance-Decisions/DOHA-Appeal-Board/Archived-DOHA-Appeal-Board/2016-and-Prior-DOHA-Appeal-Board/2016-and-Prior-DOHA-Appeal-Board-3/FileId/155116/
98-0648,appeal,true_duplicate_deleted,byte-identical full_text; discarded source_url: https://doha.ogc.osd.mil/Industrial-Security-Program/Industrial-Security-Clearance-Decisions/DOHA-Appeal-Board/Archived-DOHA-Appeal-Board/2016-and-Prior-DOHA-Appeal-Board/2016-and-Prior-DOHA-Appeal-Board-3/FileId/155113/
98-0621,appeal,true_duplicate_deleted,byte-identical full_text; discarded source_url: https://doha.ogc.osd.mil/Industrial-Security-Program/Industrial-Security-Clearance-Decisions/DOHA-Appeal-Board/Archived-DOHA-Appeal-Board/2016-and-Prior-DOHA-Appeal-Board/2016-and-Prior-DOHA-Appeal-Board-3/FileId/155119/
98-0620,appeal,true_duplicate_deleted,byte-identical full_text; discarded source_url: https://doha.ogc.osd.mil/Industrial-Security-Program/Industrial-Security-Clearance-Decisions/DOHA-Appeal-Board/Archived-DOHA-Appeal-Board/2016-and-Prior-DOHA-Appeal-Board/2016-and-Prior-DOHA-Appeal-Board-3/FileId/155114/
98-0657,appeal,true_duplicate_deleted,byte-identical full_text; discarded source_url: https://doha.ogc.osd.mil/Industrial-Security-Program/Industrial-Security-Clearance-Decisions/DOHA-Appeal-Board/Archived-DOHA-Appeal-Board/2016-and-Prior-DOHA-Appeal-Board/2016-and-Prior-DOHA-Appeal-Board-3/FileId/155111/
98-0676,appeal,true_duplicate_deleted,byte-identical full_text; discarded source_url: https://doha.ogc.osd.mil/Industrial-Security-Program/Industrial-Security-Clearance-Decisions/DOHA-Appeal-Board/Archived-DOHA-Appeal-Board/2016-and-Prior-DOHA-Appeal-Board/2016-and-Prior-DOHA-Appeal-Board-3/FileId/155121/
98-0685,appeal,true_duplicate_deleted,byte-identical full_text; discarded source_url: https://doha.ogc.osd.mil/Industrial-Security-Program/Industrial-Security-Clearance-Decisions/DOHA-Appeal-Board/Archived-DOHA-Appeal-Board/2016-and-Prior-DOHA-Appeal-Board/2016-and-Prior-DOHA-Appeal-Board-3/FileId/155120/
98-0723,appeal,true_duplicate_deleted,byte-identical full_text; discarded source_url: https://doha.ogc.osd.mil/Industrial-Security-Program/Industrial-Security-Clearance-Decisions/DOHA-Appeal-Board/Archived-DOHA-Appeal-Board/2016-and-Prior-DOHA-Appeal-Board/2016-and-Prior-DOHA-Appeal-Board-3/FileId/155123/
98-0743,appeal,true_duplicate_deleted,byte-identical full_text; discarded source_url: https://doha.ogc.osd.mil/Industrial-Security-Program/Industrial-Security-Clearance-Decisions/DOHA-Appeal-Board/Archived-DOHA-Appeal-Board/2016-and-Prior-DOHA-Appeal-Board/2016-and-Prior-DOHA-Appeal-Board-3/FileId/155122/
98-0751,appeal,true_duplicate_deleted,byte-identical full_text; discarded source_url: https://doha.ogc.osd.mil/Industrial-Security-Program/Industrial-Security-Clearance-Decisions/DOHA-Appeal-Board/Archived-DOHA-Appeal-Board/2016-and-Prior-DOHA-Appeal-Board/2016-and-Prior-DOHA-Appeal-Board-3/FileId/155124/
98-0761,appeal,true_duplicate_deleted,byte-identical full_text; discarded source_url: https://doha.ogc.osd.mil/Industrial-Security-Program/Industrial-Security-Clearance-Decisions/DOHA-Appeal-Board/Archived-DOHA-Appeal-Board/2016-and-Prior-DOHA-Appeal-Board/2016-and-Prior-DOHA-Appeal-Board-3/FileId/155127/
98-0767,appeal,true_duplicate_deleted,byte-identical full_text; discarded source_url: https://doha.ogc.osd.mil/Industrial-Security-Program/Industrial-Security-Clearance-Decisions/DOHA-Appeal-Board/Archived-DOHA-Appeal-Board/2016-and-Prior-DOHA-Appeal-Board/2016-and-Prior-DOHA-Appeal-Board-3/FileId/155130/
98-0803,appeal,true_duplicate_deleted,byte-identical full_text; discarded source_url: https://doha.ogc.osd.mil/Industrial-Security-Program/Industrial-Security-Clearance-Decisions/DOHA-Appeal-Board/Archived-DOHA-Appeal-Board/2016-and-Prior-DOHA-Appeal-Board/2016-and-Prior-DOHA-Appeal-Board-3/FileId/155128/
98-0809,appeal,true_duplicate_deleted,byte-identical full_text; discarded source_url: https://doha.ogc.osd.mil/Industrial-Security-Program/Industrial-Security-Clearance-Decisions/DOHA-Appeal-Board/Archived-DOHA-Appeal-Board/2016-and-Prior-DOHA-Appeal-Board/2016-and-Prior-DOHA-Appeal-Board-3/FileId/155126/
98-0810,appeal,true_duplicate_deleted,byte-identical full_text; discarded source_url: https://doha.ogc.osd.mil/Industrial-Security-Program/Industrial-Security-Clearance-Decisions/DOHA-Appeal-Board/Archived-DOHA-Appeal-Board/2016-and-Prior-DOHA-Appeal-Board/2016-and-Prior-DOHA-Appeal-Board-3/FileId/155125/
99-0005,appeal,true_duplicate_deleted,byte-identical full_text; discarded source_url: https://doha.ogc.osd.mil/Industrial-Security-Program/Industrial-Security-Clearance-Decisions/DOHA-Appeal-Board/Archived-DOHA-Appeal-Board/2016-and-Prior-DOHA-Appeal-Board/2016-and-Prior-DOHA-Appeal-Board-3/FileId/155132/
99-0007,appeal,true_duplicate_deleted,byte-identical full_text; discarded source_url: https://doha.ogc.osd.mil/Industrial-Security-Program/Industrial-Security-Clearance-Decisions/DOHA-Appeal-Board/Archived-DOHA-Appeal-Board/2016-and-Prior-DOHA-Appeal-Board/2016-and-Prior-DOHA-Appeal-Board-3/FileId/155131/
99-0012,appeal,true_duplicate_deleted,byte-identical full_text; discarded source_url: https://doha.ogc.osd.mil/Industrial-Security-Program/Industrial-Security-Clearance-Decisions/DOHA-Appeal-Board/Archived-DOHA-Appeal-Board/2016-and-Prior-DOHA-Appeal-Board/2016-and-Prior-DOHA-Appeal-Board-3/FileId/155133/
99-0018,appeal,true_duplicate_deleted,byte-identical full_text; discarded source_url: https://doha.ogc.osd.mil/Industrial-Security-Program/Industrial-Security-Clearance-Decisions/DOHA-Appeal-Board/Archived-DOHA-Appeal-Board/2016-and-Prior-DOHA-Appeal-Board/2016-and-Prior-DOHA-Appeal-Board-3/FileId/155129/
99-0019,appeal,true_duplicate_deleted,byte-identical full_text; discarded source_url: https://doha.ogc.osd.mil/Industrial-Security-Program/Industrial-Security-Clearance-Decisions/DOHA-Appeal-Board/Archived-DOHA-Appeal-Board/2016-and-Prior-DOHA-Appeal-Board/2016-and-Prior-DOHA-Appeal-Board-3/FileId/155135/
99-0032,appeal,true_duplicate_deleted,byte-identical full_text; discarded source_url: https://doha.ogc.osd.mil/Industrial-Security-Program/Industrial-Security-Clearance-Decisions/DOHA-Appeal-Board/Archived-DOHA-Appeal-Board/2016-and-Prior-DOHA-Appeal-Board/2016-and-Prior-DOHA-Appeal-Board-3/FileId/155139/
99-0034,appeal,true_duplicate_deleted,byte-identical full_text; discarded source_url: https://doha.ogc.osd.mil/Industrial-Security-Program/Industrial-Security-Clearance-Decisions/DOHA-Appeal-Board/Archived-DOHA-Appeal-Board/2016-and-Prior-DOHA-Appeal-Board/2016-and-Prior-DOHA-Appeal-Board-3/FileId/155138/
99-0040,appeal,true_duplicate_deleted,byte-identical full_text; discarded source_url: https://doha.ogc.osd.mil/Industrial-Security-Program/Industrial-Security-Clearance-Decisions/DOHA-Appeal-Board/Archived-DOHA-Appeal-Board/2016-and-Prior-DOHA-Appeal-Board/2016-and-Prior-DOHA-Appeal-Board-3/FileId/155137/
99-0068,appeal,true_duplicate_deleted,byte-identical full_text; discarded source_url: https://doha.ogc.osd.mil/Industrial-Security-Program/Industrial-Security-Clearance-Decisions/DOHA-Appeal-Board/Archived-DOHA-Appeal-Board/2016-and-Prior-DOHA-Appeal-Board/2016-and-Prior-DOHA-Appeal-Board-3/FileId/155140/
99-0109,appeal,true_duplicate_deleted,byte-identical full_text; discarded source_url: https://doha.ogc.osd.mil/Industrial-Security-Program/Industrial-Security-Clearance-Decisions/DOHA-Appeal-Board/Archived-DOHA-Appeal-Board/2016-and-Prior-DOHA-Appeal-Board/2016-and-Prior-DOHA-Appeal-Board-3/FileId/155147/
99-0116,appeal,true_duplicate_deleted,byte-identical full_text; discarded source_url: https://doha.ogc.osd.mil/Industrial-Security-Program/Industrial-Security-Clearance-Decisions/DOHA-Appeal-Board/Archived-DOHA-Appeal-Board/2016-and-Prior-DOHA-Appeal-Board/2016-and-Prior-DOHA-Appeal-Board-3/FileId/155136/
99-0119,appeal,true_duplicate_deleted,byte-identical full_text; discarded source_url: https://doha.ogc.osd.mil/Industrial-Security-Program/Industrial-Security-Clearance-Decisions/DOHA-Appeal-Board/Archived-DOHA-Appeal-Board/2016-and-Prior-DOHA-Appeal-Board/2016-and-Prior-DOHA-Appeal-Board-3/FileId/155144/
99-0122,appeal,true_duplicate_deleted,byte-identical full_text; discarded source_url: https://doha.ogc.osd.mil/Industrial-Security-Program/Industrial-Security-Clearance-Decisions/DOHA-Appeal-Board/Archived-DOHA-Appeal-Board/2016-and-Prior-DOHA-Appeal-Board/2016-and-Prior-DOHA-Appeal-Board-3/FileId/155141/
99-0123,appeal,true_duplicate_deleted,byte-identical full_text; discarded source_url: https://doha.ogc.osd.mil/Industrial-Security-Program/Industrial-Security-Clearance-Decisions/DOHA-Appeal-Board/Archived-DOHA-Appeal-Board/2016-and-Prior-DOHA-Appeal-Board/2016-and-Prior-DOHA-Appeal-Board-3/FileId/155145/
99-0124,appeal,true_duplicate_deleted,byte-identical full_text; discarded source_url: https://doha.ogc.osd.mil/Industrial-Security-Program/Industrial-Security-Clearance-Decisions/DOHA-Appeal-Board/Archived-DOHA-Appeal-Board/2016-and-Prior-DOHA-Appeal-Board/2016-and-Prior-DOHA-Appeal-Board-3/FileId/155142/
99-0194,appeal,true_duplicate_deleted,byte-identical full_text; discarded source_url: https://doha.ogc.osd.mil/Industrial-Security-Program/Industrial-Security-Clearance-Decisions/DOHA-Appeal-Board/Archived-DOHA-Appeal-Board/2016-and-Prior-DOHA-Appeal-Board/2016-and-Prior-DOHA-Appeal-Board-3/FileId/155146/
99-0144,appeal,true_duplicate_deleted,byte-identical full_text; discarded source_url: https://doha.ogc.osd.mil/Industrial-Security-Program/Industrial-Security-Clearance-Decisions/DOHA-Appeal-Board/Archived-DOHA-Appeal-Board/2016-and-Prior-DOHA-Appeal-Board/2016-and-Prior-DOHA-Appeal-Board-3/FileId/155143/
99-0200,appeal,true_duplicate_deleted,byte-identical full_text; discarded source_url: https://doha.ogc.osd.mil/Industrial-Security-Program/Industrial-Security-Clearance-Decisions/DOHA-Appeal-Board/Archived-DOHA-Appeal-Board/2016-and-Prior-DOHA-Appeal-Board/2016-and-Prior-DOHA-Appeal-Board-3/FileId/155151/
99-0201,appeal,true_duplicate_deleted,byte-identical full_text; discarded source_url: https://doha.ogc.osd.mil/Industrial-Security-Program/Industrial-Security-Clearance-Decisions/DOHA-Appeal-Board/Archived-DOHA-Appeal-Board/2016-and-Prior-DOHA-Appeal-Board/2016-and-Prior-DOHA-Appeal-Board-3/FileId/155150/
99-0205,appeal,true_duplicate_deleted,byte-identical full_text; discarded source_url: https://doha.ogc.osd.mil/Industrial-Security-Program/Industrial-Security-Clearance-Decisions/DOHA-Appeal-Board/Archived-DOHA-Appeal-Board/2016-and-Prior-DOHA-Appeal-Board/2016-and-Prior-DOHA-Appeal-Board-3/FileId/155148/
99-0212,appeal,true_duplicate_deleted,byte-identical full_text; discarded source_url: https://doha.ogc.osd.mil/Industrial-Security-Program/Industrial-Security-Clearance-Decisions/DOHA-Appeal-Board/Archived-DOHA-Appeal-Board/2016-and-Prior-DOHA-Appeal-Board/2016-and-Prior-DOHA-Appeal-Board-3/FileId/155149/
99-0228,appeal,true_duplicate_deleted,byte-identical full_text; discarded source_url: https://doha.ogc.osd.mil/Industrial-Security-Program/Industrial-Security-Clearance-Decisions/DOHA-Appeal-Board/Archived-DOHA-Appeal-Board/2016-and-Prior-DOHA-Appeal-Board/2016-and-Prior-DOHA-Appeal-Board-3/FileId/155153/
99-0254,appeal,true_duplicate_deleted,byte-identical full_text; discarded source_url: https://doha.ogc.osd.mil/Industrial-Security-Program/Industrial-Security-Clearance-Decisions/DOHA-Appeal-Board/Archived-DOHA-Appeal-Board/2016-and-Prior-DOHA-Appeal-Board/2016-and-Prior-DOHA-Appeal-Board-3/FileId/155152/
99-0288,appeal,true_duplicate_deleted,byte-identical full_text; discarded source_url: https://doha.ogc.osd.mil/Industrial-Security-Program/Industrial-Security-Clearance-Decisions/DOHA-Appeal-Board/Archived-DOHA-Appeal-Board/2016-and-Prior-DOHA-Appeal-Board/2016-and-Prior-DOHA-Appeal-Board-3/FileId/155159/
99-0260,appeal,true_duplicate_deleted,byte-identical full_text; discarded source_url: https://doha.ogc.osd.mil/Industrial-Security-Program/Industrial-Security-Clearance-Decisions/DOHA-Appeal-Board/Archived-DOHA-Appeal-Board/2016-and-Prior-DOHA-Appeal-Board/2016-and-Prior-DOHA-Appeal-Board-3/FileId/155155/
99-0293,appeal,true_duplicate_deleted,byte-identical full_text; discarded source_url: https://doha.ogc.osd.mil/Industrial-Security-Program/Industrial-Security-Clearance-Decisions/DOHA-Appeal-Board/Archived-DOHA-Appeal-Board/2016-and-Prior-DOHA-Appeal-Board/2016-and-Prior-DOHA-Appeal-Board-3/FileId/155156/
99-0295,appeal,true_duplicate_deleted,byte-identical full_text; discarded source_url: https://doha.ogc.osd.mil/Industrial-Security-Program/Industrial-Security-Clearance-Decisions/DOHA-Appeal-Board/Archived-DOHA-Appeal-Board/2016-and-Prior-DOHA-Appeal-Board/2016-and-Prior-DOHA-Appeal-Board-3/FileId/155157/
99-0296,appeal,true_duplicate_deleted,byte-identical full_text; discarded source_url: https://doha.ogc.osd.mil/Industrial-Security-Program/Industrial-Security-Clearance-Decisions/DOHA-Appeal-Board/Archived-DOHA-Appeal-Board/2016-and-Prior-DOHA-Appeal-Board/2016-and-Prior-DOHA-Appeal-Board-3/FileId/155158/
99-0298,appeal,true_duplicate_deleted,byte-identical full_text; discarded source_url: https://doha.ogc.osd.mil/Industrial-Security-Program/Industrial-Security-Clearance-Decisions/DOHA-Appeal-Board/Archived-DOHA-Appeal-Board/2016-and-Prior-DOHA-Appeal-Board/2016-and-Prior-DOHA-Appeal-Board-3/FileId/155154/
99-0304,appeal,true_duplicate_deleted,byte-identical full_text; discarded source_url: https://doha.ogc.osd.mil/Industrial-Security-Program/Industrial-Security-Clearance-Decisions/DOHA-Appeal-Board/Archived-DOHA-Appeal-Board/2016-and-Prior-DOHA-Appeal-Board/2016-and-Prior-DOHA-Appeal-Board-3/FileId/155161/
99-0342,appeal,true_duplicate_deleted,byte-identical full_text; discarded source_url: https://doha.ogc.osd.mil/Industrial-Security-Program/Industrial-Security-Clearance-Decisions/DOHA-Appeal-Board/Archived-DOHA-Appeal-Board/2016-and-Prior-DOHA-Appeal-Board/2016-and-Prior-DOHA-Appeal-Board-3/FileId/155160/
99-0355,appeal,true_duplicate_deleted,byte-identical full_text; discarded source_url: https://doha.ogc.osd.mil/Industrial-Security-Program/Industrial-Security-Clearance-Decisions/DOHA-Appeal-Board/Archived-DOHA-Appeal-Board/2016-and-Prior-DOHA-Appeal-Board/2016-and-Prior-DOHA-Appeal-Board-3/FileId/155163/
99-0381,appeal,true_duplicate_deleted,byte-identical full_text; discarded source_url: https://doha.ogc.osd.mil/Industrial-Security-Program/Industrial-Security-Clearance-Decisions/DOHA-Appeal-Board/Archived-DOHA-Appeal-Board/2016-and-Prior-DOHA-Appeal-Board/2016-and-Prior-DOHA-Appeal-Board-3/FileId/155162/
99-0382,appeal,true_duplicate_deleted,byte-identical full_text; discarded source_url: https://doha.ogc.osd.mil/Industrial-Security-Program/Industrial-Security-Clearance-Decisions/DOHA-Appeal-Board/Archived-DOHA-Appeal-Board/2016-and-Prior-DOHA-Appeal-Board/2016-and-Prior-DOHA-Appeal-Board-3/FileId/155167/
99-0393,appeal,true_duplicate_deleted,byte-identical full_text; discarded source_url: https://doha.ogc.osd.mil/Industrial-Security-Program/Industrial-Security-Clearance-Decisions/DOHA-Appeal-Board/Archived-DOHA-Appeal-Board/2016-and-Prior-DOHA-Appeal-Board/2016-and-Prior-DOHA-Appeal-Board-3/FileId/155164/
99-0417,appeal,true_duplicate_deleted,byte-identical full_text; discarded source_url: https://doha.ogc.osd.mil/Industrial-Security-Program/Industrial-Security-Clearance-Decisions/DOHA-Appeal-Board/Archived-DOHA-Appeal-Board/2016-and-Prior-DOHA-Appeal-Board/2016-and-Prior-DOHA-Appeal-Board-3/FileId/155165/
99-0424,appeal,true_duplicate_deleted,byte-identical full_text; discarded source_url: https://doha.ogc.osd.mil/Industrial-Security-Program/Industrial-Security-Clearance-Decisions/DOHA-Appeal-Board/Archived-DOHA-Appeal-Board/2016-and-Prior-DOHA-Appeal-Board/2016-and-Prior-DOHA-Appeal-Board-3/FileId/155169/
99-0431,appeal,true_duplicate_deleted,byte-identical full_text; discarded source_url: https://doha.ogc.osd.mil/Industrial-Security-Program/Industrial-Security-Clearance-Decisions/DOHA-Appeal-Board/Archived-DOHA-Appeal-Board/2016-and-Prior-DOHA-Appeal-Board/2016-and-Prior-DOHA-Appeal-Board-3/FileId/155166/
99-0433,appeal,true_duplicate_deleted,byte-identical full_text; discarded source_url: https://doha.ogc.osd.mil/Industrial-Security-Program/Industrial-Security-Clearance-Decisions/DOHA-Appeal-Board/Archived-DOHA-Appeal-Board/2016-and-Prior-DOHA-Appeal-Board/2016-and-Prior-DOHA-Appeal-Board-3/FileId/155168/
99-0435,appeal,true_duplicate_deleted,byte-identical full_text; discarded source_url: https://doha.ogc.osd.mil/Industrial-Security-Program/Industrial-Security-Clearance-Decisions/DOHA-Appeal-Board/Archived-DOHA-Appeal-Board/2016-and-Prior-DOHA-Appeal-Board/2016-and-Prior-DOHA-Appeal-Board-3/FileId/155170/
99-0447,appeal,true_duplicate_deleted,byte-identical full_text; discarded source_url: https://doha.ogc.osd.mil/Industrial-Security-Program/Industrial-Security-Clearance-Decisions/DOHA-Appeal-Board/Archived-DOHA-Appeal-Board/2016-and-Prior-DOHA-Appeal-Board/2016-and-Prior-DOHA-Appeal-Board-3/FileId/155171/
99-0452,appeal,true_duplicate_deleted,byte-identical full_text; discarded source_url: https://doha.ogc.osd.mil/Industrial-Security-Program/Industrial-Security-Clearance-Decisions/DOHA-Appeal-Board/Archived-DOHA-Appeal-Board/2016-and-Prior-DOHA-Appeal-Board/2016-and-Prior-DOHA-Appeal-Board-3/FileId/155175/
99-0454,appeal,true_duplicate_deleted,byte-identical full_text; discarded source_url: https://doha.ogc.osd.mil/Industrial-Security-Program/Industrial-Security-Clearance-Decisions/DOHA-Appeal-Board/Archived-DOHA-Appeal-Board/2016-and-Prior-DOHA-Appeal-Board/2016-and-Prior-DOHA-Appeal-Board-3/FileId/155172/
99-0456,appeal,true_duplicate_deleted,byte-identical full_text; discarded source_url: https://doha.ogc.osd.mil/Industrial-Security-Program/Industrial-Security-Clearance-Decisions/DOHA-Appeal-Board/Archived-DOHA-Appeal-Board/2016-and-Prior-DOHA-Appeal-Board/2016-and-Prior-DOHA-Appeal-Board-3/FileId/155174/
99-0457,appeal,true_duplicate_deleted,byte-identical full_text; discarded source_url: https://doha.ogc.osd.mil/Industrial-Security-Program/Industrial-Security-Clearance-Decisions/DOHA-Appeal-Board/Archived-DOHA-Appeal-Board/2016-and-Prior-DOHA-Appeal-Board/2016-and-Prior-DOHA-Appeal-Board-3/FileId/155179/
99-0462,appeal,true_duplicate_deleted,byte-identical full_text; discarded source_url: https://doha.ogc.osd.mil/Industrial-Security-Program/Industrial-Security-Clearance-Decisions/DOHA-Appeal-Board/Archived-DOHA-Appeal-Board/2016-and-Prior-DOHA-Appeal-Board/2016-and-Prior-DOHA-Appeal-Board-3/FileId/155173/
99-0473,appeal,true_duplicate_deleted,byte-identical full_text; discarded source_url: https://doha.ogc.osd.mil/Industrial-Security-Program/Industrial-Security-Clearance-Decisions/DOHA-Appeal-Board/Archived-DOHA-Appeal-Board/2016-and-Prior-DOHA-Appeal-Board/2016-and-Prior-DOHA-Appeal-Board-3/FileId/155177/
99-0480,appeal,true_duplicate_deleted,byte-identical full_text; discarded source_url: https://doha.ogc.osd.mil/Industrial-Security-Program/Industrial-Security-Clearance-Decisions/DOHA-Appeal-Board/Archived-DOHA-Appeal-Board/2016-and-Prior-DOHA-Appeal-Board/2016-and-Prior-DOHA-Appeal-Board-3/FileId/155178/
99-0481,appeal,true_duplicate_deleted,byte-identical full_text; discarded source_url: https://doha.ogc.osd.mil/Industrial-Security-Program/Industrial-Security-Clearance-Decisions/DOHA-Appeal-Board/Archived-DOHA-Appeal-Board/2016-and-Prior-DOHA-Appeal-Board/2016-and-Prior-DOHA-Appeal-Board-3/FileId/155180/
99-0500,appeal,true_duplicate_deleted,byte-identical full_text; discarded source_url: https://doha.ogc.osd.mil/Industrial-Security-Program/Industrial-Security-Clearance-Decisions/DOHA-Appeal-Board/Archived-DOHA-Appeal-Board/2016-and-Prior-DOHA-Appeal-Board/2016-and-Prior-DOHA-Appeal-Board-3/FileId/155182/
99-0511,appeal,true_duplicate_deleted,byte-identical full_text; discarded source_url: https://doha.ogc.osd.mil/Industrial-Security-Program/Industrial-Security-Clearance-Decisions/DOHA-Appeal-Board/Archived-DOHA-Appeal-Board/2016-and-Prior-DOHA-Appeal-Board/2016-and-Prior-DOHA-Appeal-Board-3/FileId/155183/
99-0524,appeal,true_duplicate_deleted,byte-identical full_text; discarded source_url: https://doha.ogc.osd.mil/Industrial-Security-Program/Industrial-Security-Clearance-Decisions/DOHA-Appeal-Board/Archived-DOHA-Appeal-Board/2016-and-Prior-DOHA-Appeal-Board/2016-and-Prior-DOHA-Appeal-Board-3/FileId/155185/
99-0525,appeal,true_duplicate_deleted,byte-identical full_text; discarded source_url: https://doha.ogc.osd.mil/Industrial-Security-Program/Industrial-Security-Clearance-Decisions/DOHA-Appeal-Board/Archived-DOHA-Appeal-Board/2016-and-Prior-DOHA-Appeal-Board/2016-and-Prior-DOHA-Appeal-Board-3/FileId/155191/
99-0519,appeal,true_duplicate_deleted,byte-identical full_text; discarded source_url: https://doha.ogc.osd.mil/Industrial-Security-Program/Industrial-Security-Clearance-Decisions/DOHA-Appeal-Board/Archived-DOHA-Appeal-Board/2016-and-Prior-DOHA-Appeal-Board/2016-and-Prior-DOHA-Appeal-Board-3/FileId/155181/
99-0554,appeal,true_duplicate_deleted,byte-identical full_text; discarded source_url: https://doha.ogc.osd.mil/Industrial-Security-Program/Industrial-Security-Clearance-Decisions/DOHA-Appeal-Board/Archived-DOHA-Appeal-Board/2016-and-Prior-DOHA-Appeal-Board/2016-and-Prior-DOHA-Appeal-Board-3/FileId/155190/
99-0566,appeal,true_duplicate_deleted,byte-identical full_text; discarded source_url: https://doha.ogc.osd.mil/Industrial-Security-Program/Industrial-Security-Clearance-Decisions/DOHA-Appeal-Board/Archived-DOHA-Appeal-Board/2016-and-Prior-DOHA-Appeal-Board/2016-and-Prior-DOHA-Appeal-Board-3/FileId/155184/
99-0557,appeal,true_duplicate_deleted,byte-identical full_text; discarded source_url: https://doha.ogc.osd.mil/Industrial-Security-Program/Industrial-Security-Clearance-Decisions/DOHA-Appeal-Board/Archived-DOHA-Appeal-Board/2016-and-Prior-DOHA-Appeal-Board/2016-and-Prior-DOHA-Appeal-Board-3/FileId/155188/
99-0532,appeal,true_duplicate_deleted,byte-identical full_text; discarded source_url: https://doha.ogc.osd.mil/Industrial-Security-Program/Industrial-Security-Clearance-Decisions/DOHA-Appeal-Board/Archived-DOHA-Appeal-Board/2016-and-Prior-DOHA-Appeal-Board/2016-and-Prior-DOHA-Appeal-Board-3/FileId/155193/
99-0597,appeal,true_duplicate_deleted,byte-identical full_text; discarded source_url: https://doha.ogc.osd.mil/Industrial-Security-Program/Industrial-Security-Clearance-Decisions/DOHA-Appeal-Board/Archived-DOHA-Appeal-Board/2016-and-Prior-DOHA-Appeal-Board/2016-and-Prior-DOHA-Appeal-Board-3/FileId/155187/
99-0601,appeal,true_duplicate_deleted,byte-identical full_text; discarded source_url: https://doha.ogc.osd.mil/Industrial-Security-Program/Industrial-Security-Clearance-Decisions/DOHA-Appeal-Board/Archived-DOHA-Appeal-Board/2016-and-Prior-DOHA-Appeal-Board/2016-and-Prior-DOHA-Appeal-Board-3/FileId/155189/
99-0652,appeal,true_duplicate_deleted,byte-identical full_text; discarded source_url: https://doha.ogc.osd.mil/Industrial-Security-Program/Industrial-Security-Clearance-Decisions/DOHA-Appeal-Board/Archived-DOHA-Appeal-Board/2016-and-Prior-DOHA-Appeal-Board/2016-and-Prior-DOHA-Appeal-Board-3/FileId/155194/
99-0703,appeal,true_duplicate_deleted,byte-identical full_text; discarded source_url: https://doha.ogc.osd.mil/Industrial-Security-Program/Industrial-Security-Clearance-Decisions/DOHA-Appeal-Board/Archived-DOHA-Appeal-Board/2016-and-Prior-DOHA-Appeal-Board/2016-and-Prior-DOHA-Appeal-Board-3/FileId/155186/
99-0710,appeal,true_duplicate_deleted,byte-identical full_text; discarded source_url: https://doha.ogc.osd.mil/Industrial-Security-Program/Industrial-Security-Clearance-Decisions/DOHA-Appeal-Board/Archived-DOHA-Appeal-Board/2016-and-Prior-DOHA-Appeal-Board/2016-and-Prior-DOHA-Appeal-Board-3/FileId/155195/
99-0625,appeal,true_duplicate_deleted,byte-identical full_text; discarded source_url: https://doha.ogc.osd.mil/Industrial-Security-Program/Industrial-Security-Clearance-Decisions/DOHA-Appeal-Board/Archived-DOHA-Appeal-Board/2016-and-Prior-DOHA-Appeal-Board/2016-and-Prior-DOHA-Appeal-Board-3/FileId/155192/
99-0712,appeal,true_duplicate_deleted,byte-identical full_text; discarded source_url: https://doha.ogc.osd.mil/Industrial-Security-Program/Industrial-Security-Clearance-Decisions/DOHA-Appeal-Board/Archived-DOHA-Appeal-Board/2016-and-Prior-DOHA-Appeal-Board/2016-and-Prior-DOHA-Appeal-Board-3/FileId/155196/
99-9020,appeal,true_duplicate_deleted,byte-identical full_text; discarded source_url: https://doha.ogc.osd.mil/Industrial-Security-Program/Industrial-Security-Clearance-Decisions/DOHA-Appeal-Board/Archived-DOHA-Appeal-Board/2016-and-Prior-DOHA-Appeal-Board/2016-and-Prior-DOHA-Appeal-Board-3/FileId/155198/
12-04740,appeal,true_duplicate_deleted,byte-identical full_text; discarded source_url: https://doha.ogc.osd.mil/Industrial-Security-Program/Industrial-Security-Clearance-Decisions/ISCR-Hearing-Decisions/Archived-ISCR-Hearing-Decisions/2017-ISCR-Hearing-Decisions/FileId/91839/
12-05092,appeal,true_duplicate_deleted,byte-identical full_text; discarded source_url: https://doha.ogc.osd.mil/Industrial-Security-Program/Industrial-Security-Clearance-Decisions/ISCR-Hearing-Decisions/Archived-ISCR-Hearing-Decisions/2017-ISCR-Hearing-Decisions/FileId/91842/
12-06259,appeal,true_duplicate_deleted,byte-identical full_text; discarded source_url: https://doha.ogc.osd.mil/Industrial-Security-Program/Industrial-Security-Clearance-Decisions/ISCR-Hearing-Decisions/Archived-ISCR-Hearing-Decisions/2017-ISCR-Hearing-Decisions/FileId/91852/
12-09421,appeal,true_duplicate_deleted,byte-identical full_text; discarded source_url: https://doha.ogc.osd.mil/Industrial-Security-Program/Industrial-Security-Clearance-Decisions/ISCR-Hearing-Decisions/Archived-ISCR-Hearing-Decisions/2017-ISCR-Hearing-Decisions/FileId/91879/
12-09539,appeal,true_duplicate_deleted,byte-identical full_text; discarded source_url: https://doha.ogc.osd.mil/Industrial-Security-Program/Industrial-Security-Clearance-Decisions/ISCR-Hearing-Decisions/Archived-ISCR-Hearing-Decisions/2017-ISCR-Hearing-Decisions/FileId/91882/
12-09886,appeal,true_duplicate_deleted,byte-identical full_text; discarded source_url: https://doha.ogc.osd.mil/Industrial-Security-Program/Industrial-Security-Clearance-Decisions/ISCR-Hearing-Decisions/Archived-ISCR-Hearing-Decisions/2017-ISCR-Hearing-Decisions/FileId/91894/
12-10211,appeal,true_duplicate_deleted,byte-identical full_text; discarded source_url: https://doha.ogc.osd.mil/Industrial-Security-Program/Industrial-Security-Clearance-Decisions/ISCR-Hearing-Decisions/Archived-ISCR-Hearing-Decisions/2017-ISCR-Hearing-Decisions/FileId/91895/
12-10335,appeal,true_duplicate_deleted,byte-identical full_text; discarded source_url: https://doha.ogc.osd.mil/Industrial-Security-Program/Industrial-Security-Clearance-Decisions/ISCR-Hearing-Decisions/Archived-ISCR-Hearing-Decisions/2017-ISCR-Hearing-Decisions/FileId/91897/
12-10545,appeal,true_duplicate_deleted,byte-identical full_text; discarded source_url: https://doha.ogc.osd.mil/Industrial-Security-Program/Industrial-Security-Clearance-Decisions/ISCR-Hearing-Decisions/Archived-ISCR-Hearing-Decisions/2017-ISCR-Hearing-Decisions/FileId/91902/
12-11687,appeal,true_duplicate_deleted,byte-identical full_text; discarded source_url: https://doha.ogc.osd.mil/Industrial-Security-Program/Industrial-Security-Clearance-Decisions/ISCR-Hearing-Decisions/Archived-ISCR-Hearing-Decisions/2017-ISCR-Hearing-Decisions/FileId/91920/
13-00502,appeal,true_duplicate_deleted,byte-identical full_text; discarded source_url: https://doha.ogc.osd.mil/Industrial-Security-Program/Industrial-Security-Clearance-Decisions/ISCR-Hearing-Decisions/Archived-ISCR-Hearing-Decisions/2017-ISCR-Hearing-Decisions/FileId/91933/
14-02845,appeal,true_duplicate_deleted,byte-identical full_text; discarded source_url: https://doha.ogc.osd.mil/Industrial-Security-Program/Industrial-Security-Clearance-Decisions/ISCR-Hearing-Decisions/Archived-ISCR-Hearing-Decisions/2017-ISCR-Hearing-Decisions/FileId/91976/
14-02914,appeal,true_duplicate_deleted,byte-identical full_text; discarded source_url: https://doha.ogc.osd.mil/Industrial-Security-Program/Industrial-Security-Clearance-Decisions/ISCR-Hearing-Decisions/Archived-ISCR-Hearing-Decisions/2017-ISCR-Hearing-Decisions/FileId/91980/
14-03701,appeal,true_duplicate_deleted,byte-identical full_text; discarded source_url: https://doha.ogc.osd.mil/Industrial-Security-Program/Industrial-Security-Clearance-Decisions/ISCR-Hearing-Decisions/Archived-ISCR-Hearing-Decisions/2017-ISCR-Hearing-Decisions/FileId/91994/
14-03986,appeal,true_duplicate_deleted,byte-identical full_text; discarded source_url: https://doha.ogc.osd.mil/Industrial-Security-Program/Industrial-Security-Clearance-Decisions/ISCR-Hearing-Decisions/Archived-ISCR-Hearing-Decisions/2017-ISCR-Hearing-Decisions/FileId/92000/
14-04198,appeal,true_duplicate_deleted,byte-identical full_text; discarded source_url: https://doha.ogc.osd.mil/Industrial-Security-Program/Industrial-Security-Clearance-Decisions/ISCR-Hearing-Decisions/Archived-ISCR-Hearing-Decisions/2017-ISCR-Hearing-Decisions/FileId/92007/
14-04435,appeal,true_duplicate_deleted,byte-identical full_text; discarded source_url: https://doha.ogc.osd.mil/Industrial-Security-Program/Industrial-Security-Clearance-Decisions/ISCR-Hearing-Decisions/Archived-ISCR-Hearing-Decisions/2017-ISCR-Hearing-Decisions/FileId/92013/
14-04693,appeal,true_duplicate_deleted,byte-identical full_text; discarded source_url: https://doha.ogc.osd.mil/Industrial-Security-Program/Industrial-Security-Clearance-Decisions/ISCR-Hearing-Decisions/Archived-ISCR-Hearing-Decisions/2017-ISCR-Hearing-Decisions/FileId/92025/
14-04724,appeal,true_duplicate_deleted,byte-identical full_text; discarded source_url: https://doha.ogc.osd.mil/Industrial-Security-Program/Industrial-Security-Clearance-Decisions/ISCR-Hearing-Decisions/Archived-ISCR-Hearing-Decisions/2017-ISCR-Hearing-Decisions/FileId/92026/
14-05009,appeal,true_duplicate_deleted,byte-identical full_text; discarded source_url: https://doha.ogc.osd.mil/Industrial-Security-Program/Industrial-Security-Clearance-Decisions/ISCR-Hearing-Decisions/Archived-ISCR-Hearing-Decisions/2017-ISCR-Hearing-Decisions/FileId/92039/
14-05005,appeal,true_duplicate_deleted,byte-identical full_text; discarded source_url: https://doha.ogc.osd.mil/Industrial-Security-Program/Industrial-Security-Clearance-Decisions/ISCR-Hearing-Decisions/Archived-ISCR-Hearing-Decisions/2017-ISCR-Hearing-Decisions/FileId/92038/
14-05290,appeal,true_duplicate_deleted,byte-identical full_text; discarded source_url: https://doha.ogc.osd.mil/Industrial-Security-Program/Industrial-Security-Clearance-Decisions/ISCR-Hearing-Decisions/Archived-ISCR-Hearing-Decisions/2017-ISCR-Hearing-Decisions/FileId/92049/
14-05302,appeal,true_duplicate_deleted,byte-identical full_text; discarded source_url: https://doha.ogc.osd.mil/Industrial-Security-Program/Industrial-Security-Clearance-Decisions/ISCR-Hearing-Decisions/Archived-ISCR-Hearing-Decisions/2017-ISCR-Hearing-Decisions/FileId/92055/
14-05477,appeal,true_duplicate_deleted,byte-identical full_text; discarded source_url: https://doha.ogc.osd.mil/Industrial-Security-Program/Industrial-Security-Clearance-Decisions/ISCR-Hearing-Decisions/Archived-ISCR-Hearing-Decisions/2017-ISCR-Hearing-Decisions/FileId/92063/
14-05768,appeal,true_duplicate_deleted,byte-identical full_text; discarded source_url: https://doha.ogc.osd.mil/Industrial-Security-Program/Industrial-Security-Clearance-Decisions/ISCR-Hearing-Decisions/Archived-ISCR-Hearing-Decisions/2017-ISCR-Hearing-Decisions/FileId/92079/
14-05928,appeal,true_duplicate_deleted,byte-identical full_text; discarded source_url: https://doha.ogc.osd.mil/Industrial-Security-Program/Industrial-Security-Clearance-Decisions/ISCR-Hearing-Decisions/Archived-ISCR-Hearing-Decisions/2017-ISCR-Hearing-Decisions/FileId/92085/
14-05994,appeal,true_duplicate_deleted,byte-identical full_text; discarded source_url: https://doha.ogc.osd.mil/Industrial-Security-Program/Industrial-Security-Clearance-Decisions/ISCR-Hearing-Decisions/Archived-ISCR-Hearing-Decisions/2017-ISCR-Hearing-Decisions/FileId/92098/
14-05996,appeal,true_duplicate_deleted,byte-identical full_text; discarded source_url: https://doha.ogc.osd.mil/Industrial-Security-Program/Industrial-Security-Clearance-Decisions/ISCR-Hearing-Decisions/Archived-ISCR-Hearing-Decisions/2017-ISCR-Hearing-Decisions/FileId/92101/
14-06105,appeal,true_duplicate_deleted,byte-identical full_text; discarded source_url: https://doha.ogc.osd.mil/Industrial-Security-Program/Industrial-Security-Clearance-Decisions/ISCR-Hearing-Decisions/Archived-ISCR-Hearing-Decisions/2017-ISCR-Hearing-Decisions/FileId/92104/
14-06532,appeal,true_duplicate_deleted,byte-identical full_text; discarded source_url: https://doha.ogc.osd.mil/Industrial-Security-Program/Industrial-Security-Clearance-Decisions/ISCR-Hearing-Decisions/Archived-ISCR-Hearing-Decisions/2017-ISCR-Hearing-Decisions/FileId/92132/
14-06521,appeal,true_duplicate_deleted,byte-identical full_text; discarded source_url: https://doha.ogc.osd.mil/Industrial-Security-Program/Industrial-Security-Clearance-Decisions/ISCR-Hearing-Decisions/Archived-ISCR-Hearing-Decisions/2017-ISCR-Hearing-Decisions/FileId/92131/
14-06948,appeal,true_duplicate_deleted,byte-identical full_text; discarded source_url: https://doha.ogc.osd.mil/Industrial-Security-Program/Industrial-Security-Clearance-Decisions/ISCR-Hearing-Decisions/Archived-ISCR-Hearing-Decisions/2017-ISCR-Hearing-Decisions/FileId/92170/
14-07028,appeal,true_duplicate_deleted,byte-identical full_text; discarded source_url: https://doha.ogc.osd.mil/Industrial-Security-Program/Industrial-Security-Clearance-Decisions/ISCR-Hearing-Decisions/Archived-ISCR-Hearing-Decisions/2017-ISCR-Hearing-Decisions/FileId/92180/
15-00019,appeal,true_duplicate_deleted,byte-identical full_text; discarded source_url: https://doha.ogc.osd.mil/Industrial-Security-Program/Industrial-Security-Clearance-Decisions/ISCR-Hearing-Decisions/Archived-ISCR-Hearing-Decisions/2017-ISCR-Hearing-Decisions/FileId/92182/
15-00404,appeal,true_duplicate_deleted,byte-identical full_text; discarded source_url: https://doha.ogc.osd.mil/Industrial-Security-Program/Industrial-Security-Clearance-Decisions/ISCR-Hearing-Decisions/Archived-ISCR-Hearing-Decisions/2017-ISCR-Hearing-Decisions/FileId/92226/
15-00423,appeal,true_duplicate_deleted,byte-identical full_text; discarded source_url: https://doha.ogc.osd.mil/Industrial-Security-Program/Industrial-Security-Clearance-Decisions/ISCR-Hearing-Decisions/Archived-ISCR-Hearing-Decisions/2017-ISCR-Hearing-Decisions/FileId/92229/
15-00528,appeal,true_duplicate_deleted,byte-identical full_text; discarded source_url: https://doha.ogc.osd.mil/Industrial-Security-Program/Industrial-Security-Clearance-Decisions/ISCR-Hearing-Decisions/Archived-ISCR-Hearing-Decisions/2017-ISCR-Hearing-Decisions/FileId/92241/
15-00532,appeal,true_duplicate_deleted,byte-identical full_text; discarded source_url: https://doha.ogc.osd.mil/Industrial-Security-Program/Industrial-Security-Clearance-Decisions/ISCR-Hearing-Decisions/Archived-ISCR-Hearing-Decisions/2017-ISCR-Hearing-Decisions/FileId/92244/
15-00535,appeal,true_duplicate_deleted,byte-identical full_text; discarded source_url: https://doha.ogc.osd.mil/Industrial-Security-Program/Industrial-Security-Clearance-Decisions/ISCR-Hearing-Decisions/Archived-ISCR-Hearing-Decisions/2017-ISCR-Hearing-Decisions/FileId/92245/
15-00623,appeal,true_duplicate_deleted,byte-identical full_text; discarded source_url: https://doha.ogc.osd.mil/Industrial-Security-Program/Industrial-Security-Clearance-Decisions/ISCR-Hearing-Decisions/Archived-ISCR-Hearing-Decisions/2017-ISCR-Hearing-Decisions/FileId/92265/
15-00647,appeal,true_duplicate_deleted,byte-identical full_text; discarded source_url: https://doha.ogc.osd.mil/Industrial-Security-Program/Industrial-Security-Clearance-Decisions/ISCR-Hearing-Decisions/Archived-ISCR-Hearing-Decisions/2017-ISCR-Hearing-Decisions/FileId/92267/
15-00729,appeal,true_duplicate_deleted,byte-identical full_text; discarded source_url: https://doha.ogc.osd.mil/Industrial-Security-Program/Industrial-Security-Clearance-Decisions/ISCR-Hearing-Decisions/Archived-ISCR-Hearing-Decisions/2017-ISCR-Hearing-Decisions/FileId/92275/
15-00778,appeal,true_duplicate_deleted,byte-identical full_text; discarded source_url: https://doha.ogc.osd.mil/Industrial-Security-Program/Industrial-Security-Clearance-Decisions/ISCR-Hearing-Decisions/Archived-ISCR-Hearing-Decisions/2017-ISCR-Hearing-Decisions/FileId/92286/
15-00842,appeal,true_duplicate_deleted,byte-identical full_text; discarded source_url: https://doha.ogc.osd.mil/Industrial-Security-Program/Industrial-Security-Clearance-Decisions/ISCR-Hearing-Decisions/Archived-ISCR-Hearing-Decisions/2017-ISCR-Hearing-Decisions/FileId/92299/
15-00906,appeal,true_duplicate_deleted,byte-identical full_text; discarded source_url: https://doha.ogc.osd.mil/Industrial-Security-Program/Industrial-Security-Clearance-Decisions/ISCR-Hearing-Decisions/Archived-ISCR-Hearing-Decisions/2017-ISCR-Hearing-Decisions/FileId/92317/
15-01137,appeal,true_duplicate_deleted,byte-identical full_text; discarded source_url: https://doha.ogc.osd.mil/Industrial-Security-Program/Industrial-Security-Clearance-Decisions/ISCR-Hearing-Decisions/Archived-ISCR-Hearing-Decisions/2017-ISCR-Hearing-Decisions/FileId/92363/
15-01153,appeal,true_duplicate_deleted,byte-identical full_text; discarded source_url: https://doha.ogc.osd.mil/Industrial-Security-Program/Industrial-Security-Clearance-Decisions/ISCR-Hearing-Decisions/Archived-ISCR-Hearing-Decisions/2017-ISCR-Hearing-Decisions/FileId/92371/
15-01182,appeal,true_duplicate_deleted,byte-identical full_text; discarded source_url: https://doha.ogc.osd.mil/Industrial-Security-Program/Industrial-Security-Clearance-Decisions/ISCR-Hearing-Decisions/Archived-ISCR-Hearing-Decisions/2017-ISCR-Hearing-Decisions/FileId/92375/
15-01495,appeal,true_duplicate_deleted,byte-identical full_text; discarded source_url: https://doha.ogc.osd.mil/Industrial-Security-Program/Industrial-Security-Clearance-Decisions/ISCR-Hearing-Decisions/Archived-ISCR-Hearing-Decisions/2017-ISCR-Hearing-Decisions/FileId/92430/
15-01544,appeal,true_duplicate_deleted,byte-identical full_text; discarded source_url: https://doha.ogc.osd.mil/Industrial-Security-Program/Industrial-Security-Clearance-Decisions/ISCR-Hearing-Decisions/Archived-ISCR-Hearing-Decisions/2017-ISCR-Hearing-Decisions/FileId/92439/
15-01652,appeal,true_duplicate_deleted,byte-identical full_text; discarded source_url: https://doha.ogc.osd.mil/Industrial-Security-Program/Industrial-Security-Clearance-Decisions/ISCR-Hearing-Decisions/Archived-ISCR-Hearing-Decisions/2017-ISCR-Hearing-Decisions/FileId/92464/
15-01717,appeal,true_duplicate_deleted,byte-identical full_text; discarded source_url: https://doha.ogc.osd.mil/Industrial-Security-Program/Industrial-Security-Clearance-Decisions/ISCR-Hearing-Decisions/Archived-ISCR-Hearing-Decisions/2017-ISCR-Hearing-Decisions/FileId/92485/
15-01772,appeal,true_duplicate_deleted,byte-identical full_text; discarded source_url: https://doha.ogc.osd.mil/Industrial-Security-Program/Industrial-Security-Clearance-Decisions/ISCR-Hearing-Decisions/Archived-ISCR-Hearing-Decisions/2017-ISCR-Hearing-Decisions/FileId/92498/
15-01807,appeal,true_duplicate_deleted,byte-identical full_text; discarded source_url: https://doha.ogc.osd.mil/Industrial-Security-Program/Industrial-Security-Clearance-Decisions/ISCR-Hearing-Decisions/Archived-ISCR-Hearing-Decisions/2017-ISCR-Hearing-Decisions/FileId/92506/
15-01826,appeal,true_duplicate_deleted,byte-identical full_text; discarded source_url: https://doha.ogc.osd.mil/Industrial-Security-Program/Industrial-Security-Clearance-Decisions/ISCR-Hearing-Decisions/Archived-ISCR-Hearing-Decisions/2017-ISCR-Hearing-Decisions/FileId/92510/
15-01834,appeal,true_duplicate_deleted,byte-identical full_text; discarded source_url: https://doha.ogc.osd.mil/Industrial-Security-Program/Industrial-Security-Clearance-Decisions/ISCR-Hearing-Decisions/Archived-ISCR-Hearing-Decisions/2017-ISCR-Hearing-Decisions/FileId/92517/
15-01905,appeal,true_duplicate_deleted,byte-identical full_text; discarded source_url: https://doha.ogc.osd.mil/Industrial-Security-Program/Industrial-Security-Clearance-Decisions/ISCR-Hearing-Decisions/Archived-ISCR-Hearing-Decisions/2017-ISCR-Hearing-Decisions/FileId/92526/
15-01979,appeal,true_duplicate_deleted,byte-identical full_text; discarded source_url: https://doha.ogc.osd.mil/Industrial-Security-Program/Industrial-Security-Clearance-Decisions/ISCR-Hearing-Decisions/Archived-ISCR-Hearing-Decisions/2017-ISCR-Hearing-Decisions/FileId/92542/
15-01999,appeal,true_duplicate_deleted,byte-identical full_text; discarded source_url: https://doha.ogc.osd.mil/Industrial-Security-Program/Industrial-Security-Clearance-Decisions/ISCR-Hearing-Decisions/Archived-ISCR-Hearing-Decisions/2017-ISCR-Hearing-Decisions/FileId/92546/
15-02050,appeal,true_duplicate_deleted,byte-identical full_text; discarded source_url: https://doha.ogc.osd.mil/Industrial-Security-Program/Industrial-Security-Clearance-Decisions/ISCR-Hearing-Decisions/Archived-ISCR-Hearing-Decisions/2017-ISCR-Hearing-Decisions/FileId/92555/
15-02086,appeal,true_duplicate_deleted,byte-identical full_text; discarded source_url: https://doha.ogc.osd.mil/Industrial-Security-Program/Industrial-Security-Clearance-Decisions/ISCR-Hearing-Decisions/Archived-ISCR-Hearing-Decisions/2017-ISCR-Hearing-Decisions/FileId/92558/
15-02103,appeal,true_duplicate_deleted,byte-identical full_text; discarded source_url: https://doha.ogc.osd.mil/Industrial-Security-Program/Industrial-Security-Clearance-Decisions/ISCR-Hearing-Decisions/Archived-ISCR-Hearing-Decisions/2017-ISCR-Hearing-Decisions/FileId/92562/
15-02407,appeal,true_duplicate_deleted,byte-identical full_text; discarded source_url: https://doha.ogc.osd.mil/Industrial-Security-Program/Industrial-Security-Clearance-Decisions/ISCR-Hearing-Decisions/Archived-ISCR-Hearing-Decisions/2017-ISCR-Hearing-Decisions/FileId/92625/
15-02659,appeal,true_duplicate_deleted,byte-identical full_text; discarded source_url: https://doha.ogc.osd.mil/Industrial-Security-Program/Industrial-Security-Clearance-Decisions/ISCR-Hearing-Decisions/Archived-ISCR-Hearing-Decisions/2017-ISCR-Hearing-Decisions/FileId/92681/
15-02734,appeal,true_duplicate_deleted,byte-identical full_text; discarded source_url: https://doha.ogc.osd.mil/Industrial-Security-Program/Industrial-Security-Clearance-Decisions/ISCR-Hearing-Decisions/Archived-ISCR-Hearing-Decisions/2017-ISCR-Hearing-Decisions/FileId/92704/
15-02816,appeal,true_duplicate_deleted,byte-identical full_text; discarded source_url: https://doha.ogc.osd.mil/Industrial-Security-Program/Industrial-Security-Clearance-Decisions/ISCR-Hearing-Decisions/Archived-ISCR-Hearing-Decisions/2017-ISCR-Hearing-Decisions/FileId/92728/
15-02823,appeal,true_duplicate_deleted,byte-identical full_text; discarded source_url: https://doha.ogc.osd.mil/Industrial-Security-Program/Industrial-Security-Clearance-Decisions/ISCR-Hearing-Decisions/Archived-ISCR-Hearing-Decisions/2017-ISCR-Hearing-Decisions/FileId/92730/
15-02859,appeal,true_duplicate_deleted,byte-identical full_text; discarded source_url: https://doha.ogc.osd.mil/Industrial-Security-Program/Industrial-Security-Clearance-Decisions/ISCR-Hearing-Decisions/Archived-ISCR-Hearing-Decisions/2017-ISCR-Hearing-Decisions/FileId/92746/
15-02903,appeal,true_duplicate_deleted,byte-identical full_text; discarded source_url: https://doha.ogc.osd.mil/Industrial-Security-Program/Industrial-Security-Clearance-Decisions/ISCR-Hearing-Decisions/Archived-ISCR-Hearing-Decisions/2017-ISCR-Hearing-Decisions/FileId/92757/
15-02919,appeal,true_duplicate_deleted,byte-identical full_text; discarded source_url: https://doha.ogc.osd.mil/Industrial-Security-Program/Industrial-Security-Clearance-Decisions/ISCR-Hearing-Decisions/Archived-ISCR-Hearing-Decisions/2017-ISCR-Hearing-Decisions/FileId/92765/
15-02935,appeal,true_duplicate_deleted,byte-identical full_text; discarded source_url: https://doha.ogc.osd.mil/Industrial-Security-Program/Industrial-Security-Clearance-Decisions/ISCR-Hearing-Decisions/Archived-ISCR-Hearing-Decisions/2017-ISCR-Hearing-Decisions/FileId/92769/
15-02955,appeal,true_duplicate_deleted,byte-identical full_text; discarded source_url: https://doha.ogc.osd.mil/Industrial-Security-Program/Industrial-Security-Clearance-Decisions/ISCR-Hearing-Decisions/Archived-ISCR-Hearing-Decisions/2017-ISCR-Hearing-Decisions/FileId/92774/
15-03019,appeal,true_duplicate_deleted,byte-identical full_text; discarded source_url: https://doha.ogc.osd.mil/Industrial-Security-Program/Industrial-Security-Clearance-Decisions/ISCR-Hearing-Decisions/Archived-ISCR-Hearing-Decisions/2017-ISCR-Hearing-Decisions/FileId/92787/
15-03052,appeal,true_duplicate_deleted,byte-identical full_text; discarded source_url: https://doha.ogc.osd.mil/Industrial-Security-Program/Industrial-Security-Clearance-Decisions/ISCR-Hearing-Decisions/Archived-ISCR-Hearing-Decisions/2017-ISCR-Hearing-Decisions/FileId/92792/
15-03061,appeal,true_duplicate_deleted,byte-identical full_text; discarded source_url: https://doha.ogc.osd.mil/Industrial-Security-Program/Industrial-Security-Clearance-Decisions/ISCR-Hearing-Decisions/Archived-ISCR-Hearing-Decisions/2017-ISCR-Hearing-Decisions/FileId/92796/
15-03072,appeal,true_duplicate_deleted,byte-identical full_text; discarded source_url: https://doha.ogc.osd.mil/Industrial-Security-Program/Industrial-Security-Clearance-Decisions/ISCR-Hearing-Decisions/Archived-ISCR-Hearing-Decisions/2017-ISCR-Hearing-Decisions/FileId/92797/
15-03085,appeal,true_duplicate_deleted,byte-identical full_text; discarded source_url: https://doha.ogc.osd.mil/Industrial-Security-Program/Industrial-Security-Clearance-Decisions/ISCR-Hearing-Decisions/Archived-ISCR-Hearing-Decisions/2017-ISCR-Hearing-Decisions/FileId/92804/
15-03098,appeal,true_duplicate_deleted,byte-identical full_text; discarded source_url: https://doha.ogc.osd.mil/Industrial-Security-Program/Industrial-Security-Clearance-Decisions/ISCR-Hearing-Decisions/Archived-ISCR-Hearing-Decisions/2017-ISCR-Hearing-Decisions/FileId/92805/
15-03162,appeal,true_duplicate_deleted,byte-identical full_text; discarded source_url: https://doha.ogc.osd.mil/Industrial-Security-Program/Industrial-Security-Clearance-Decisions/ISCR-Hearing-Decisions/Archived-ISCR-Hearing-Decisions/2017-ISCR-Hearing-Decisions/FileId/92817/
15-03160,appeal,true_duplicate_deleted,byte-identical full_text; discarded source_url: https://doha.ogc.osd.mil/Industrial-Security-Program/Industrial-Security-Clearance-Decisions/ISCR-Hearing-Decisions/Archived-ISCR-Hearing-Decisions/2017-ISCR-Hearing-Decisions/FileId/92812/
15-03168,appeal,true_duplicate_deleted,byte-identical full_text; discarded source_url: https://doha.ogc.osd.mil/Industrial-Security-Program/Industrial-Security-Clearance-Decisions/ISCR-Hearing-Decisions/Archived-ISCR-Hearing-Decisions/2017-ISCR-Hearing-Decisions/FileId/92821/
15-03208,appeal,true_duplicate_deleted,byte-identical full_text; discarded source_url: https://doha.ogc.osd.mil/Industrial-Security-Program/Industrial-Security-Clearance-Decisions/ISCR-Hearing-Decisions/Archived-ISCR-Hearing-Decisions/2017-ISCR-Hearing-Decisions/FileId/92830/
15-03249,appeal,true_duplicate_deleted,byte-identical full_text; discarded source_url: https://doha.ogc.osd.mil/Industrial-Security-Program/Industrial-Security-Clearance-Decisions/ISCR-Hearing-Decisions/Archived-ISCR-Hearing-Decisions/2017-ISCR-Hearing-Decisions/FileId/92841/
15-03321,appeal,true_duplicate_deleted,byte-identical full_text; discarded source_url: https://doha.ogc.osd.mil/Industrial-Security-Program/Industrial-Security-Clearance-Decisions/ISCR-Hearing-Decisions/Archived-ISCR-Hearing-Decisions/2017-ISCR-Hearing-Decisions/FileId/92854/
15-03377,appeal,true_duplicate_deleted,byte-identical full_text; discarded source_url: https://doha.ogc.osd.mil/Industrial-Security-Program/Industrial-Security-Clearance-Decisions/ISCR-Hearing-Decisions/Archived-ISCR-Hearing-Decisions/2017-ISCR-Hearing-Decisions/FileId/92862/
15-03495,appeal,true_duplicate_deleted,byte-identical full_text; discarded source_url: https://doha.ogc.osd.mil/Industrial-Security-Program/Industrial-Security-Clearance-Decisions/ISCR-Hearing-Decisions/Archived-ISCR-Hearing-Decisions/2017-ISCR-Hearing-Decisions/FileId/92883/
15-03592,appeal,true_duplicate_deleted,byte-identical full_text; discarded source_url: https://doha.ogc.osd.mil/Industrial-Security-Program/Industrial-Security-Clearance-Decisions/ISCR-Hearing-Decisions/Archived-ISCR-Hearing-Decisions/2017-ISCR-Hearing-Decisions/FileId/92912/
15-03621,appeal,true_duplicate_deleted,byte-identical full_text; discarded source_url: https://doha.ogc.osd.mil/Industrial-Security-Program/Industrial-Security-Clearance-Decisions/ISCR-Hearing-Decisions/Archived-ISCR-Hearing-Decisions/2017-ISCR-Hearing-Decisions/FileId/92918/
15-03742,appeal,true_duplicate_deleted,byte-identical full_text; discarded source_url: https://doha.ogc.osd.mil/Industrial-Security-Program/Industrial-Security-Clearance-Decisions/ISCR-Hearing-Decisions/Archived-ISCR-Hearing-Decisions/2017-ISCR-Hearing-Decisions/FileId/92941/
15-03778,appeal,true_duplicate_deleted,byte-identical full_text; discarded source_url: https://doha.ogc.osd.mil/Industrial-Security-Program/Industrial-Security-Clearance-Decisions/ISCR-Hearing-Decisions/Archived-ISCR-Hearing-Decisions/2017-ISCR-Hearing-Decisions/FileId/92947/
15-03785,appeal,true_duplicate_deleted,byte-identical full_text; discarded source_url: https://doha.ogc.osd.mil/Industrial-Security-Program/Industrial-Security-Clearance-Decisions/ISCR-Hearing-Decisions/Archived-ISCR-Hearing-Decisions/2017-ISCR-Hearing-Decisions/FileId/92949/
15-03786,appeal,true_duplicate_deleted,byte-identical full_text; discarded source_url: https://doha.ogc.osd.mil/Industrial-Security-Program/Industrial-Security-Clearance-Decisions/ISCR-Hearing-Decisions/Archived-ISCR-Hearing-Decisions/2017-ISCR-Hearing-Decisions/FileId/92952/
15-03801,appeal,true_duplicate_deleted,byte-identical full_text; discarded source_url: https://doha.ogc.osd.mil/Industrial-Security-Program/Industrial-Security-Clearance-Decisions/ISCR-Hearing-Decisions/Archived-ISCR-Hearing-Decisions/2017-ISCR-Hearing-Decisions/FileId/92959/
15-03800,appeal,true_duplicate_deleted,byte-identical full_text; discarded source_url: https://doha.ogc.osd.mil/Industrial-Security-Program/Industrial-Security-Clearance-Decisions/ISCR-Hearing-Decisions/Archived-ISCR-Hearing-Decisions/2017-ISCR-Hearing-Decisions/FileId/92956/
15-03798,appeal,true_duplicate_deleted,byte-identical full_text; discarded source_url: https://doha.ogc.osd.mil/Industrial-Security-Program/Industrial-Security-Clearance-Decisions/ISCR-Hearing-Decisions/Archived-ISCR-Hearing-Decisions/2017-ISCR-Hearing-Decisions/FileId/92960/
15-03904,appeal,true_duplicate_deleted,byte-identical full_text; discarded source_url: https://doha.ogc.osd.mil/Industrial-Security-Program/Industrial-Security-Clearance-Decisions/ISCR-Hearing-Decisions/Archived-ISCR-Hearing-Decisions/2017-ISCR-Hearing-Decisions/FileId/92980/
15-03911,appeal,true_duplicate_deleted,byte-identical full_text; discarded source_url: https://doha.ogc.osd.mil/Industrial-Security-Program/Industrial-Security-Clearance-Decisions/ISCR-Hearing-Decisions/Archived-ISCR-Hearing-Decisions/2017-ISCR-Hearing-Decisions/FileId/92987/
15-03916,appeal,true_duplicate_deleted,byte-identical full_text; discarded source_url: https://doha.ogc.osd.mil/Industrial-Security-Program/Industrial-Security-Clearance-Decisions/ISCR-Hearing-Decisions/Archived-ISCR-Hearing-Decisions/2017-ISCR-Hearing-Decisions/FileId/92992/
15-03924,appeal,true_duplicate_deleted,byte-identical full_text; discarded source_url: https://doha.ogc.osd.mil/Industrial-Security-Program/Industrial-Security-Clearance-Decisions/ISCR-Hearing-Decisions/Archived-ISCR-Hearing-Decisions/2017-ISCR-Hearing-Decisions/FileId/92995/
15-03935,appeal,true_duplicate_deleted,byte-identical full_text; discarded source_url: https://doha.ogc.osd.mil/Industrial-Security-Program/Industrial-Security-Clearance-Decisions/ISCR-Hearing-Decisions/Archived-ISCR-Hearing-Decisions/2017-ISCR-Hearing-Decisions/FileId/92997/
15-03978,appeal,true_duplicate_deleted,byte-identical full_text; discarded source_url: https://doha.ogc.osd.mil/Industrial-Security-Program/Industrial-Security-Clearance-Decisions/ISCR-Hearing-Decisions/Archived-ISCR-Hearing-Decisions/2017-ISCR-Hearing-Decisions/FileId/93006/
15-03995,appeal,true_duplicate_deleted,byte-identical full_text; discarded source_url: https://doha.ogc.osd.mil/Industrial-Security-Program/Industrial-Security-Clearance-Decisions/ISCR-Hearing-Decisions/Archived-ISCR-Hearing-Decisions/2017-ISCR-Hearing-Decisions/FileId/93014/
15-04003,appeal,true_duplicate_deleted,byte-identical full_text; discarded source_url: https://doha.ogc.osd.mil/Industrial-Security-Program/Industrial-Security-Clearance-Decisions/ISCR-Hearing-Decisions/Archived-ISCR-Hearing-Decisions/2017-ISCR-Hearing-Decisions/FileId/93020/
15-04217,appeal,true_duplicate_deleted,byte-identical full_text; discarded source_url: https://doha.ogc.osd.mil/Industrial-Security-Program/Industrial-Security-Clearance-Decisions/ISCR-Hearing-Decisions/Archived-ISCR-Hearing-Decisions/2017-ISCR-Hearing-Decisions/FileId/93067/
15-04266,appeal,true_duplicate_deleted,byte-identical full_text; discarded source_url: https://doha.ogc.osd.mil/Industrial-Security-Program/Industrial-Security-Clearance-Decisions/ISCR-Hearing-Decisions/Archived-ISCR-Hearing-Decisions/2017-ISCR-Hearing-Decisions/FileId/93081/
15-04368,appeal,true_duplicate_deleted,byte-identical full_text; discarded source_url: https://doha.ogc.osd.mil/Industrial-Security-Program/Industrial-Security-Clearance-Decisions/ISCR-Hearing-Decisions/Archived-ISCR-Hearing-Decisions/2017-ISCR-Hearing-Decisions/FileId/93105/
15-04386,appeal,true_duplicate_deleted,byte-identical full_text; discarded source_url: https://doha.ogc.osd.mil/Industrial-Security-Program/Industrial-Security-Clearance-Decisions/ISCR-Hearing-Decisions/Archived-ISCR-Hearing-Decisions/2017-ISCR-Hearing-Decisions/FileId/93109/
15-04465,appeal,true_duplicate_deleted,byte-identical full_text; discarded source_url: https://doha.ogc.osd.mil/Industrial-Security-Program/Industrial-Security-Clearance-Decisions/ISCR-Hearing-Decisions/Archived-ISCR-Hearing-Decisions/2017-ISCR-Hearing-Decisions/FileId/93126/
15-04572,appeal,true_duplicate_deleted,byte-identical full_text; discarded source_url: https://doha.ogc.osd.mil/Industrial-Security-Program/Industrial-Security-Clearance-Decisions/ISCR-Hearing-Decisions/Archived-ISCR-Hearing-Decisions/2017-ISCR-Hearing-Decisions/FileId/93164/
15-04628,appeal,true_duplicate_deleted,byte-identical full_text; discarded source_url: https://doha.ogc.osd.mil/Industrial-Security-Program/Industrial-Security-Clearance-Decisions/ISCR-Hearing-Decisions/Archived-ISCR-Hearing-Decisions/2017-ISCR-Hearing-Decisions/FileId/93177/
15-04764,appeal,true_duplicate_deleted,byte-identical full_text; discarded source_url: https://doha.ogc.osd.mil/Industrial-Security-Program/Industrial-Security-Clearance-Decisions/ISCR-Hearing-Decisions/Archived-ISCR-Hearing-Decisions/2017-ISCR-Hearing-Decisions/FileId/93208/
15-04851,appeal,true_duplicate_deleted,byte-identical full_text; discarded source_url: https://doha.ogc.osd.mil/Industrial-Security-Program/Industrial-Security-Clearance-Decisions/ISCR-Hearing-Decisions/Archived-ISCR-Hearing-Decisions/2017-ISCR-Hearing-Decisions/FileId/93228/
15-04852,appeal,true_duplicate_deleted,byte-identical full_text; discarded source_url: https://doha.ogc.osd.mil/Industrial-Security-Program/Industrial-Security-Clearance-Decisions/ISCR-Hearing-Decisions/Archived-ISCR-Hearing-Decisions/2017-ISCR-Hearing-Decisions/FileId/93229/
15-04918,appeal,true_duplicate_deleted,byte-identical full_text; discarded source_url: https://doha.ogc.osd.mil/Industrial-Security-Program/Industrial-Security-Clearance-Decisions/ISCR-Hearing-Decisions/Archived-ISCR-Hearing-Decisions/2017-ISCR-Hearing-Decisions/FileId/93238/
15-04856,appeal,true_duplicate_deleted,byte-identical full_text; discarded source_url: https://doha.ogc.osd.mil/Industrial-Security-Program/Industrial-Security-Clearance-Decisions/ISCR-Hearing-Decisions/Archived-ISCR-Hearing-Decisions/2017-ISCR-Hearing-Decisions/FileId/93231/
15-04871,appeal,true_duplicate_deleted,byte-identical full_text; discarded source_url: https://doha.ogc.osd.mil/Industrial-Security-Program/Industrial-Security-Clearance-Decisions/ISCR-Hearing-Decisions/Archived-ISCR-Hearing-Decisions/2017-ISCR-Hearing-Decisions/FileId/93233/
15-04953,appeal,true_duplicate_deleted,byte-identical full_text; discarded source_url: https://doha.ogc.osd.mil/Industrial-Security-Program/Industrial-Security-Clearance-Decisions/ISCR-Hearing-Decisions/Archived-ISCR-Hearing-Decisions/2017-ISCR-Hearing-Decisions/FileId/93244/
15-04986,appeal,true_duplicate_deleted,byte-identical full_text; discarded source_url: https://doha.ogc.osd.mil/Industrial-Security-Program/Industrial-Security-Clearance-Decisions/ISCR-Hearing-Decisions/Archived-ISCR-Hearing-Decisions/2017-ISCR-Hearing-Decisions/FileId/93253/
15-05047,appeal,true_duplicate_deleted,byte-identical full_text; discarded source_url: https://doha.ogc.osd.mil/Industrial-Security-Program/Industrial-Security-Clearance-Decisions/ISCR-Hearing-Decisions/Archived-ISCR-Hearing-Decisions/2017-ISCR-Hearing-Decisions/FileId/93262/
15-05049,appeal,true_duplicate_deleted,byte-identical full_text; discarded source_url: https://doha.ogc.osd.mil/Industrial-Security-Program/Industrial-Security-Clearance-Decisions/ISCR-Hearing-Decisions/Archived-ISCR-Hearing-Decisions/2017-ISCR-Hearing-Decisions/FileId/93268/
15-05097,appeal,true_duplicate_deleted,byte-identical full_text; discarded source_url: https://doha.ogc.osd.mil/Industrial-Security-Program/Industrial-Security-Clearance-Decisions/ISCR-Hearing-Decisions/Archived-ISCR-Hearing-Decisions/2017-ISCR-Hearing-Decisions/FileId/93286/
15-05158,appeal,true_duplicate_deleted,byte-identical full_text; discarded source_url: https://doha.ogc.osd.mil/Industrial-Security-Program/Industrial-Security-Clearance-Decisions/ISCR-Hearing-Decisions/Archived-ISCR-Hearing-Decisions/2017-ISCR-Hearing-Decisions/FileId/93297/
15-05157,appeal,true_duplicate_deleted,byte-identical full_text; discarded source_url: https://doha.ogc.osd.mil/Industrial-Security-Program/Industrial-Security-Clearance-Decisions/ISCR-Hearing-Decisions/Archived-ISCR-Hearing-Decisions/2017-ISCR-Hearing-Decisions/FileId/93295/
15-05243,appeal,true_duplicate_deleted,byte-identical full_text; discarded source_url: https://doha.ogc.osd.mil/Industrial-Security-Program/Industrial-Security-Clearance-Decisions/ISCR-Hearing-Decisions/Archived-ISCR-Hearing-Decisions/2017-ISCR-Hearing-Decisions/FileId/93315/
15-05250,appeal,true_duplicate_deleted,byte-identical full_text; discarded source_url: https://doha.ogc.osd.mil/Industrial-Security-Program/Industrial-Security-Clearance-Decisions/ISCR-Hearing-Decisions/Archived-ISCR-Hearing-Decisions/2017-ISCR-Hearing-Decisions/FileId/93317/
15-05310,appeal,true_duplicate_deleted,byte-identical full_text; discarded source_url: https://doha.ogc.osd.mil/Industrial-Security-Program/Industrial-Security-Clearance-Decisions/ISCR-Hearing-Decisions/Archived-ISCR-Hearing-Decisions/2017-ISCR-Hearing-Decisions/FileId/93334/
15-05438,appeal,true_duplicate_deleted,byte-identical full_text; discarded source_url: https://doha.ogc.osd.mil/Industrial-Security-Program/Industrial-Security-Clearance-Decisions/ISCR-Hearing-Decisions/Archived-ISCR-Hearing-Decisions/2017-ISCR-Hearing-Decisions/FileId/93355/
15-05344,appeal,true_duplicate_deleted,byte-identical full_text; discarded source_url: https://doha.ogc.osd.mil/Industrial-Security-Program/Industrial-Security-Clearance-Decisions/ISCR-Hearing-Decisions/Archived-ISCR-Hearing-Decisions/2017-ISCR-Hearing-Decisions/FileId/93344/
15-05478,appeal,true_duplicate_deleted,byte-identical full_text; discarded source_url: https://doha.ogc.osd.mil/Industrial-Security-Program/Industrial-Security-Clearance-Decisions/ISCR-Hearing-Decisions/Archived-ISCR-Hearing-Decisions/2017-ISCR-Hearing-Decisions/FileId/93365/
15-05691,appeal,true_duplicate_deleted,byte-identical full_text; discarded source_url: https://doha.ogc.osd.mil/Industrial-Security-Program/Industrial-Security-Clearance-Decisions/ISCR-Hearing-Decisions/Archived-ISCR-Hearing-Decisions/2017-ISCR-Hearing-Decisions/FileId/93405/
15-05699,appeal,true_duplicate_deleted,byte-identical full_text; discarded source_url: https://doha.ogc.osd.mil/Industrial-Security-Program/Industrial-Security-Clearance-Decisions/ISCR-Hearing-Decisions/Archived-ISCR-Hearing-Decisions/2017-ISCR-Hearing-Decisions/FileId/93406/
15-05849,appeal,true_duplicate_deleted,byte-identical full_text; discarded source_url: https://doha.ogc.osd.mil/Industrial-Security-Program/Industrial-Security-Clearance-Decisions/ISCR-Hearing-Decisions/Archived-ISCR-Hearing-Decisions/2017-ISCR-Hearing-Decisions/FileId/93429/
15-05565,appeal,true_duplicate_deleted,byte-identical full_text; discarded source_url: https://doha.ogc.osd.mil/Industrial-Security-Program/Industrial-Security-Clearance-Decisions/ISCR-Hearing-Decisions/Archived-ISCR-Hearing-Decisions/2017-ISCR-Hearing-Decisions/FileId/93386/
15-06018,appeal,true_duplicate_deleted,byte-identical full_text; discarded source_url: https://doha.ogc.osd.mil/Industrial-Security-Program/Industrial-Security-Clearance-Decisions/ISCR-Hearing-Decisions/Archived-ISCR-Hearing-Decisions/2017-ISCR-Hearing-Decisions/FileId/93459/
15-06050,appeal,true_duplicate_deleted,byte-identical full_text; discarded source_url: https://doha.ogc.osd.mil/Industrial-Security-Program/Industrial-Security-Clearance-Decisions/ISCR-Hearing-Decisions/Archived-ISCR-Hearing-Decisions/2017-ISCR-Hearing-Decisions/FileId/93470/
15-06160,appeal,true_duplicate_deleted,byte-identical full_text; discarded source_url: https://doha.ogc.osd.mil/Industrial-Security-Program/Industrial-Security-Clearance-Decisions/ISCR-Hearing-Decisions/Archived-ISCR-Hearing-Decisions/2017-ISCR-Hearing-Decisions/FileId/93482/
15-06277,appeal,true_duplicate_deleted,byte-identical full_text; discarded source_url: https://doha.ogc.osd.mil/Industrial-Security-Program/Industrial-Security-Clearance-Decisions/ISCR-Hearing-Decisions/Archived-ISCR-Hearing-Decisions/2017-ISCR-Hearing-Decisions/FileId/93507/
15-06390,appeal,true_duplicate_deleted,byte-identical full_text; discarded source_url: https://doha.ogc.osd.mil/Industrial-Security-Program/Industrial-Security-Clearance-Decisions/ISCR-Hearing-Decisions/Archived-ISCR-Hearing-Decisions/2017-ISCR-Hearing-Decisions/FileId/93526/
15-06440,appeal,true_duplicate_deleted,byte-identical full_text; discarded source_url: https://doha.ogc.osd.mil/Industrial-Security-Program/Industrial-Security-Clearance-Decisions/ISCR-Hearing-Decisions/Archived-ISCR-Hearing-Decisions/2017-ISCR-Hearing-Decisions/FileId/93538/
15-06434,appeal,true_duplicate_deleted,byte-identical full_text; discarded source_url: https://doha.ogc.osd.mil/Industrial-Security-Program/Industrial-Security-Clearance-Decisions/ISCR-Hearing-Decisions/Archived-ISCR-Hearing-Decisions/2017-ISCR-Hearing-Decisions/FileId/93537/
15-06494,appeal,true_duplicate_deleted,byte-identical full_text; discarded source_url: https://doha.ogc.osd.mil/Industrial-Security-Program/Industrial-Security-Clearance-Decisions/ISCR-Hearing-Decisions/Archived-ISCR-Hearing-Decisions/2017-ISCR-Hearing-Decisions/FileId/93553/
15-06525,appeal,true_duplicate_deleted,byte-identical full_text; discarded source_url: https://doha.ogc.osd.mil/Industrial-Security-Program/Industrial-Security-Clearance-Decisions/ISCR-Hearing-Decisions/Archived-ISCR-Hearing-Decisions/2017-ISCR-Hearing-Decisions/FileId/93558/
15-06534,appeal,true_duplicate_deleted,byte-identical full_text; discarded source_url: https://doha.ogc.osd.mil/Industrial-Security-Program/Industrial-Security-Clearance-Decisions/ISCR-Hearing-Decisions/Archived-ISCR-Hearing-Decisions/2017-ISCR-Hearing-Decisions/FileId/93564/
15-06535,appeal,true_duplicate_deleted,byte-identical full_text; discarded source_url: https://doha.ogc.osd.mil/Industrial-Security-Program/Industrial-Security-Clearance-Decisions/ISCR-Hearing-Decisions/Archived-ISCR-Hearing-Decisions/2017-ISCR-Hearing-Decisions/FileId/93566/
15-06559,appeal,true_duplicate_deleted,byte-identical full_text; discarded source_url: https://doha.ogc.osd.mil/Industrial-Security-Program/Industrial-Security-Clearance-Decisions/ISCR-Hearing-Decisions/Archived-ISCR-Hearing-Decisions/2017-ISCR-Hearing-Decisions/FileId/93570/
15-06575,appeal,true_duplicate_deleted,byte-identical full_text; discarded source_url: https://doha.ogc.osd.mil/Industrial-Security-Program/Industrial-Security-Clearance-Decisions/ISCR-Hearing-Decisions/Archived-ISCR-Hearing-Decisions/2017-ISCR-Hearing-Decisions/FileId/93573/
15-06611,appeal,true_duplicate_deleted,byte-identical full_text; discarded source_url: https://doha.ogc.osd.mil/Industrial-Security-Program/Industrial-Security-Clearance-Decisions/ISCR-Hearing-Decisions/Archived-ISCR-Hearing-Decisions/2017-ISCR-Hearing-Decisions/FileId/93583/
15-06623,appeal,true_duplicate_deleted,byte-identical full_text; discarded source_url: https://doha.ogc.osd.mil/Industrial-Security-Program/Industrial-Security-Clearance-Decisions/ISCR-Hearing-Decisions/Archived-ISCR-Hearing-Decisions/2017-ISCR-Hearing-Decisions/FileId/93584/
15-06707,appeal,true_duplicate_deleted,byte-identical full_text; discarded source_url: https://doha.ogc.osd.mil/Industrial-Security-Program/Industrial-Security-Clearance-Decisions/ISCR-Hearing-Decisions/Archived-ISCR-Hearing-Decisions/2017-ISCR-Hearing-Decisions/FileId/93614/
15-06731,appeal,true_duplicate_deleted,byte-identical full_text; discarded source_url: https://doha.ogc.osd.mil/Industrial-Security-Program/Industrial-Security-Clearance-Decisions/ISCR-Hearing-Decisions/Archived-ISCR-Hearing-Decisions/2017-ISCR-Hearing-Decisions/FileId/93617/
15-06811,appeal,true_duplicate_deleted,byte-identical full_text; discarded source_url: https://doha.ogc.osd.mil/Industrial-Security-Program/Industrial-Security-Clearance-Decisions/ISCR-Hearing-Decisions/Archived-ISCR-Hearing-Decisions/2017-ISCR-Hearing-Decisions/FileId/93636/
15-06841,appeal,true_duplicate_deleted,byte-identical full_text; discarded source_url: https://doha.ogc.osd.mil/Industrial-Security-Program/Industrial-Security-Clearance-Decisions/ISCR-Hearing-Decisions/Archived-ISCR-Hearing-Decisions/2017-ISCR-Hearing-Decisions/FileId/93642/
15-06852,appeal,true_duplicate_deleted,byte-identical full_text; discarded source_url: https://doha.ogc.osd.mil/Industrial-Security-Program/Industrial-Security-Clearance-Decisions/ISCR-Hearing-Decisions/Archived-ISCR-Hearing-Decisions/2017-ISCR-Hearing-Decisions/FileId/93648/
15-06854,appeal,true_duplicate_deleted,byte-identical full_text; discarded source_url: https://doha.ogc.osd.mil/Industrial-Security-Program/Industrial-Security-Clearance-Decisions/ISCR-Hearing-Decisions/Archived-ISCR-Hearing-Decisions/2017-ISCR-Hearing-Decisions/FileId/93649/
15-07009,appeal,true_duplicate_deleted,byte-identical full_text; discarded source_url: https://doha.ogc.osd.mil/Industrial-Security-Program/Industrial-Security-Clearance-Decisions/ISCR-Hearing-Decisions/Archived-ISCR-Hearing-Decisions/2017-ISCR-Hearing-Decisions/FileId/93673/
15-07047,appeal,true_duplicate_deleted,byte-identical full_text; discarded source_url: https://doha.ogc.osd.mil/Industrial-Security-Program/Industrial-Security-Clearance-Decisions/ISCR-Hearing-Decisions/Archived-ISCR-Hearing-Decisions/2017-ISCR-Hearing-Decisions/FileId/93681/
15-07050,appeal,true_duplicate_deleted,byte-identical full_text; discarded source_url: https://doha.ogc.osd.mil/Industrial-Security-Program/Industrial-Security-Clearance-Decisions/ISCR-Hearing-Decisions/Archived-ISCR-Hearing-Decisions/2017-ISCR-Hearing-Decisions/FileId/93684/
15-07079,appeal,true_duplicate_deleted,byte-identical full_text; discarded source_url: https://doha.ogc.osd.mil/Industrial-Security-Program/Industrial-Security-Clearance-Decisions/ISCR-Hearing-Decisions/Archived-ISCR-Hearing-Decisions/2017-ISCR-Hearing-Decisions/FileId/93964/
15-07064,appeal,true_duplicate_deleted,byte-identical full_text; discarded source_url: https://doha.ogc.osd.mil/Industrial-Security-Program/Industrial-Security-Clearance-Decisions/ISCR-Hearing-Decisions/Archived-ISCR-Hearing-Decisions/2017-ISCR-Hearing-Decisions/FileId/93691/
15-07110,appeal,true_duplicate_deleted,byte-identical full_text; discarded source_url: https://doha.ogc.osd.mil/Industrial-Security-Program/Industrial-Security-Clearance-Decisions/ISCR-Hearing-Decisions/Archived-ISCR-Hearing-Decisions/2017-ISCR-Hearing-Decisions/FileId/93972/
15-07062,appeal,true_duplicate_deleted,byte-identical full_text; discarded source_url: https://doha.ogc.osd.mil/Industrial-Security-Program/Industrial-Security-Clearance-Decisions/ISCR-Hearing-Decisions/Archived-ISCR-Hearing-Decisions/2017-ISCR-Hearing-Decisions/FileId/93688/
15-07119,appeal,true_duplicate_deleted,byte-identical full_text; discarded source_url: https://doha.ogc.osd.mil/Industrial-Security-Program/Industrial-Security-Clearance-Decisions/ISCR-Hearing-Decisions/Archived-ISCR-Hearing-Decisions/2017-ISCR-Hearing-Decisions/FileId/93974/
15-07118,appeal,true_duplicate_deleted,byte-identical full_text; discarded source_url: https://doha.ogc.osd.mil/Industrial-Security-Program/Industrial-Security-Clearance-Decisions/ISCR-Hearing-Decisions/Archived-ISCR-Hearing-Decisions/2017-ISCR-Hearing-Decisions/FileId/93971/
15-07277,appeal,true_duplicate_deleted,byte-identical full_text; discarded source_url: https://doha.ogc.osd.mil/Industrial-Security-Program/Industrial-Security-Clearance-Decisions/ISCR-Hearing-Decisions/Archived-ISCR-Hearing-Decisions/2017-ISCR-Hearing-Decisions/FileId/93705/
15-07294,appeal,true_duplicate_deleted,byte-identical full_text; discarded source_url: https://doha.ogc.osd.mil/Industrial-Security-Program/Industrial-Security-Clearance-Decisions/ISCR-Hearing-Decisions/Archived-ISCR-Hearing-Decisions/2017-ISCR-Hearing-Decisions/FileId/94002/
15-07366,appeal,true_duplicate_deleted,byte-identical full_text; discarded source_url: https://doha.ogc.osd.mil/Industrial-Security-Program/Industrial-Security-Clearance-Decisions/ISCR-Hearing-Decisions/Archived-ISCR-Hearing-Decisions/2017-ISCR-Hearing-Decisions/FileId/93711/
15-07369,appeal,true_duplicate_deleted,byte-identical full_text; discarded source_url: https://doha.ogc.osd.mil/Industrial-Security-Program/Industrial-Security-Clearance-Decisions/ISCR-Hearing-Decisions/Archived-ISCR-Hearing-Decisions/2017-ISCR-Hearing-Decisions/FileId/94015/
15-07644,appeal,true_duplicate_deleted,byte-identical full_text; discarded source_url: https://doha.ogc.osd.mil/Industrial-Security-Program/Industrial-Security-Clearance-Decisions/ISCR-Hearing-Decisions/Archived-ISCR-Hearing-Decisions/2017-ISCR-Hearing-Decisions/FileId/94042/
15-07654,appeal,true_duplicate_deleted,byte-identical full_text; discarded source_url: https://doha.ogc.osd.mil/Industrial-Security-Program/Industrial-Security-Clearance-Decisions/ISCR-Hearing-Decisions/Archived-ISCR-Hearing-Decisions/2017-ISCR-Hearing-Decisions/FileId/94047/
15-07663,appeal,true_duplicate_deleted,byte-identical full_text; discarded source_url: https://doha.ogc.osd.mil/Industrial-Security-Program/Industrial-Security-Clearance-Decisions/ISCR-Hearing-Decisions/Archived-ISCR-Hearing-Decisions/2017-ISCR-Hearing-Decisions/FileId/93718/
15-07687,appeal,true_duplicate_deleted,byte-identical full_text; discarded source_url: https://doha.ogc.osd.mil/Industrial-Security-Program/Industrial-Security-Clearance-Decisions/ISCR-Hearing-Decisions/Archived-ISCR-Hearing-Decisions/2017-ISCR-Hearing-Decisions/FileId/94051/
15-07696,appeal,true_duplicate_deleted,byte-identical full_text; discarded source_url: https://doha.ogc.osd.mil/Industrial-Security-Program/Industrial-Security-Clearance-Decisions/ISCR-Hearing-Decisions/Archived-ISCR-Hearing-Decisions/2017-ISCR-Hearing-Decisions/FileId/94056/
15-07728,appeal,true_duplicate_deleted,byte-identical full_text; discarded source_url: https://doha.ogc.osd.mil/Industrial-Security-Program/Industrial-Security-Clearance-Decisions/ISCR-Hearing-Decisions/Archived-ISCR-Hearing-Decisions/2017-ISCR-Hearing-Decisions/FileId/93727/
15-07791,appeal,true_duplicate_deleted,byte-identical full_text; discarded source_url: https://doha.ogc.osd.mil/Industrial-Security-Program/Industrial-Security-Clearance-Decisions/ISCR-Hearing-Decisions/Archived-ISCR-Hearing-Decisions/2017-ISCR-Hearing-Decisions/FileId/93731/
15-07811,appeal,true_duplicate_deleted,byte-identical full_text; discarded source_url: https://doha.ogc.osd.mil/Industrial-Security-Program/Industrial-Security-Clearance-Decisions/ISCR-Hearing-Decisions/Archived-ISCR-Hearing-Decisions/2017-ISCR-Hearing-Decisions/FileId/93735/
15-07869,appeal,true_duplicate_deleted,byte-identical full_text; discarded source_url: https://doha.ogc.osd.mil/Industrial-Security-Program/Industrial-Security-Clearance-Decisions/ISCR-Hearing-Decisions/Archived-ISCR-Hearing-Decisions/2017-ISCR-Hearing-Decisions/FileId/94072/
15-07882,appeal,true_duplicate_deleted,byte-identical full_text; discarded source_url: https://doha.ogc.osd.mil/Industrial-Security-Program/Industrial-Security-Clearance-Decisions/ISCR-Hearing-Decisions/Archived-ISCR-Hearing-Decisions/2017-ISCR-Hearing-Decisions/FileId/94075/
15-07923,appeal,true_duplicate_deleted,byte-identical full_text; discarded source_url: https://doha.ogc.osd.mil/Industrial-Security-Program/Industrial-Security-Clearance-Decisions/ISCR-Hearing-Decisions/Archived-ISCR-Hearing-Decisions/2017-ISCR-Hearing-Decisions/FileId/94078/
15-07971,appeal,true_duplicate_deleted,byte-identical full_text; discarded source_url: https://doha.ogc.osd.mil/Industrial-Security-Program/Industrial-Security-Clearance-Decisions/ISCR-Hearing-Decisions/Archived-ISCR-Hearing-Decisions/2017-ISCR-Hearing-Decisions/FileId/94084/
15-07979,appeal,true_duplicate_deleted,byte-identical full_text; discarded source_url: https://doha.ogc.osd.mil/Industrial-Security-Program/Industrial-Security-Clearance-Decisions/ISCR-Hearing-Decisions/Archived-ISCR-Hearing-Decisions/2017-ISCR-Hearing-Decisions/FileId/94085/
15-08013,appeal,true_duplicate_deleted,byte-identical full_text; discarded source_url: https://doha.ogc.osd.mil/Industrial-Security-Program/Industrial-Security-Clearance-Decisions/ISCR-Hearing-Decisions/Archived-ISCR-Hearing-Decisions/2017-ISCR-Hearing-Decisions/FileId/94093/
15-08068,appeal,true_duplicate_deleted,byte-identical full_text; discarded source_url: https://doha.ogc.osd.mil/Industrial-Security-Program/Industrial-Security-Clearance-Decisions/ISCR-Hearing-Decisions/Archived-ISCR-Hearing-Decisions/2017-ISCR-Hearing-Decisions/FileId/94096/
15-08130,appeal,true_duplicate_deleted,byte-identical full_text; discarded source_url: https://doha.ogc.osd.mil/Industrial-Security-Program/Industrial-Security-Clearance-Decisions/ISCR-Hearing-Decisions/Archived-ISCR-Hearing-Decisions/2017-ISCR-Hearing-Decisions/FileId/94101/
15-08162,appeal,true_duplicate_deleted,byte-identical full_text; discarded source_url: https://doha.ogc.osd.mil/Industrial-Security-Program/Industrial-Security-Clearance-Decisions/ISCR-Hearing-Decisions/Archived-ISCR-Hearing-Decisions/2017-ISCR-Hearing-Decisions/FileId/94107/
15-08174,appeal,true_duplicate_deleted,byte-identical full_text; discarded source_url: https://doha.ogc.osd.mil/Industrial-Security-Program/Industrial-Security-Clearance-Decisions/ISCR-Hearing-Decisions/Archived-ISCR-Hearing-Decisions/2017-ISCR-Hearing-Decisions/FileId/94111/
15-08163,appeal,true_duplicate_deleted,byte-identical full_text; discarded source_url: https://doha.ogc.osd.mil/Industrial-Security-Program/Industrial-Security-Clearance-Decisions/ISCR-Hearing-Decisions/Archived-ISCR-Hearing-Decisions/2017-ISCR-Hearing-Decisions/FileId/94110/
15-08246,appeal,true_duplicate_deleted,byte-identical full_text; discarded source_url: https://doha.ogc.osd.mil/Industrial-Security-Program/Industrial-Security-Clearance-Decisions/ISCR-Hearing-Decisions/Archived-ISCR-Hearing-Decisions/2017-ISCR-Hearing-Decisions/FileId/94116/
15-08255,appeal,true_duplicate_deleted,byte-identical full_text; discarded source_url: https://doha.ogc.osd.mil/Industrial-Security-Program/Industrial-Security-Clearance-Decisions/ISCR-Hearing-Decisions/Archived-ISCR-Hearing-Decisions/2017-ISCR-Hearing-Decisions/FileId/94120/
15-08250,appeal,true_duplicate_deleted,byte-identical full_text; discarded source_url: https://doha.ogc.osd.mil/Industrial-Security-Program/Industrial-Security-Clearance-Decisions/ISCR-Hearing-Decisions/Archived-ISCR-Hearing-Decisions/2017-ISCR-Hearing-Decisions/FileId/94119/
15-08274,appeal,true_duplicate_deleted,byte-identical full_text; discarded source_url: https://doha.ogc.osd.mil/Industrial-Security-Program/Industrial-Security-Clearance-Decisions/ISCR-Hearing-Decisions/Archived-ISCR-Hearing-Decisions/2017-ISCR-Hearing-Decisions/FileId/93759/
15-08349,appeal,true_duplicate_deleted,byte-identical full_text; discarded source_url: https://doha.ogc.osd.mil/Industrial-Security-Program/Industrial-Security-Clearance-Decisions/ISCR-Hearing-Decisions/Archived-ISCR-Hearing-Decisions/2017-ISCR-Hearing-Decisions/FileId/94138/
15-08409,appeal,true_duplicate_deleted,byte-identical full_text; discarded source_url: https://doha.ogc.osd.mil/Industrial-Security-Program/Industrial-Security-Clearance-Decisions/ISCR-Hearing-Decisions/Archived-ISCR-Hearing-Decisions/2017-ISCR-Hearing-Decisions/FileId/94146/
15-08474,appeal,true_duplicate_deleted,byte-identical full_text; discarded source_url: https://doha.ogc.osd.mil/Industrial-Security-Program/Industrial-Security-Clearance-Decisions/ISCR-Hearing-Decisions/Archived-ISCR-Hearing-Decisions/2017-ISCR-Hearing-Decisions/FileId/94159/
15-08577,appeal,true_duplicate_deleted,byte-identical full_text; discarded source_url: https://doha.ogc.osd.mil/Industrial-Security-Program/Industrial-Security-Clearance-Decisions/ISCR-Hearing-Decisions/Archived-ISCR-Hearing-Decisions/2017-ISCR-Hearing-Decisions/FileId/94167/
15-08676,appeal,true_duplicate_deleted,byte-identical full_text; discarded source_url: https://doha.ogc.osd.mil/Industrial-Security-Program/Industrial-Security-Clearance-Decisions/ISCR-Hearing-Decisions/Archived-ISCR-Hearing-Decisions/2017-ISCR-Hearing-Decisions/FileId/93781/
15-08688,appeal,true_duplicate_deleted,byte-identical full_text; discarded source_url: https://doha.ogc.osd.mil/Industrial-Security-Program/Industrial-Security-Clearance-Decisions/ISCR-Hearing-Decisions/Archived-ISCR-Hearing-Decisions/2017-ISCR-Hearing-Decisions/FileId/94187/
15-08684,appeal,true_duplicate_deleted,byte-identical full_text; discarded source_url: https://doha.ogc.osd.mil/Industrial-Security-Program/Industrial-Security-Clearance-Decisions/ISCR-Hearing-Decisions/Archived-ISCR-Hearing-Decisions/2017-ISCR-Hearing-Decisions/FileId/94184/
15-08711,appeal,true_duplicate_deleted,byte-identical full_text; discarded source_url: https://doha.ogc.osd.mil/Industrial-Security-Program/Industrial-Security-Clearance-Decisions/ISCR-Hearing-Decisions/Archived-ISCR-Hearing-Decisions/2017-ISCR-Hearing-Decisions/FileId/94194/
15-08751,appeal,true_duplicate_deleted,byte-identical full_text; discarded source_url: https://doha.ogc.osd.mil/Industrial-Security-Program/Industrial-Security-Clearance-Decisions/ISCR-Hearing-Decisions/Archived-ISCR-Hearing-Decisions/2017-ISCR-Hearing-Decisions/FileId/94199/
15-08778,appeal,true_duplicate_deleted,byte-identical full_text; discarded source_url: https://doha.ogc.osd.mil/Industrial-Security-Program/Industrial-Security-Clearance-Decisions/ISCR-Hearing-Decisions/Archived-ISCR-Hearing-Decisions/2017-ISCR-Hearing-Decisions/FileId/94202/
15-08779,appeal,true_duplicate_deleted,byte-identical full_text; discarded source_url: https://doha.ogc.osd.mil/Industrial-Security-Program/Industrial-Security-Clearance-Decisions/ISCR-Hearing-Decisions/Archived-ISCR-Hearing-Decisions/2017-ISCR-Hearing-Decisions/FileId/94204/
15-08782,appeal,true_duplicate_deleted,byte-identical full_text; discarded source_url: https://doha.ogc.osd.mil/Industrial-Security-Program/Industrial-Security-Clearance-Decisions/ISCR-Hearing-Decisions/Archived-ISCR-Hearing-Decisions/2017-ISCR-Hearing-Decisions/FileId/94206/
15-08847,appeal,true_duplicate_deleted,byte-identical full_text; discarded source_url: https://doha.ogc.osd.mil/Industrial-Security-Program/Industrial-Security-Clearance-Decisions/ISCR-Hearing-Decisions/Archived-ISCR-Hearing-Decisions/2017-ISCR-Hearing-Decisions/FileId/93793/
15-08885,appeal,true_duplicate_deleted,byte-identical full_text; discarded source_url: https://doha.ogc.osd.mil/Industrial-Security-Program/Industrial-Security-Clearance-Decisions/ISCR-Hearing-Decisions/Archived-ISCR-Hearing-Decisions/2017-ISCR-Hearing-Decisions/FileId/94227/
16-00024,appeal,true_duplicate_deleted,byte-identical full_text; discarded source_url: https://doha.ogc.osd.mil/Industrial-Security-Program/Industrial-Security-Clearance-Decisions/ISCR-Hearing-Decisions/Archived-ISCR-Hearing-Decisions/2017-ISCR-Hearing-Decisions/FileId/94234/
16-00076,appeal,true_duplicate_deleted,byte-identical full_text; discarded source_url: https://doha.ogc.osd.mil/Industrial-Security-Program/Industrial-Security-Clearance-Decisions/ISCR-Hearing-Decisions/Archived-ISCR-Hearing-Decisions/2017-ISCR-Hearing-Decisions/FileId/94242/
16-00088,appeal,true_duplicate_deleted,byte-identical full_text; discarded source_url: https://doha.ogc.osd.mil/Industrial-Security-Program/Industrial-Security-Clearance-Decisions/ISCR-Hearing-Decisions/Archived-ISCR-Hearing-Decisions/2017-ISCR-Hearing-Decisions/FileId/94243/
16-00203,appeal,true_duplicate_deleted,byte-identical full_text; discarded source_url: https://doha.ogc.osd.mil/Industrial-Security-Program/Industrial-Security-Clearance-Decisions/ISCR-Hearing-Decisions/Archived-ISCR-Hearing-Decisions/2017-ISCR-Hearing-Decisions/FileId/94263/
16-00276,appeal,true_duplicate_deleted,byte-identical full_text; discarded source_url: https://doha.ogc.osd.mil/Industrial-Security-Program/Industrial-Security-Clearance-Decisions/ISCR-Hearing-Decisions/Archived-ISCR-Hearing-Decisions/2017-ISCR-Hearing-Decisions/FileId/94269/
16-00302,appeal,true_duplicate_deleted,byte-identical full_text; discarded source_url: https://doha.ogc.osd.mil/Industrial-Security-Program/Industrial-Security-Clearance-Decisions/ISCR-Hearing-Decisions/Archived-ISCR-Hearing-Decisions/2017-ISCR-Hearing-Decisions/FileId/93815/
16-00316,appeal,true_duplicate_deleted,byte-identical full_text; discarded source_url: https://doha.ogc.osd.mil/Industrial-Security-Program/Industrial-Security-Clearance-Decisions/ISCR-Hearing-Decisions/Archived-ISCR-Hearing-Decisions/2017-ISCR-Hearing-Decisions/FileId/94282/
16-00396,appeal,true_duplicate_deleted,byte-identical full_text; discarded source_url: https://doha.ogc.osd.mil/Industrial-Security-Program/Industrial-Security-Clearance-Decisions/ISCR-Hearing-Decisions/Archived-ISCR-Hearing-Decisions/2017-ISCR-Hearing-Decisions/FileId/94291/
16-00420,appeal,true_duplicate_deleted,byte-identical full_text; discarded source_url: https://doha.ogc.osd.mil/Industrial-Security-Program/Industrial-Security-Clearance-Decisions/ISCR-Hearing-Decisions/Archived-ISCR-Hearing-Decisions/2017-ISCR-Hearing-Decisions/FileId/94295/
16-00427,appeal,true_duplicate_deleted,byte-identical full_text; discarded source_url: https://doha.ogc.osd.mil/Industrial-Security-Program/Industrial-Security-Clearance-Decisions/ISCR-Hearing-Decisions/Archived-ISCR-Hearing-Decisions/2017-ISCR-Hearing-Decisions/FileId/93824/
16-00481,appeal,true_duplicate_deleted,byte-identical full_text; discarded source_url: https://doha.ogc.osd.mil/Industrial-Security-Program/Industrial-Security-Clearance-Decisions/ISCR-Hearing-Decisions/Archived-ISCR-Hearing-Decisions/2017-ISCR-Hearing-Decisions/FileId/93825/
16-00495,appeal,true_duplicate_deleted,byte-identical full_text; discarded source_url: https://doha.ogc.osd.mil/Industrial-Security-Program/Industrial-Security-Clearance-Decisions/ISCR-Hearing-Decisions/Archived-ISCR-Hearing-Decisions/2017-ISCR-Hearing-Decisions/FileId/94308/
16-00517,appeal,true_duplicate_deleted,byte-identical full_text; discarded source_url: https://doha.ogc.osd.mil/Industrial-Security-Program/Industrial-Security-Clearance-Decisions/ISCR-Hearing-Decisions/Archived-ISCR-Hearing-Decisions/2017-ISCR-Hearing-Decisions/FileId/94312/
16-00556,appeal,true_duplicate_deleted,byte-identical full_text; discarded source_url: https://doha.ogc.osd.mil/Industrial-Security-Program/Industrial-Security-Clearance-Decisions/ISCR-Hearing-Decisions/Archived-ISCR-Hearing-Decisions/2017-ISCR-Hearing-Decisions/FileId/94320/
16-00578,appeal,true_duplicate_deleted,byte-identical full_text; discarded source_url: https://doha.ogc.osd.mil/Industrial-Security-Program/Industrial-Security-Clearance-Decisions/ISCR-Hearing-Decisions/Archived-ISCR-Hearing-Decisions/2017-ISCR-Hearing-Decisions/FileId/93833/
16-00644,appeal,true_duplicate_deleted,byte-identical full_text; discarded source_url: https://doha.ogc.osd.mil/Industrial-Security-Program/Industrial-Security-Clearance-Decisions/ISCR-Hearing-Decisions/Archived-ISCR-Hearing-Decisions/2017-ISCR-Hearing-Decisions/FileId/94330/
16-00695,appeal,true_duplicate_deleted,byte-identical full_text; discarded source_url: https://doha.ogc.osd.mil/Industrial-Security-Program/Industrial-Security-Clearance-Decisions/ISCR-Hearing-Decisions/Archived-ISCR-Hearing-Decisions/2017-ISCR-Hearing-Decisions/FileId/94339/
16-00759,appeal,true_duplicate_deleted,byte-identical full_text; discarded source_url: https://doha.ogc.osd.mil/Industrial-Security-Program/Industrial-Security-Clearance-Decisions/ISCR-Hearing-Decisions/Archived-ISCR-Hearing-Decisions/2017-ISCR-Hearing-Decisions/FileId/93845/
16-00757,appeal,true_duplicate_deleted,byte-identical full_text; discarded source_url: https://doha.ogc.osd.mil/Industrial-Security-Program/Industrial-Security-Clearance-Decisions/ISCR-Hearing-Decisions/Archived-ISCR-Hearing-Decisions/2017-ISCR-Hearing-Decisions/FileId/93843/
16-00812,appeal,true_duplicate_deleted,byte-identical full_text; discarded source_url: https://doha.ogc.osd.mil/Industrial-Security-Program/Industrial-Security-Clearance-Decisions/ISCR-Hearing-Decisions/Archived-ISCR-Hearing-Decisions/2017-ISCR-Hearing-Decisions/FileId/94353/
16-00844,appeal,true_duplicate_deleted,byte-identical full_text; discarded source_url: https://doha.ogc.osd.mil/Industrial-Security-Program/Industrial-Security-Clearance-Decisions/ISCR-Hearing-Decisions/Archived-ISCR-Hearing-Decisions/2017-ISCR-Hearing-Decisions/FileId/94362/
16-01129,appeal,true_duplicate_deleted,byte-identical full_text; discarded source_url: https://doha.ogc.osd.mil/Industrial-Security-Program/Industrial-Security-Clearance-Decisions/ISCR-Hearing-Decisions/Archived-ISCR-Hearing-Decisions/2017-ISCR-Hearing-Decisions/FileId/93861/
16-01209,appeal,true_duplicate_deleted,byte-identical full_text; discarded source_url: https://doha.ogc.osd.mil/Industrial-Security-Program/Industrial-Security-Clearance-Decisions/ISCR-Hearing-Decisions/Archived-ISCR-Hearing-Decisions/2017-ISCR-Hearing-Decisions/FileId/94401/
16-01237,appeal,true_duplicate_deleted,byte-identical full_text; discarded source_url: https://doha.ogc.osd.mil/Industrial-Security-Program/Industrial-Security-Clearance-Decisions/ISCR-Hearing-Decisions/Archived-ISCR-Hearing-Decisions/2017-ISCR-Hearing-Decisions/FileId/94403/
16-01238,appeal,true_duplicate_deleted,byte-identical full_text; discarded source_url: https://doha.ogc.osd.mil/Industrial-Security-Program/Industrial-Security-Clearance-Decisions/ISCR-Hearing-Decisions/Archived-ISCR-Hearing-Decisions/2017-ISCR-Hearing-Decisions/FileId/94406/
16-01251,appeal,true_duplicate_deleted,byte-identical full_text; discarded source_url: https://doha.ogc.osd.mil/Industrial-Security-Program/Industrial-Security-Clearance-Decisions/ISCR-Hearing-Decisions/Archived-ISCR-Hearing-Decisions/2017-ISCR-Hearing-Decisions/FileId/94410/
16-01390,appeal,true_duplicate_deleted,byte-identical full_text; discarded source_url: https://doha.ogc.osd.mil/Industrial-Security-Program/Industrial-Security-Clearance-Decisions/ISCR-Hearing-Decisions/Archived-ISCR-Hearing-Decisions/2017-ISCR-Hearing-Decisions/FileId/94425/
16-01434,appeal,true_duplicate_deleted,byte-identical full_text; discarded source_url: https://doha.ogc.osd.mil/Industrial-Security-Program/Industrial-Security-Clearance-Decisions/ISCR-Hearing-Decisions/Archived-ISCR-Hearing-Decisions/2017-ISCR-Hearing-Decisions/FileId/94431/
16-01430,appeal,true_duplicate_deleted,byte-identical full_text; discarded source_url: https://doha.ogc.osd.mil/Industrial-Security-Program/Industrial-Security-Clearance-Decisions/ISCR-Hearing-Decisions/Archived-ISCR-Hearing-Decisions/2017-ISCR-Hearing-Decisions/FileId/94430/
16-01687,appeal,true_duplicate_deleted,byte-identical full_text; discarded source_url: https://doha.ogc.osd.mil/Industrial-Security-Program/Industrial-Security-Clearance-Decisions/ISCR-Hearing-Decisions/Archived-ISCR-Hearing-Decisions/2017-ISCR-Hearing-Decisions/FileId/93892/
16-01684,appeal,true_duplicate_deleted,byte-identical full_text; discarded source_url: https://doha.ogc.osd.mil/Industrial-Security-Program/Industrial-Security-Clearance-Decisions/ISCR-Hearing-Decisions/Archived-ISCR-Hearing-Decisions/2017-ISCR-Hearing-Decisions/FileId/93889/
16-01715,appeal,true_duplicate_deleted,byte-identical full_text; discarded source_url: https://doha.ogc.osd.mil/Industrial-Security-Program/Industrial-Security-Clearance-Decisions/ISCR-Hearing-Decisions/Archived-ISCR-Hearing-Decisions/2017-ISCR-Hearing-Decisions/FileId/94463/
16-01733,appeal,true_duplicate_deleted,byte-identical full_text; discarded source_url: https://doha.ogc.osd.mil/Industrial-Security-Program/Industrial-Security-Clearance-Decisions/ISCR-Hearing-Decisions/Archived-ISCR-Hearing-Decisions/2017-ISCR-Hearing-Decisions/FileId/94469/
16-01750,appeal,true_duplicate_deleted,byte-identical full_text; discarded source_url: https://doha.ogc.osd.mil/Industrial-Security-Program/Industrial-Security-Clearance-Decisions/ISCR-Hearing-Decisions/Archived-ISCR-Hearing-Decisions/2017-ISCR-Hearing-Decisions/FileId/94471/
16-01787,appeal,true_duplicate_deleted,byte-identical full_text; discarded source_url: https://doha.ogc.osd.mil/Industrial-Security-Program/Industrial-Security-Clearance-Decisions/ISCR-Hearing-Decisions/Archived-ISCR-Hearing-Decisions/2017-ISCR-Hearing-Decisions/FileId/94478/
16-01788,appeal,true_duplicate_deleted,byte-identical full_text; discarded source_url: https://doha.ogc.osd.mil/Industrial-Security-Program/Industrial-Security-Clearance-Decisions/ISCR-Hearing-Decisions/Archived-ISCR-Hearing-Decisions/2017-ISCR-Hearing-Decisions/FileId/94479/
16-01829,appeal,true_duplicate_deleted,byte-identical full_text; discarded source_url: https://doha.ogc.osd.mil/Industrial-Security-Program/Industrial-Security-Clearance-Decisions/ISCR-Hearing-Decisions/Archived-ISCR-Hearing-Decisions/2017-ISCR-Hearing-Decisions/FileId/94480/
16-01871,appeal,true_duplicate_deleted,byte-identical full_text; discarded source_url: https://doha.ogc.osd.mil/Industrial-Security-Program/Industrial-Security-Clearance-Decisions/ISCR-Hearing-Decisions/Archived-ISCR-Hearing-Decisions/2017-ISCR-Hearing-Decisions/FileId/93904/
16-01941,appeal,true_duplicate_deleted,byte-identical full_text; discarded source_url: https://doha.ogc.osd.mil/Industrial-Security-Program/Industrial-Security-Clearance-Decisions/ISCR-Hearing-Decisions/Archived-ISCR-Hearing-Decisions/2017-ISCR-Hearing-Decisions/FileId/94499/
16-02005,appeal,true_duplicate_deleted,byte-identical full_text; discarded source_url: https://doha.ogc.osd.mil/Industrial-Security-Program/Industrial-Security-Clearance-Decisions/ISCR-Hearing-Decisions/Archived-ISCR-Hearing-Decisions/2017-ISCR-Hearing-Decisions/FileId/94507/
16-02098,appeal,true_duplicate_deleted,byte-identical full_text; discarded source_url: https://doha.ogc.osd.mil/Industrial-Security-Program/Industrial-Security-Clearance-Decisions/ISCR-Hearing-Decisions/Archived-ISCR-Hearing-Decisions/2017-ISCR-Hearing-Decisions/FileId/93912/
16-02246,appeal,true_duplicate_deleted,byte-identical full_text; discarded source_url: https://doha.ogc.osd.mil/Industrial-Security-Program/Industrial-Security-Clearance-Decisions/ISCR-Hearing-Decisions/Archived-ISCR-Hearing-Decisions/2017-ISCR-Hearing-Decisions/FileId/94538/
16-02367,appeal,true_duplicate_deleted,byte-identical full_text; discarded source_url: https://doha.ogc.osd.mil/Industrial-Security-Program/Industrial-Security-Clearance-Decisions/ISCR-Hearing-Decisions/Archived-ISCR-Hearing-Decisions/2017-ISCR-Hearing-Decisions/FileId/94544/
16-02402,appeal,true_duplicate_deleted,byte-identical full_text; discarded source_url: https://doha.ogc.osd.mil/Industrial-Security-Program/Industrial-Security-Clearance-Decisions/ISCR-Hearing-Decisions/Archived-ISCR-Hearing-Decisions/2017-ISCR-Hearing-Decisions/FileId/94551/
16-02522,appeal,true_duplicate_deleted,byte-identical full_text; discarded source_url: https://doha.ogc.osd.mil/Industrial-Security-Program/Industrial-Security-Clearance-Decisions/ISCR-Hearing-Decisions/Archived-ISCR-Hearing-Decisions/2017-ISCR-Hearing-Decisions/FileId/93928/
16-02473,appeal,true_duplicate_deleted,byte-identical full_text; discarded source_url: https://doha.ogc.osd.mil/Industrial-Security-Program/Industrial-Security-Clearance-Decisions/ISCR-Hearing-Decisions/Archived-ISCR-Hearing-Decisions/2017-ISCR-Hearing-Decisions/FileId/93927/
16-02877,appeal,true_duplicate_deleted,byte-identical full_text; discarded source_url: https://doha.ogc.osd.mil/Industrial-Security-Program/Industrial-Security-Clearance-Decisions/ISCR-Hearing-Decisions/Archived-ISCR-Hearing-Decisions/2017-ISCR-Hearing-Decisions/FileId/94578/
16-02941,appeal,true_duplicate_deleted,byte-identical full_text; discarded source_url: https://doha.ogc.osd.mil/Industrial-Security-Program/Industrial-Security-Clearance-Decisions/ISCR-Hearing-Decisions/Archived-ISCR-Hearing-Decisions/2017-ISCR-Hearing-Decisions/FileId/94584/
16-03219,appeal,true_duplicate_deleted,byte-identical full_text; discarded source_url: https://doha.ogc.osd.mil/Industrial-Security-Program/Industrial-Security-Clearance-Decisions/ISCR-Hearing-Decisions/Archived-ISCR-Hearing-Decisions/2017-ISCR-Hearing-Decisions/FileId/94594/
16-03438,appeal,true_duplicate_deleted,byte-identical full_text; discarded source_url: https://doha.ogc.osd.mil/Industrial-Security-Program/Industrial-Security-Clearance-Decisions/ISCR-Hearing-Decisions/Archived-ISCR-Hearing-Decisions/2017-ISCR-Hearing-Decisions/FileId/93948/
16-03451,appeal,true_duplicate_deleted,byte-identical full_text; discarded source_url: https://doha.ogc.osd.mil/Industrial-Security-Program/Industrial-Security-Clearance-Decisions/ISCR-Hearing-Decisions/Archived-ISCR-Hearing-Decisions/2017-ISCR-Hearing-Decisions/FileId/94611/
16-03485,appeal,true_duplicate_deleted,byte-identical full_text; discarded source_url: https://doha.ogc.osd.mil/Industrial-Security-Program/Industrial-Security-Clearance-Decisions/ISCR-Hearing-Decisions/Archived-ISCR-Hearing-Decisions/2017-ISCR-Hearing-Decisions/FileId/94617/
17-00238,appeal,true_duplicate_deleted,byte-identical full_text; discarded source_url: https://doha.ogc.osd.mil/Industrial-Security-Program/Industrial-Security-Clearance-Decisions/ISCR-Hearing-Decisions/Archived-ISCR-Hearing-Decisions/2017-ISCR-Hearing-Decisions/FileId/94639/
17-00257,appeal,true_duplicate_deleted,byte-identical full_text; discarded source_url: https://doha.ogc.osd.mil/Industrial-Security-Program/Industrial-Security-Clearance-Decisions/ISCR-Hearing-Decisions/Archived-ISCR-Hearing-Decisions/2017-ISCR-Hearing-Decisions/FileId/93961/
19-01656,hearing,true_duplicate_deleted,byte-identical full_text; discarded source_url: https://doha.ogc.osd.mil/Industrial-Security-Program/Industrial-Security-Clearance-Decisions/ISCR-Hearing-Decisions/2022-ISCR-Hearing-Decisions/FileId/168871/
19-03795,hearing,true_duplicate_deleted,byte-identical full_text; discarded source_url: https://doha.ogc.osd.mil/Industrial-Security-Program/Industrial-Security-Clearance-Decisions/ISCR-Hearing-Decisions/2022-ISCR-Hearing-Decisions/FileId/168883/
19-04075,hearing,true_duplicate_deleted,byte-identical full_text; discarded source_url: https://doha.ogc.osd.mil/Industrial-Security-Program/Industrial-Security-Clearance-Decisions/ISCR-Hearing-Decisions/2022-ISCR-Hearing-Decisions/FileId/168854/
20-00198,hearing,true_duplicate_deleted,byte-identical full_text; discarded source_url: https://doha.ogc.osd.mil/Industrial-Security-Program/Industrial-Security-Clearance-Decisions/ISCR-Hearing-Decisions/2022-ISCR-Hearing-Decisions/FileId/168856/
20-02851,hearing,true_duplicate_deleted,byte-identical full_text; discarded source_url: https://doha.ogc.osd.mil/Industrial-Security-Program/Industrial-Security-Clearance-Decisions/ISCR-Hearing-Decisions/2022-ISCR-Hearing-Decisions/FileId/168852/
20-03126,hearing,true_duplicate_deleted,byte-identical full_text; discarded source_url: https://doha.ogc.osd.mil/Industrial-Security-Program/Industrial-Security-Clearance-Decisions/ISCR-Hearing-Decisions/2022-ISCR-Hearing-Decisions/FileId/168853/
20-03551,hearing,true_duplicate_deleted,byte-identical full_text; discarded source_url: https://doha.ogc.osd.mil/Industrial-Security-Program/Industrial-Security-Clearance-Decisions/ISCR-Hearing-Decisions/2022-ISCR-Hearing-Decisions/FileId/168862/
21-00010,hearing,true_duplicate_deleted,byte-identical full_text; discarded source_url: https://doha.ogc.osd.mil/Industrial-Security-Program/Industrial-Security-Clearance-Decisions/ISCR-Hearing-Decisions/2022-ISCR-Hearing-Decisions/FileId/168858/
21-00054,hearing,true_duplicate_deleted,byte-identical full_text; discarded source_url: https://doha.ogc.osd.mil/Industrial-Security-Program/Industrial-Security-Clearance-Decisions/ISCR-Hearing-Decisions/2022-ISCR-Hearing-Decisions/FileId/168860/
21-00558,hearing,true_duplicate_deleted,byte-identical full_text; discarded source_url: https://doha.ogc.osd.mil/Industrial-Security-Program/Industrial-Security-Clearance-Decisions/ISCR-Hearing-Decisions/2022-ISCR-Hearing-Decisions/FileId/168861/
21-00840,hearing,true_duplicate_deleted,byte-identical full_text; discarded source_url: https://doha.ogc.osd.mil/Industrial-Security-Program/Industrial-Security-Clearance-Decisions/ISCR-Hearing-Decisions/2022-ISCR-Hearing-Decisions/FileId/168864/
21-01250,hearing,true_duplicate_deleted,byte-identical full_text; discarded source_url: https://doha.ogc.osd.mil/Industrial-Security-Program/Industrial-Security-Clearance-Decisions/ISCR-Hearing-Decisions/2022-ISCR-Hearing-Decisions/FileId/168869/
19-03605,hearing,true_duplicate_deleted,byte-identical full_text; discarded source_url: https://doha.ogc.osd.mil/Industrial-Security-Program/Industrial-Security-Clearance-Decisions/ISCR-Hearing-Decisions/2023-ISCR-Hearing-Decisions/FileId/211499/
20-02969,hearing,true_duplicate_deleted,byte-identical full_text; discarded source_url: https://doha.ogc.osd.mil/Industrial-Security-Program/Industrial-Security-Clearance-Decisions/ISCR-Hearing-Decisions/2024-ISCR-Hearing/FileId/221363/
22-02201,hearing,true_duplicate_deleted,byte-identical full_text; discarded source_url: https://doha.ogc.osd.mil/Industrial-Security-Program/Industrial-Security-Clearance-Decisions/ISCR-Hearing-Decisions/2024-ISCR-Hearing/FileId/221332/
05-02777,hearing,degenerate_text_flagged,full_text under 200 chars: 39
09-08705,hearing,degenerate_text_flagged,full_text under 200 chars: 7
10-00149,hearing,degenerate_text_flagged,full_text under 200 chars: 7
08-07347,hearing,degenerate_text_flagged,full_text under 200 chars: 0
08-07385,hearing,degenerate_text_flagged,full_text under 200 chars: 0
08-08435,hearing,degenerate_text_flagged,full_text under 200 chars: 22
02-26978,hearing,degenerate_text_flagged,full_text under 200 chars: 137
10-04325,appeal,case_number_collision_kept,different document sharing this case number; both retained
14-05986,appeal,case_number_collision_kept,different document sharing this case number; both retained
15-02333,appeal,case_number_collision_kept,different document sharing this case number; both retained
00-0055,appeal,case_number_collision_kept,different document sharing this case number; both retained
01-02046,hearing,case_number_collision_kept,different document sharing this case number; both retained
01-02270,hearing,case_number_collision_kept,different document sharing this case number; both retained
01-12350,hearing,case_number_collision_kept,different document sharing this case number; both retained
01-12922,hearing,case_number_collision_kept,different document sharing this case number; both retained
01-13566,hearing,case_number_collision_kept,different document sharing this case number; both retained
01-15230,hearing,case_number_collision_kept,different document sharing this case number; both retained
01-15891,hearing,case_number_collision_kept,different document sharing this case number; both retained
01-17539,hearing,case_number_collision_kept,different document sharing this case number; both retained
01-17917,hearing,case_number_collision_kept,different document sharing this case number; both retained
01-18827,hearing,case_number_collision_kept,different document sharing this case number; both retained
01-18445,hearing,case_number_collision_kept,different document sharing this case number; both retained
01-20445,hearing,case_number_collision_kept,different document sharing this case number; both retained
01-20562,hearing,case_number_collision_kept,different document sharing this case number; both retained
01-21292,hearing,case_number_collision_kept,different document sharing this case number; both retained
01-21851,hearing,case_number_collision_kept,different document sharing this case number; both retained
01-22311,hearing,case_number_collision_kept,different document sharing this case number; both retained
01-22566,hearing,case_number_collision_kept,different document sharing this case number; both retained
01-22606,hearing,case_number_collision_kept,different document sharing this case number; both retained
01-24030,hearing,case_number_collision_kept,different document sharing this case number; both retained
01-24365,hearing,case_number_collision_kept,different document sharing this case number; both retained
01-24997,hearing,case_number_collision_kept,different document sharing this case number; both retained
01-25380,hearing,case_number_collision_kept,different document sharing this case number; both retained
01-25608,hearing,case_number_collision_kept,different document sharing this case number; both retained
01-26436,hearing,case_number_collision_kept,different document sharing this case number; both retained
01-27082,hearing,case_number_collision_kept,different document sharing this case number; both retained
02-01494,hearing,case_number_collision_kept,different document sharing this case number; both retained
02-01793,hearing,case_number_collision_kept,different document sharing this case number; both retained
02-02052,hearing,case_number_collision_kept,different document sharing this case number; both retained
02-02528,hearing,case_number_collision_kept,different document sharing this case number; both retained
02-03496,hearing,case_number_collision_kept,different document sharing this case number; both retained
02-04237,hearing,case_number_collision_kept,different document sharing this case number; both retained
02-04455,hearing,case_number_collision_kept,different document sharing this case number; both retained
02-04786,hearing,case_number_collision_kept,different document sharing this case number; both retained
02-05665,hearing,case_number_collision_kept,different document sharing this case number; both retained
02-06303,hearing,case_number_collision_kept,different document sharing this case number; both retained
02-06396,hearing,case_number_collision_kept,different document sharing this case number; both retained
02-08052,hearing,case_number_collision_kept,different document sharing this case number; both retained
02-09571,hearing,case_number_collision_kept,different document sharing this case number; both retained
02-10168,hearing,case_number_collision_kept,different document sharing this case number; both retained
02-10398,hearing,case_number_collision_kept,different document sharing this case number; both retained
02-11419,hearing,case_number_collision_kept,different document sharing this case number; both retained
02-15082,hearing,case_number_collision_kept,different document sharing this case number; both retained
02-17369,appeal,case_number_collision_kept,different document sharing this case number; both retained
02-18372,hearing,case_number_collision_kept,different document sharing this case number; both retained
02-20403,hearing,case_number_collision_kept,different document sharing this case number; both retained
02-21102,hearing,case_number_collision_kept,different document sharing this case number; both retained
02-24965,hearing,case_number_collision_kept,different document sharing this case number; both retained
02-26333,hearing,case_number_collision_kept,different document sharing this case number; both retained
02-17369,appeal,case_number_collision_kept,different document sharing this case number; both retained
06-15770,hearing,case_number_collision_kept,different document sharing this case number; both retained
10-04325,appeal,case_number_collision_kept,different document sharing this case number; both retained
00-0055,appeal,case_number_collision_kept,different document sharing this case number; both retained
01-02046,hearing,case_number_collision_kept,different document sharing this case number; both retained
01-02270,hearing,case_number_collision_kept,different document sharing this case number; both retained
01-12350,hearing,case_number_collision_kept,different document sharing this case number; both retained
01-12922,hearing,case_number_collision_kept,different document sharing this case number; both retained
01-13566,hearing,case_number_collision_kept,different document sharing this case number; both retained
01-15230,hearing,case_number_collision_kept,different document sharing this case number; both retained
01-15891,hearing,case_number_collision_kept,different document sharing this case number; both retained
01-17539,hearing,case_number_collision_kept,different document sharing this case number; both retained
01-17917,hearing,case_number_collision_kept,different document sharing this case number; both retained
01-18445,hearing,case_number_collision_kept,different document sharing this case number; both retained
01-18827,hearing,case_number_collision_kept,different document sharing this case number; both retained
01-20445,hearing,case_number_collision_kept,different document sharing this case number; both retained
01-20562,hearing,case_number_collision_kept,different document sharing this case number; both retained
01-21292,hearing,case_number_collision_kept,different document sharing this case number; both retained
01-21851,hearing,case_number_collision_kept,different document sharing this case number; both retained
01-22311,hearing,case_number_collision_kept,different document sharing this case number; both retained
01-22566,hearing,case_number_collision_kept,different document sharing this case number; both retained
01-22606,hearing,case_number_collision_kept,different document sharing this case number; both retained
01-24030,hearing,case_number_collision_kept,different document sharing this case number; both retained
01-24365,hearing,case_number_collision_kept,different document sharing this case number; both retained
01-24997,hearing,case_number_collision_kept,different document sharing this case number; both retained
01-25380,hearing,case_number_collision_kept,different document sharing this case number; both retained
01-25608,hearing,case_number_collision_kept,different document sharing this case number; both retained
01-27082,hearing,case_number_collision_kept,different document sharing this case number; both retained
01-26436,hearing,case_number_collision_kept,different document sharing this case number; both retained
02-01494,hearing,case_number_collision_kept,different document sharing this case number; both retained
02-01793,hearing,case_number_collision_kept,different document sharing this case number; both retained
02-02052,hearing,case_number_collision_kept,different document sharing this case number; both retained
02-02528,hearing,case_number_collision_kept,different document sharing this case number; both retained
02-03496,hearing,case_number_collision_kept,different document sharing this case number; both retained
02-04237,hearing,case_number_collision_kept,different document sharing this case number; both retained
02-04455,hearing,case_number_collision_kept,different document sharing this case number; both retained
02-04786,hearing,case_number_collision_kept,different document sharing this case number; both retained
02-05665,hearing,case_number_collision_kept,different document sharing this case number; both retained
02-06303,hearing,case_number_collision_kept,different document sharing this case number; both retained
02-06396,hearing,case_number_collision_kept,different document sharing this case number; both retained
02-08052,hearing,case_number_collision_kept,different document sharing this case number; both retained
02-09571,hearing,case_number_collision_kept,different document sharing this case number; both retained
02-10168,hearing,case_number_collision_kept,different document sharing this case number; both retained
02-10398,hearing,case_number_collision_kept,different document sharing this case number; both retained
02-11419,hearing,case_number_collision_kept,different document sharing this case number; both retained
02-15082,hearing,case_number_collision_kept,different document sharing this case number; both retained
02-18372,hearing,case_number_collision_kept,different document sharing this case number; both retained
06-15770,hearing,case_number_collision_kept,different document sharing this case number; both retained
02-20403,hearing,case_number_collision_kept,different document sharing this case number; both retained
02-21102,hearing,case_number_collision_kept,different document sharing this case number; both retained
02-24965,hearing,case_number_collision_kept,different document sharing this case number; both retained
02-26333,hearing,case_number_collision_kept,different document sharing this case number; both retained
14-05986,appeal,case_number_collision_kept,different document sharing this case number; both retained
15-02333,appeal,case_number_collision_kept,different document sharing this case number; both retained
15-07469,hearing,case_number_collision_kept,different document sharing this case number; both retained
16-02012,hearing,case_number_collision_kept,different document sharing this case number; both retained
12-09421,appeal,case_number_collision_kept,different document sharing this case number; both retained
16-01238,appeal,case_number_collision_kept,different document sharing this case number; both retained
15-07469,hearing,case_number_collision_kept,different document sharing this case number; both retained
16-02012,hearing,case_number_collision_kept,different document sharing this case number; both retained
17-01990,hearing,case_number_collision_kept,different document sharing this case number; both retained
17-03026,hearing,case_number_collision_kept,different document sharing this case number; both retained
17-03090,hearing,case_number_collision_kept,different document sharing this case number; both retained
17-03763,hearing,case_number_collision_kept,different document sharing this case number; both retained
17-03898,hearing,case_number_collision_kept,different document sharing this case number; both retained
17-03975,hearing,case_number_collision_kept,different document sharing this case number; both retained
17-04072,hearing,case_number_collision_kept,different document sharing this case number; both retained
17-04087,hearing,case_number_collision_kept,different document sharing this case number; both retained
17-04214,hearing,case_number_collision_kept,different document sharing this case number; both retained
18-00166,hearing,case_number_collision_kept,different document sharing this case number; both retained
18-00589,hearing,case_number_collision_kept,different document sharing this case number; both retained
18-01708,hearing,case_number_collision_kept,different document sharing this case number; both retained
12-09421,appeal,case_number_collision_kept,different document sharing this case number; both retained
16-01238,appeal,case_number_collision_kept,different document sharing this case number; both retained
17-01990,hearing,case_number_collision_kept,different document sharing this case number; both retained
17-03026,hearing,case_number_collision_kept,different document sharing this case number; both retained
17-03043,appeal,case_number_collision_kept,different document sharing this case number; both retained
17-03090,hearing,case_number_collision_kept,different document sharing this case number; both retained
17-03763,hearing,case_number_collision_kept,different document sharing this case number; both retained
17-03898,hearing,case_number_collision_kept,different document sharing this case number; both retained
17-03975,hearing,case_number_collision_kept,different document sharing this case number; both retained
17-04072,hearing,case_number_collision_kept,different document sharing this case number; both retained
17-04087,hearing,case_number_collision_kept,different document sharing this case number; both retained
17-04214,hearing,case_number_collision_kept,different document sharing this case number; both retained
18-00166,hearing,case_number_collision_kept,different document sharing this case number; both retained
18-00589,hearing,case_number_collision_kept,different document sharing this case number; both retained
18-01708,hearing,case_number_collision_kept,different document sharing this case number; both retained
17-03024,appeal,case_number_collision_kept,different document sharing this case number; both retained
17-03043,appeal,case_number_collision_kept,different document sharing this case number; both retained
19-00325,hearing,case_number_collision_kept,different document sharing this case number; both retained
19-01945,hearing,case_number_collision_kept,different document sharing this case number; both retained
17-03024,appeal,case_number_collision_kept,different document sharing this case number; both retained
19-00325,hearing,case_number_collision_kept,different document sharing this case number; both retained
19-01504,hearing,case_number_collision_kept,different document sharing this case number; both retained
19-01624,hearing,case_number_collision_kept,different document sharing this case number; both retained
19-01945,hearing,case_number_collision_kept,different document sharing this case number; both retained
20-00347,hearing,case_number_collision_kept,different document sharing this case number; both retained
19-01504,appeal,case_number_collision_kept,different document sharing this case number; both retained
19-03648,appeal,case_number_collision_kept,different document sharing this case number; both retained
19-01624,hearing,case_number_collision_kept,different document sharing this case number; both retained
19-01504,hearing,case_number_collision_kept,different document sharing this case number; both retained
19-03523,hearing,case_number_collision_kept,different document sharing this case number; both retained
19-03949,hearing,case_number_collision_kept,different document sharing this case number; both retained
20-00618,hearing,case_number_collision_kept,different document sharing this case number; both retained
20-02266,hearing,case_number_collision_kept,different document sharing this case number; both retained
21-00835,appeal,case_number_collision_kept,different document sharing this case number; both retained
21-01688,hearing,case_number_collision_kept,different document sharing this case number; both retained
23-02209,hearing,case_number_collision_kept,different document sharing this case number; both retained
24-00040,hearing,case_number_collision_kept,different document sharing this case number; both retained
23-02069,hearing,case_number_collision_kept,different document sharing this case number; both retained
19-01504,appeal,case_number_collision_kept,different document sharing this case number; both retained
19-03648,appeal,case_number_collision_kept,different document sharing this case number; both retained
20-02075,appeal,case_number_collision_kept,different document sharing this case number; both retained
21-00835,appeal,case_number_collision_kept,different document sharing this case number; both retained
19-03693,hearing,case_number_collision_kept,different document sharing this case number; both retained
19-03949,hearing,case_number_collision_kept,different document sharing this case number; both retained
20-00618,hearing,case_number_collision_kept,different document sharing this case number; both retained
20-02075,appeal,case_number_collision_kept,different document sharing this case number; both retained
20-02266,hearing,case_number_collision_kept,different document sharing this case number; both retained
21-01688,hearing,case_number_collision_kept,different document sharing this case number; both retained
21-02796,hearing,case_number_collision_kept,different document sharing this case number; both retained
22-00364,hearing,case_number_collision_kept,different document sharing this case number; both retained
22-01507,hearing,case_number_collision_kept,different document sharing this case number; both retained
22-02162,hearing,case_number_collision_kept,different document sharing this case number; both retained
22-02623,hearing,case_number_collision_kept,different document sharing this case number; both retained
23-00656,hearing,case_number_collision_kept,different document sharing this case number; both retained
19-03523,hearing,case_number_collision_kept,different document sharing this case number; both retained
20-00347,hearing,case_number_collision_kept,different document sharing this case number; both retained
19-03693,hearing,case_number_collision_kept,different document sharing this case number; both retained
21-02796,hearing,case_number_collision_kept,different document sharing this case number; both retained
22-00364,hearing,case_number_collision_kept,different document sharing this case number; both retained
22-01507,hearing,case_number_collision_kept,different document sharing this case number; both retained
22-02162,hearing,case_number_collision_kept,different document sharing this case number; both retained
22-02623,hearing,case_number_collision_kept,different document sharing this case number; both retained
23-00656,hearing,case_number_collision_kept,different document sharing this case number; both retained
23-02069,hearing,case_number_collision_kept,different document sharing this case number; both retained
23-02209,hearing,case_number_collision_kept,different document sharing this case number; both retained
24-00040,hearing,case_number_collision_kept,different document sharing this case number; both retained
23-01614,appeal,case_number_collision_kept,different document sharing this case number; both retained
23-01614,appeal,case_number_collision_kept,different document sharing this case number; both retained
